[
    {
        "user": "U06STR2NR",
        "type": "message",
        "subtype": "channel_join",
        "text": "<@U06STR2NR|kevin> has joined the channel",
        "ts": "1453859520.000002"
    },
    {
        "user": "U06STR2NR",
        "purpose": "CS 4379: Software Testing",
        "type": "message",
        "subtype": "channel_purpose",
        "text": "<@U06STR2NR|kevin> set the channel purpose: CS 4379: Software Testing",
        "ts": "1453859520.000003"
    },
    {
        "user": "U0KFL55AL",
        "inviter": "U06STR2NR",
        "type": "message",
        "subtype": "channel_join",
        "text": "<@U0KFL55AL|g.newton> has joined the channel",
        "ts": "1453860391.000004"
    }
]