[
    {
        "user": "U06STR2NR",
        "purpose": "Channel for CS 1428 and CS 2308. Chat with your classmates, arrange meetups, discuss assignments and assessments, and talk about anything directly related to Foundations I and II. DO NOT ASK FOR OTHERS' CODE. YOU WILL GET BANNED.",
        "type": "message",
        "subtype": "channel_purpose",
        "text": "<@U06STR2NR|kevin> set the channel purpose: Channel for CS 1428 and CS 2308. Chat with your classmates, arrange meetups, discuss assignments and assessments, and talk about anything directly related to Foundations I and II. DO NOT ASK FOR OTHERS' CODE. YOU WILL GET BANNED.",
        "ts": "1440473804.000002"
    }
]