[
    {
        "user": "U06STR2NR",
        "type": "message",
        "subtype": "channel_join",
        "text": "<@U06STR2NR|kevin> has joined the channel",
        "ts": "1435335472.000002"
    },
    {
        "user": "U06STR2NR",
        "purpose": "Channel for CS 1428 and CS 2308. Chat with your classmates, arrange meetups, discuss assignments and assessments, and talk about anything directly related to Foundations I and II.",
        "type": "message",
        "subtype": "channel_purpose",
        "text": "<@U06STR2NR|kevin> set the channel purpose: Channel for CS 1428 and CS 2308. Chat with your classmates, arrange meetups, discuss assignments and assessments, and talk about anything directly related to Foundations I and II.",
        "ts": "1435335472.000003"
    }
]