[
    {
        "user": "U2M75S2FQ",
        "text": "<@U2M75S2FQ|mark> has left the channel",
        "type": "message",
        "subtype": "channel_leave",
        "ts": "1485367011.000004"
    },
    {
        "type": "message",
        "user": "U2GQXV77G",
        "text": "Is this channel even active?",
        "ts": "1485384940.000005"
    },
    {
        "type": "message",
        "user": "U06STR2NR",
        "text": "It doesn't look like it. A lot of these channels are pretty slow.",
        "ts": "1485395635.000006"
    },
    {
        "type": "message",
        "user": "U06TD3AUW",
        "text": "Yea I'm planning on going to each classroom and writing the link on the board to hopefully add more people. This channel died due to the previous members moving up to data structures and what not and no new members joining. ",
        "ts": "1485395878.000007",
        "reactions": [
            {
                "name": "+1",
                "users": [
                    "U2GQXV77G"
                ],
                "count": 1
            }
        ]
    }
]