[
    {
        "user": "U06STR2NR",
        "type": "message",
        "subtype": "channel_join",
        "text": "<@U06STR2NR|kevin> has joined the channel",
        "ts": "1435335508.000002"
    },
    {
        "user": "U06STR2NR",
        "purpose": "CS 2318. Chat with your classmates, arrange meetups, discuss assignments and assessments, and talk about anything directly related to  Assembly programming.",
        "type": "message",
        "subtype": "channel_purpose",
        "text": "<@U06STR2NR|kevin> set the channel purpose: CS 2318. Chat with your classmates, arrange meetups, discuss assignments and assessments, and talk about anything directly related to  Assembly programming.",
        "ts": "1435335508.000003"
    }
]