[
    {
        "user": "U06STR2NR",
        "purpose": "CS 2318. Chat with your classmates, arrange meetups, discuss assignments and assessments, and talk about anything directly related to  Assembly programming. DO NOT ASK FOR OTHERS' CODE. YOU WILL GET BANNED.",
        "type": "message",
        "subtype": "channel_purpose",
        "text": "<@U06STR2NR|kevin> set the channel purpose: CS 2318. Chat with your classmates, arrange meetups, discuss assignments and assessments, and talk about anything directly related to  Assembly programming. DO NOT ASK FOR OTHERS' CODE. YOU WILL GET BANNED.",
        "ts": "1440473780.000002"
    }
]