[
    {
        "user": "U0JLR4C6Q",
        "type": "message",
        "subtype": "channel_join",
        "text": "<@U0JLR4C6Q|a_m725> has joined the channel",
        "ts": "1453052853.000002"
    },
    {
        "user": "U0JLX7LKY",
        "type": "message",
        "subtype": "channel_join",
        "text": "<@U0JLX7LKY|djcagle> has joined the channel",
        "ts": "1453053488.000003"
    },
    {
        "user": "U0JLW9BB6",
        "type": "message",
        "subtype": "channel_join",
        "text": "<@U0JLW9BB6|conner13> has joined the channel",
        "ts": "1453062904.540223"
    },
    {
        "user": "U0JM3427Q",
        "type": "message",
        "subtype": "channel_join",
        "text": "<@U0JM3427Q|d_a10> has joined the channel",
        "ts": "1453064906.551959"
    },
    {
        "user": "U0JM8P3F0",
        "type": "message",
        "subtype": "channel_join",
        "text": "<@U0JM8P3F0|nathan1324> has joined the channel",
        "ts": "1453075706.617279"
    },
    {
        "user": "U0JMBJ5M2",
        "type": "message",
        "subtype": "channel_join",
        "text": "<@U0JMBJ5M2|pokemonmegaman> has joined the channel",
        "ts": "1453089536.715195"
    },
    {
        "user": "U0JMJDERY",
        "type": "message",
        "subtype": "channel_join",
        "text": "<@U0JMJDERY|blakebordovsky> has joined the channel",
        "ts": "1453091621.000002"
    }
]