[
    {
        "type": "message",
        "user": "U06STR2NR",
        "text": "omg are you in Shroff's class",
        "ts": "1467822140.000002"
    },
    {
        "type": "message",
        "user": "U06TD3AUW",
        "text": "Yea the MWF one",
        "ts": "1467822160.000003"
    },
    {
        "type": "message",
        "user": "U06STR2NR",
        "text": "\/giphy bruh",
        "attachments": [
            {
                "fallback": "giphy: <http:\/\/giphy.com\/gifs\/6RXkMDpm1Qppu>",
                "image_url": "http:\/\/media4.giphy.com\/media\/6RXkMDpm1Qppu\/giphy.gif",
                "image_width": 466,
                "image_height": 350,
                "image_bytes": 1459398,
                "is_animated": true,
                "title": "bruh",
                "id": 1,
                "title_link": "http:\/\/giphy.com\/gifs\/6RXkMDpm1Qppu"
            }
        ],
        "ts": "1467822242.000004",
        "reactions": [
            {
                "name": "100",
                "users": [
                    "U06TD3AUW"
                ],
                "count": 1
            }
        ]
    },
    {
        "type": "message",
        "user": "U06TD3AUW",
        "text": "You too?",
        "ts": "1467822262.000005"
    },
    {
        "type": "message",
        "user": "U06STR2NR",
        "text": "yasss",
        "ts": "1467822355.000006"
    },
    {
        "type": "message",
        "user": "U06STR2NR",
        "text": "11:00-11:50 right? would he be doing two sessions?",
        "ts": "1467822410.000007"
    },
    {
        "type": "message",
        "user": "U06TD3AUW",
        "text": "Yea that's the one!",
        "ts": "1467822571.000008"
    },
    {
        "type": "message",
        "user": "U06TD3AUW",
        "text": "\/giphy partners!",
        "attachments": [
            {
                "fallback": "giphy: <http:\/\/giphy.com\/gifs\/jessica-partner-cediel-3W57saIRuqT72>",
                "image_url": "http:\/\/media.giphy.com\/media\/3W57saIRuqT72\/giphy-tumblr.gif",
                "image_width": 200,
                "image_height": 250,
                "image_bytes": 1812538,
                "is_animated": true,
                "title": "partners!",
                "id": 1,
                "title_link": "http:\/\/giphy.com\/gifs\/jessica-partner-cediel-3W57saIRuqT72"
            }
        ],
        "ts": "1467822577.000009",
        "reactions": [
            {
                "name": "party_parrot_shuffle",
                "users": [
                    "U0K96PWET"
                ],
                "count": 1
            }
        ]
    },
    {
        "type": "message",
        "user": "U06TD3AUW",
        "text": "I...guess that works",
        "ts": "1467822587.000010"
    },
    {
        "type": "message",
        "user": "U06TD3AUW",
        "text": "I hate giphy",
        "ts": "1467822592.000011"
    },
    {
        "type": "message",
        "user": "U06STR2NR",
        "text": "that's us!",
        "ts": "1467823157.000012"
    },
    {
        "type": "message",
        "user": "U06STR2NR",
        "text": "my friend Madeleine is in that class too. she's smart AF",
        "ts": "1467823172.000013"
    },
    {
        "type": "message",
        "user": "U06TD3AUW",
        "text": "lets try that again",
        "ts": "1467823362.000016"
    },
    {
        "type": "message",
        "user": "U06TD3AUW",
        "text": "sigh...",
        "ts": "1467823379.000019"
    },
    {
        "type": "message",
        "user": "U06TD3AUW",
        "text": "\/giphy smart girl",
        "attachments": [
            {
                "fallback": "giphy: <http:\/\/giphy.com\/gifs\/new-girl-fox-new-girl-ng-3o7abpRxulbURiJahy>",
                "image_url": "http:\/\/media4.giphy.com\/media\/3o7abpRxulbURiJahy\/giphy.gif",
                "image_width": 500,
                "image_height": 281,
                "image_bytes": 1331096,
                "is_animated": true,
                "title": "smart girl",
                "id": 1,
                "title_link": "http:\/\/giphy.com\/gifs\/new-girl-fox-new-girl-ng-3o7abpRxulbURiJahy"
            }
        ],
        "ts": "1467823386.000020"
    },
    {
        "type": "message",
        "user": "U06TD3AUW",
        "text": "whatever",
        "ts": "1467823391.000021"
    },
    {
        "type": "message",
        "user": "U06TD3AUW",
        "text": "lol",
        "ts": "1467823392.000022"
    },
    {
        "type": "message",
        "user": "U06TD3AUW",
        "text": "I'll take it",
        "ts": "1467823394.000023"
    },
    {
        "type": "message",
        "user": "U06TD3AUW",
        "text": "but anyways",
        "ts": "1467823398.000024"
    },
    {
        "type": "message",
        "user": "U06TD3AUW",
        "text": "Nice! We'll have to create a study group once the semester starts up",
        "ts": "1467823414.000025"
    },
    {
        "type": "message",
        "user": "U06TD3AUW",
        "text": "\/giphy study group",
        "attachments": [
            {
                "fallback": "giphy: <http:\/\/giphy.com\/gifs\/annie-edison-shirley-bennett-pierce-hawthorne-2AbzX97wjFy1i>",
                "image_url": "https:\/\/media4.giphy.com\/media\/2AbzX97wjFy1i\/giphy.gif",
                "image_width": 500,
                "image_height": 200,
                "image_bytes": 370490,
                "is_animated": true,
                "title": "study group",
                "id": 1,
                "title_link": "http:\/\/giphy.com\/gifs\/annie-edison-shirley-bennett-pierce-hawthorne-2AbzX97wjFy1i"
            }
        ],
        "ts": "1467823420.000026"
    },
    {
        "type": "message",
        "user": "U06TD3AUW",
        "text": "fuck yes",
        "ts": "1467823423.000027"
    },
    {
        "type": "message",
        "user": "U06TD3AUW",
        "text": "I love community",
        "ts": "1467823426.000028"
    }
]