[
    {
        "type": "message",
        "user": "U06TD3AUW",
        "text": "Have any of you negotiated pay before?",
        "ts": "1470972860.000002"
    },
    {
        "type": "message",
        "user": "U1B6UPLCU",
        "text": "couple of times. sometimes it works out to some benefit, sometimes corporate beaurcracy is nonnegotiable",
        "ts": "1470973370.000003"
    },
    {
        "type": "message",
        "user": "U1B6UPLCU",
        "text": "this with HD?",
        "ts": "1470973375.000004"
    },
    {
        "type": "message",
        "user": "U06TD3AUW",
        "text": "Yea, I got offered part time for the next year while attending school as well as a full time offer after graduation. I have read that it was common to negotiate your pay and to never just accept the base pay, but I always take what I read on the internet with a grain of salt. So I thought I'd ask you guys about your experience in that situation. Just casually bring it up and try to justify the increase? Or make sure you have some other offer ready to use as leverage? Or just ask and cross your fingers they say yes? lol",
        "ts": "1470976734.000005"
    },
    {
        "type": "message",
        "user": "U06TD3AUW",
        "text": "Also, I'm not jumping on HD just yet. Still want to throw my resume to the wind a bit and see what else I can pull in. So I don't even know if I should bother negotiating yet.",
        "ts": "1470976809.000006"
    }
]