[
    {
        "type": "message",
        "user": "U0KN45G2W",
        "text": "Yes they do, but she doesn’t cover everything in her lectures and her lectures can be difficult to follow",
        "ts": "1476369413.000297"
    },
    {
        "type": "message",
        "user": "U0KN45G2W",
        "text": "there’s a lot of content, so it’s understandable that she doesn’t cover all of it, but she’s not the most effective lecturer for larger classes",
        "ts": "1476369455.000298"
    },
    {
        "type": "message",
        "user": "U0KN45G2W",
        "text": "She really just goes along with a powerpoint and shows some example code",
        "ts": "1476369473.000299"
    },
    {
        "type": "message",
        "user": "U0KN45G2W",
        "text": "but if you go see her one on one, I think she is more effective",
        "ts": "1476369647.000300"
    },
    {
        "type": "message",
        "user": "U0LPKBHK2",
        "text": "I struggle to hear her as well as presenters. :rage: agree on that point where she is better be teaching smaller classes instead of larger ones. ",
        "ts": "1476369711.000301"
    },
    {
        "type": "message",
        "user": "U0KN45G2W",
        "text": "Yeah, I did as well, I can tell you that I spent a lot of her class time coding",
        "ts": "1476369833.000302"
    },
    {
        "type": "message",
        "user": "U0KN45G2W",
        "text": "You will learn a lot just from coding if you do it all yourself or pair with a good partner",
        "ts": "1476369863.000303"
    },
    {
        "type": "message",
        "user": "U0LPKBHK2",
        "text": "I'm taking databases with her. ",
        "ts": "1476376042.000304"
    },
    {
        "type": "message",
        "user": "U0KN45G2W",
        "text": "oh ok",
        "ts": "1476376088.000305"
    },
    {
        "type": "message",
        "user": "U0KN45G2W",
        "text": "probably tons better than Hwang",
        "ts": "1476376092.000306"
    },
    {
        "type": "message",
        "user": "U0KN45G2W",
        "text": "in fact, I know she is",
        "ts": "1476376099.000307"
    },
    {
        "type": "message",
        "user": "U0JLW9BB6",
        "text": "who isn’t better than Hwang?",
        "ts": "1476377717.000308"
    },
    {
        "type": "message",
        "user": "U0LPKBHK2",
        "text": ":joy:",
        "ts": "1476382480.000309"
    },
    {
        "type": "message",
        "user": "U0L7K1PB4",
        "text": "durett",
        "ts": "1476385584.000310"
    },
    {
        "type": "message",
        "user": "U0LPKBHK2",
        "text": "Hey durret is a nice ol man",
        "ts": "1476386375.000311"
    },
    {
        "type": "message",
        "user": "U0KR9J2HE",
        "text": ":thinking_face:",
        "ts": "1476386436.000312"
    },
    {
        "type": "message",
        "user": "U0KN45G2W",
        "text": "durret is a sexist old man who has no business teaching ethics",
        "ts": "1476386544.000313",
        "reactions": [
            {
                "name": "joy",
                "users": [
                    "U0KTJE2EM"
                ],
                "count": 1
            }
        ]
    },
    {
        "type": "message",
        "user": "U0L74J1CN",
        "text": "Until he goes on some rant about women :sad_parrot: ",
        "ts": "1476386551.000314"
    },
    {
        "type": "message",
        "user": "U0KN45G2W",
        "text": "that subject is far too important and it’s a shame he’s teaching it",
        "ts": "1476386595.000315"
    },
    {
        "type": "message",
        "user": "U0KR9J2HE",
        "text": "<@U0KN45G2W>: retweet",
        "ts": "1476386617.000316"
    },
    {
        "type": "message",
        "user": "U0L74J1CN",
        "text": "It would have been really interesting if we actually learned something",
        "ts": "1476386631.000317"
    },
    {
        "type": "message",
        "user": "U0L74J1CN",
        "text": "Like you know, ethics. Not whatever was hot in Fox news",
        "ts": "1476386662.000318"
    },
    {
        "type": "message",
        "user": "U0KR9J2HE",
        "text": "Also he has no idea what net neutrality is but still loved to rant about it being Obamacare for the Internet in my class",
        "ts": "1476386670.000319"
    },
    {
        "type": "message",
        "user": "U0KN45G2W",
        "text": "he railed against net neutrality",
        "ts": "1476386675.000320"
    },
    {
        "type": "message",
        "user": "U0KN45G2W",
        "text": "somewhat",
        "ts": "1476386679.000321"
    },
    {
        "type": "message",
        "user": "U0KN45G2W",
        "text": "didn’t really talk about why, just that it was bad",
        "ts": "1476386684.000322"
    },
    {
        "type": "message",
        "user": "U0KR9J2HE",
        "text": "He heard AM radio and Ted Cruz speak against it",
        "ts": "1476386704.000323"
    },
    {
        "type": "message",
        "user": "U0KR9J2HE",
        "text": "And decided he agreed although he has no idea what it means",
        "ts": "1476386726.000324"
    },
    {
        "type": "message",
        "user": "U0KN45G2W",
        "text": "yeah",
        "ts": "1476386734.000325"
    },
    {
        "type": "message",
        "user": "U2M75S2FQ",
        "text": "that's painful to read.",
        "edited": {
            "user": "U2M75S2FQ",
            "ts": "1476386837.000000"
        },
        "ts": "1476386796.000326"
    },
    {
        "type": "message",
        "user": "U0KR9J2HE",
        "text": "That's the only thing I've ever had an in-class argument with a professor about ",
        "edited": {
            "user": "U0KR9J2HE",
            "ts": "1476386812.000000"
        },
        "ts": "1476386800.000327"
    },
    {
        "type": "message",
        "user": "U0KN45G2W",
        "text": "He’s just an old man who doesn’t really recognize the world around him anymore",
        "ts": "1476386826.000329"
    },
    {
        "type": "message",
        "user": "U0KN45G2W",
        "text": "and it scares him",
        "ts": "1476386829.000330"
    },
    {
        "type": "message",
        "user": "U0KN45G2W",
        "text": "so he surrounds himself with an echo chamber and the cycle of confirmation bias continues",
        "ts": "1476386847.000332"
    },
    {
        "type": "message",
        "user": "U0KN45G2W",
        "text": "we all do it to an extent",
        "ts": "1476386852.000333"
    },
    {
        "type": "message",
        "user": "U0KN45G2W",
        "text": "but we aren’t teaching ethics",
        "ts": "1476386859.000334"
    },
    {
        "type": "message",
        "user": "U0L74J1CN",
        "text": "<#C06SU9EJX> getting deep",
        "ts": "1476386868.000335"
    },
    {
        "type": "message",
        "user": "U2M75S2FQ",
        "text": "filter bubbles! go net neutrality...",
        "ts": "1476386873.000336"
    },
    {
        "type": "message",
        "user": "U0KN45G2W",
        "text": "gotta get back to work, I always get distracted by exe slack :laughing:",
        "ts": "1476386902.000337"
    },
    {
        "type": "message",
        "user": "U0KR9J2HE",
        "text": "Some might consider being off task at work... unethical :smirk:",
        "ts": "1476387035.000338"
    },
    {
        "type": "message",
        "user": "U2M75S2FQ",
        "text": "we could probably develop an argument based off some stats from the internet that going off track a bit will increase efficiency overall thus providing a net gain to the company... therefore ethical",
        "ts": "1476387111.000339"
    },
    {
        "type": "message",
        "user": "U0KTJE2EM",
        "text": "ha nice!",
        "ts": "1476387138.000340"
    },
    {
        "type": "message",
        "user": "U0KR9J2HE",
        "text": ":+1:",
        "ts": "1476387193.000341"
    },
    {
        "type": "message",
        "user": "U0KN45G2W",
        "text": "<@U0KR9J2HE> lol they’d be right in my case",
        "ts": "1476387339.000342"
    },
    {
        "type": "message",
        "user": "U2M75S2FQ",
        "text": "Anyone here doing research for dr. Oleg?",
        "ts": "1476387732.000343"
    },
    {
        "type": "message",
        "user": "U0LPKBHK2",
        "text": ":hear_no_evil:",
        "ts": "1476391300.000344"
    },
    {
        "type": "message",
        "user": "U0MEFKFU7",
        "text": "what are some impressions of the unix programming? I want to teach myself the concepts but figured i would benefit from the structure of taking a class on it.",
        "ts": "1476392347.000347"
    },
    {
        "type": "message",
        "user": "U06TD3AUW",
        "text": "I am also interested in this ^",
        "ts": "1476392718.000348"
    },
    {
        "type": "message",
        "user": "U0JMBJ5M2",
        "text": "Isn't Unix programming just programming?  I'm confused by what \"Unix\" programming entails...",
        "ts": "1476395054.000349"
    },
    {
        "type": "message",
        "user": "U0JMBJ5M2",
        "text": "Unless it means kernel development, in which case that's cool as hell",
        "edited": {
            "user": "U0JMBJ5M2",
            "ts": "1476395100.000000"
        },
        "ts": "1476395082.000350"
    },
    {
        "type": "message",
        "subtype": "file_share",
        "text": "<@U06TD3AUW|jcflinn> uploaded a file: <https:\/\/txstatecs.slack.com\/files\/jcflinn\/F2P708EJJ\/waitingskeletoncomputerzoomed.jpg|waitingskeletoncomputerzoomed> and commented: Waiting on <@U0K9BSV5X> 's response like...",
        "file": {
            "id": "F2P708EJJ",
            "created": 1476398916,
            "timestamp": 1476398916,
            "name": "waitingskeletoncomputerzoomed.jpg",
            "title": "waitingskeletoncomputerzoomed",
            "mimetype": "image\/jpeg",
            "filetype": "jpg",
            "pretty_type": "JPEG",
            "user": "U06TD3AUW",
            "editable": false,
            "size": 64446,
            "mode": "hosted",
            "is_external": false,
            "external_type": "",
            "is_public": true,
            "public_url_shared": false,
            "display_as_bot": false,
            "username": "",
            "url_private": "https:\/\/files.slack.com\/files-pri\/T06STEZ2L-F2P708EJJ\/waitingskeletoncomputerzoomed.jpg?t=xoxe-6911509088-177219117537-177786475698-c3d3bb179c",
            "url_private_download": "https:\/\/files.slack.com\/files-pri\/T06STEZ2L-F2P708EJJ\/download\/waitingskeletoncomputerzoomed.jpg?t=xoxe-6911509088-177219117537-177786475698-c3d3bb179c",
            "thumb_64": "https:\/\/files.slack.com\/files-tmb\/T06STEZ2L-F2P708EJJ-7b82a5c9fb\/waitingskeletoncomputerzoomed_64.jpg?t=xoxe-6911509088-177219117537-177786475698-c3d3bb179c",
            "thumb_80": "https:\/\/files.slack.com\/files-tmb\/T06STEZ2L-F2P708EJJ-7b82a5c9fb\/waitingskeletoncomputerzoomed_80.jpg?t=xoxe-6911509088-177219117537-177786475698-c3d3bb179c",
            "thumb_360": "https:\/\/files.slack.com\/files-tmb\/T06STEZ2L-F2P708EJJ-7b82a5c9fb\/waitingskeletoncomputerzoomed_360.jpg?t=xoxe-6911509088-177219117537-177786475698-c3d3bb179c",
            "thumb_360_w": 360,
            "thumb_360_h": 198,
            "thumb_480": "https:\/\/files.slack.com\/files-tmb\/T06STEZ2L-F2P708EJJ-7b82a5c9fb\/waitingskeletoncomputerzoomed_480.jpg?t=xoxe-6911509088-177219117537-177786475698-c3d3bb179c",
            "thumb_480_w": 480,
            "thumb_480_h": 264,
            "thumb_160": "https:\/\/files.slack.com\/files-tmb\/T06STEZ2L-F2P708EJJ-7b82a5c9fb\/waitingskeletoncomputerzoomed_160.jpg?t=xoxe-6911509088-177219117537-177786475698-c3d3bb179c",
            "image_exif_rotation": 1,
            "original_w": 619,
            "original_h": 340,
            "permalink": "https:\/\/txstatecs.slack.com\/files\/jcflinn\/F2P708EJJ\/waitingskeletoncomputerzoomed.jpg",
            "permalink_public": "https:\/\/slack-files.com\/T06STEZ2L-F2P708EJJ-12b49c13d0",
            "channels": [
                "C06SU9EJX"
            ],
            "groups": [],
            "ims": [],
            "comments_count": 1,
            "initial_comment": {
                "id": "Fc2P708NF8",
                "created": 1476398916,
                "timestamp": 1476398916,
                "user": "U06TD3AUW",
                "is_intro": true,
                "comment": "Waiting on <@U0K9BSV5X> 's response like...",
                "channel": ""
            },
            "reactions": [
                {
                    "name": "sweat_smile",
                    "users": [
                        "U0K9BSV5X",
                        "U2E11AL3U"
                    ],
                    "count": 2
                }
            ]
        },
        "user": "U06TD3AUW",
        "upload": true,
        "display_as_bot": false,
        "username": "jcflinn",
        "bot_id": null,
        "ts": "1476398918.000352"
    },
    {
        "type": "message",
        "user": "U0K9BSV5X",
        "text": "I took the unix class last semester with Gu and I really enjoyed it. The hws and project forced me to practice it more, which sounds like what you’re looking for. The project was creating your own shell script and commands, which was kind of cool imo",
        "ts": "1476399044.000355",
        "reactions": [
            {
                "name": "ok_hand",
                "users": [
                    "U06TD3AUW"
                ],
                "count": 1
            },
            {
                "name": "+1",
                "users": [
                    "U2BQ62Z6G"
                ],
                "count": 1
            },
            {
                "name": "grinning",
                "users": [
                    "U0K96PWET"
                ],
                "count": 1
            }
        ]
    },
    {
        "type": "message",
        "user": "U0K9BSV5X",
        "text": "and I mean, coding a script for your own shell, to then run your coded commands in it, like myls and mycat",
        "ts": "1476399197.000356"
    },
    {
        "type": "message",
        "user": "U0K9BSV5X",
        "text": "for ls and cat",
        "ts": "1476399241.000357"
    },
    {
        "type": "message",
        "user": "U06TD3AUW",
        "text": "Sweet thanks I'm going to try to move into that class before it's too late",
        "ts": "1476399362.000358"
    },
    {
        "type": "message",
        "user": "U2E11AL3U",
        "text": "good prof too ",
        "ts": "1476399558.000359"
    },
    {
        "type": "message",
        "user": "U06TD3AUW",
        "text": "Unix is full :sad_parrot: ",
        "ts": "1476400236.000360",
        "reactions": [
            {
                "name": "broken_heart",
                "users": [
                    "U0L74J1CN"
                ],
                "count": 1
            }
        ]
    }
]