[
    {
        "type": "message",
        "user": "U06TD3AUW",
        "text": "Has anyone had Qasem for Architecture? Burtchur(?) no longer teaches it.",
        "edited": {
            "user": "U06TD3AUW",
            "ts": "1459893975.000000"
        },
        "ts": "1459893962.000002"
    },
    {
        "type": "message",
        "user": "U06STR2NR",
        "text": "Sorry Jason, not me. I have Molly O'Neil. She's really, really good. Challenging, but she equips you to handle it. I've learned a lot. ",
        "ts": "1459896475.000004"
    },
    {
        "type": "message",
        "user": "U0L7K1PB4",
        "text": "Aw geeze, Burtscher ditching comp architecture again? Lame",
        "ts": "1459901204.000005"
    }
]