[
    {
        "type": "message",
        "user": "U06TD3AUW",
        "text": "Unix, Security, or Networking?",
        "ts": "1475867611.000048"
    },
    {
        "type": "message",
        "user": "U0Q6DBY7Q",
        "text": "I took security last semester. It's a project class. Gu is pretty good, and it's a really interesting\/useful subject. ",
        "ts": "1475867797.000049",
        "reactions": [
            {
                "name": "ok_hand",
                "users": [
                    "U06TD3AUW"
                ],
                "count": 1
            }
        ]
    },
    {
        "type": "message",
        "user": "U06TD3AUW",
        "text": "Thanks!",
        "ts": "1475868043.000050"
    },
    {
        "type": "message",
        "user": "U06TD3AUW",
        "text": "For anyone taking operating systems, what exactly is the course work like?",
        "ts": "1475868060.000051"
    },
    {
        "type": "message",
        "user": "U0Q6DBY7Q",
        "text": "I'm taking os next semester!",
        "ts": "1475868081.000052"
    },
    {
        "type": "message",
        "user": "U0Q6DBY7Q",
        "text": "Btw I know we've talked about network side vs coding. Security was basically split down the middle. ",
        "ts": "1475868132.000053"
    },
    {
        "type": "message",
        "user": "U0L74J1CN",
        "text": "OS with who?\nI'm taking it now",
        "ts": "1475868276.000054"
    },
    {
        "type": "message",
        "user": "U06TD3AUW",
        "text": "zong",
        "ts": "1475868331.000055"
    },
    {
        "type": "message",
        "user": "U0L74J1CN",
        "text": "I have Chen and there is a programming assignment every ~3 weeks. I really like the subject so far and it goes hand in hand with parallel programming right now. ",
        "ts": "1475868482.000056"
    },
    {
        "type": "message",
        "user": "U06TD3AUW",
        "text": "what are the programming assignments done in? C? Assembly? Brainfuck?",
        "ts": "1475868528.000057"
    },
    {
        "type": "message",
        "user": "U0L74J1CN",
        "text": "We also code in C and make little scripts to handle linux commands",
        "ts": "1475868543.000058"
    },
    {
        "type": "message",
        "user": "U0L74J1CN",
        "text": "I wish Brain Fuck",
        "ts": "1475868550.000059"
    },
    {
        "type": "message",
        "user": "U0L74J1CN",
        "text": "That or LOLCODE",
        "ts": "1475868556.000060"
    },
    {
        "type": "message",
        "user": "U0L74J1CN",
        "text": "IM IN UR LOOP",
        "ts": "1475868611.000061"
    },
    {
        "type": "message",
        "user": "U06TD3AUW",
        "text": "CAN HAZ IOSTREAM",
        "ts": "1475868629.000062"
    },
    {
        "type": "message",
        "user": "U06TD3AUW",
        "text": "KTHXBYE",
        "ts": "1475868649.000063"
    },
    {
        "type": "message",
        "user": "U0L74J1CN",
        "text": "So cute &gt;.&lt;",
        "ts": "1475868663.000064"
    },
    {
        "type": "message",
        "user": "U0L74J1CN",
        "text": "And painful",
        "ts": "1475868678.000065"
    },
    {
        "type": "message",
        "user": "U0LFLCQ83",
        "text": "Has anyone taken embedded systems? Thoughts on it?",
        "ts": "1475869640.000066"
    },
    {
        "type": "message",
        "user": "U0LFLCQ83",
        "text": "Oh nvm lol it's a brand new course",
        "ts": "1475869772.000067"
    },
    {
        "type": "message",
        "user": "U0L74J1CN",
        "text": "It use to be a lab course but they got rid of the lab portion this semester or last semester.\nTaking it now but don't have too much of an opinion on it other than it is The Return of Assembly Part 3",
        "ts": "1475870000.000068"
    },
    {
        "type": "message",
        "user": "U0L7GN8HM",
        "text": "What was the return of assembly part 2?",
        "ts": "1475871040.000069"
    },
    {
        "type": "message",
        "user": "U0L74J1CN",
        "text": "There's Assembly, Architecture, Security, and Embedded Computer Systems\nI think there's another elective that handles it too",
        "ts": "1475871123.000070"
    },
    {
        "type": "message",
        "user": "U0LFLCQ83",
        "text": "I'm gonna take the whole saga, I love assembly",
        "ts": "1475871235.000071",
        "reactions": [
            {
                "name": "confusedparrot",
                "users": [
                    "U06TD3AUW",
                    "U0L74J1CN",
                    "U0LPKBHK2"
                ],
                "count": 3
            },
            {
                "name": "angry_eyes",
                "users": [
                    "U0L7K1PB4",
                    "U0LPKBHK2"
                ],
                "count": 2
            }
        ]
    },
    {
        "type": "message",
        "user": "U2KD3F2KT",
        "text": "Hey guys im trying to build by schedule for spring.. any good recommendations for who I should take for foundations II?",
        "ts": "1475871322.000072"
    },
    {
        "type": "message",
        "user": "U0LFLCQ83",
        "text": "If there's a section for Molly O'Neil, take her",
        "ts": "1475871343.000073"
    },
    {
        "type": "message",
        "user": "U2KD3F2KT",
        "text": "seems like seaman is full.. which makes no sense at all cause only seniors can register now?",
        "ts": "1475871373.000074"
    },
    {
        "type": "message",
        "user": "U0LFLCQ83",
        "text": "She's a fantastic proff, she's tough but you learn a lot",
        "ts": "1475871385.000075",
        "reactions": [
            {
                "name": "+1",
                "users": [
                    "U0LPKBHK2"
                ],
                "count": 1
            },
            {
                "name": "nerd_face",
                "users": [
                    "U0LPKBHK2"
                ],
                "count": 1
            }
        ]
    },
    {
        "type": "message",
        "user": "U2KD3F2KT",
        "text": "no.. there’s oleg, seaman, zare, and hwang",
        "ts": "1475871398.000076"
    },
    {
        "type": "message",
        "user": "U06TD3AUW",
        "text": "<@U0L74J1CN> Security uses assembly?? I'm trying to avoid it like the plauge",
        "ts": "1475871420.000077"
    },
    {
        "type": "message",
        "user": "U0L74J1CN",
        "text": "It's a tiny part i think. You should know a bit but it's not that stressed",
        "ts": "1475871458.000078"
    },
    {
        "type": "message",
        "user": "U0LFLCQ83",
        "text": "Embrace the low level, let your rage at impossible to debug code fuel you, make you stronger",
        "ts": "1475871499.000079",
        "reactions": [
            {
                "name": "donotwant",
                "users": [
                    "U06TD3AUW"
                ],
                "count": 1
            },
            {
                "name": "no_entry_sign",
                "users": [
                    "U06TD3AUW"
                ],
                "count": 1
            },
            {
                "name": "not_metal",
                "users": [
                    "U06TD3AUW",
                    "U0LPKBHK2"
                ],
                "count": 2
            }
        ]
    },
    {
        "type": "message",
        "user": "U0L74J1CN",
        "text": "And honor students and student workers get to resister so maybe that's why seaman is full",
        "ts": "1475871515.000080"
    },
    {
        "type": "message",
        "user": "U0L74J1CN",
        "text": "Register early*",
        "ts": "1475871532.000081"
    },
    {
        "type": "message",
        "user": "U2KD3F2KT",
        "text": "oh okay",
        "ts": "1475871690.000082"
    },
    {
        "type": "message",
        "user": "U0L7K1PB4",
        "text": "I signed up for security. More assembly? Get that nonsense out of here :angry_eyes: If only everyone recognized Python as the one true language...",
        "ts": "1475872921.000083",
        "reactions": [
            {
                "name": "python",
                "users": [
                    "U06TD3AUW",
                    "U0LPKCLLS"
                ],
                "count": 2
            },
            {
                "name": "gandalf",
                "users": [
                    "U06TD3AUW"
                ],
                "count": 1
            }
        ]
    },
    {
        "type": "message",
        "user": "U06TD3AUW",
        "text": "<@U0L74J1CN> what os does operating systems actually cover? Or is it a general course over operating systems as a whole?",
        "ts": "1475873556.000084"
    },
    {
        "type": "message",
        "user": "U0L74J1CN",
        "text": "Operating systems as a whole",
        "ts": "1475873719.000085",
        "reactions": [
            {
                "name": "sad_parrot",
                "users": [
                    "U06TD3AUW"
                ],
                "count": 1
            }
        ]
    },
    {
        "type": "message",
        "user": "U06TD3AUW",
        "text": "security it is",
        "ts": "1475873796.000086"
    },
    {
        "type": "message",
        "user": "U0L74J1CN",
        "text": "Lawl",
        "ts": "1475873899.000087"
    },
    {
        "type": "message",
        "user": "U06TD3AUW",
        "text": "anyone taken unix?",
        "ts": "1475873920.000088"
    },
    {
        "type": "message",
        "user": "U06TD3AUW",
        "text": "or networking?",
        "ts": "1475873924.000089"
    },
    {
        "type": "message",
        "user": "U06TD3AUW",
        "text": "How much lube do I need to buy?",
        "ts": "1475873931.000090",
        "reactions": [
            {
                "name": "finger_hole",
                "users": [
                    "U0Q6DBY7Q"
                ],
                "count": 1
            },
            {
                "name": "100",
                "users": [
                    "U0LPKBHK2"
                ],
                "count": 1
            }
        ]
    },
    {
        "type": "message",
        "user": "U0LFLCQ83",
        "text": "Taking networking now and it's not too bad, we haven't started projects yet though",
        "ts": "1475873992.000091"
    },
    {
        "type": "message",
        "user": "U06TD3AUW",
        "text": "Who are you taking?",
        "ts": "1475874031.000092"
    },
    {
        "type": "message",
        "user": "U06TD3AUW",
        "text": "<@U2KD3F2KT> : Does Seaman have a waitlist or is that full as well?",
        "ts": "1475874094.000093"
    },
    {
        "type": "message",
        "user": "U0LFLCQ83",
        "text": "Mina Guirguis, he has a really good lecture style, the class is like a conversation",
        "ts": "1475874176.000094"
    },
    {
        "type": "message",
        "user": "U06TD3AUW",
        "text": "nice",
        "ts": "1475874221.000095"
    },
    {
        "type": "message",
        "user": "U0Q6DBY7Q",
        "text": "I never did any assembly in security. ",
        "ts": "1475874255.000096"
    },
    {
        "type": "message",
        "user": "U06TD3AUW",
        "text": "professor dependent?",
        "ts": "1475874279.000097"
    },
    {
        "type": "message",
        "user": "U0L74J1CN",
        "text": "It's like a tiny portion of assembly xP like a specific exploit\nIt's not like you have to know much assembly. It's more about memory \nI am taking it with Gu though",
        "ts": "1475874363.000098"
    },
    {
        "type": "message",
        "user": "U06TD3AUW",
        "text": "<@U0LFLCQ83> are you taking networking in round rock?",
        "ts": "1475874401.000099"
    },
    {
        "type": "message",
        "user": "U0LFLCQ83",
        "text": "Nah I'm taking it in SM, m\/w",
        "ts": "1475874433.000100"
    },
    {
        "type": "message",
        "user": "U06TD3AUW",
        "text": "hmm, it seems to only be offered in round rock next semester",
        "ts": "1475874448.000101"
    },
    {
        "type": "message",
        "user": "U0L74J1CN",
        "text": ":( that's disappointing",
        "ts": "1475874488.000102"
    },
    {
        "type": "message",
        "user": "U0L74J1CN",
        "text": "Networking sounds so fun",
        "ts": "1475874495.000103"
    },
    {
        "type": "message",
        "user": "U0Q6DBY7Q",
        "text": "There are several classes that are only offered in Round Rock or video here. ",
        "ts": "1475874518.000104"
    },
    {
        "type": "message",
        "user": "U0Q6DBY7Q",
        "text": "No gracias",
        "ts": "1475874528.000105"
    },
    {
        "type": "message",
        "user": "U06TD3AUW",
        "text": "gross",
        "ts": "1475874536.000106"
    },
    {
        "type": "message",
        "user": "U2KD3F2KT",
        "text": "<@U06TD3AUW> not yet there’s only 2 people on it for now but it caps at 18 i think.",
        "ts": "1475874540.000107"
    },
    {
        "type": "message",
        "user": "U0LFLCQ83",
        "text": "Dang that sucks but it makes sense he's teaching a section there now too",
        "ts": "1475874552.000108"
    },
    {
        "type": "message",
        "user": "U0L74J1CN",
        "text": "1 hour drive for a class is no bueno",
        "ts": "1475874555.000109"
    },
    {
        "type": "message",
        "user": "U0L74J1CN",
        "text": "On top of whatever your commute to main campus us",
        "ts": "1475874573.000110"
    },
    {
        "type": "message",
        "user": "U06TD3AUW",
        "text": "<@U2KD3F2KT> I would join her waitlist. I'm not really partial to the other options",
        "ts": "1475874587.000111"
    },
    {
        "type": "message",
        "user": "U06TD3AUW",
        "text": "yea trying to cut back on commuting as much as possible",
        "ts": "1475874623.000112"
    },
    {
        "type": "message",
        "user": "U06TD3AUW",
        "text": "I already hate my commute to north austin for work 3 days a week",
        "ts": "1475874642.000113"
    },
    {
        "type": "message",
        "user": "U0LFLCQ83",
        "text": "plus austin traffic sucks no matter what",
        "ts": "1475874646.000114",
        "reactions": [
            {
                "name": "car",
                "users": [
                    "U06TD3AUW",
                    "U0Q6DBY7Q"
                ],
                "count": 2
            },
            {
                "name": "taxi",
                "users": [
                    "U06TD3AUW"
                ],
                "count": 1
            },
            {
                "name": "blue_car",
                "users": [
                    "U06TD3AUW"
                ],
                "count": 1
            },
            {
                "name": "racing_car",
                "users": [
                    "U06TD3AUW"
                ],
                "count": 1
            },
            {
                "name": "police_car",
                "users": [
                    "U06TD3AUW"
                ],
                "count": 1
            },
            {
                "name": "construction",
                "users": [
                    "U06TD3AUW"
                ],
                "count": 1
            },
            {
                "name": "building_construction",
                "users": [
                    "U06TD3AUW",
                    "U0Q6DBY7Q",
                    "U0LPKBHK2"
                ],
                "count": 3
            },
            {
                "name": "-1",
                "users": [
                    "U0LPKBHK2"
                ],
                "count": 1
            }
        ]
    },
    {
        "type": "message",
        "user": "U2KD3F2KT",
        "text": "i have to wait til monday to register though",
        "ts": "1475874663.000115",
        "reactions": [
            {
                "name": "feels",
                "users": [
                    "U06TD3AUW"
                ],
                "count": 1
            }
        ]
    },
    {
        "type": "message",
        "user": "U06TD3AUW",
        "text": "sad day",
        "ts": "1475874717.000116"
    },
    {
        "type": "message",
        "user": "U0LFLCQ83",
        "text": "<@U2KD3F2KT> we're in the same boat and I'm taking a bunch of senior level classes with no waitlist :disappointed:",
        "ts": "1475874726.000117"
    },
    {
        "type": "message",
        "user": "U0L74J1CN",
        "text": "Shameless recruitment here: if you still have a year or two or more left and have made an A in calculus, diff eq, history, chemistry, or bio, become a Supplemental Instruction Leader. It's an 8 hour per week job and you get registration on the first day. It's 3 hours after honors students. \nOr you could just join the honors college.",
        "ts": "1475874915.000118"
    },
    {
        "type": "message",
        "user": "U0L74J1CN",
        "text": "Also it pays like $9.00 an hour with a 25¢ raise every semester. Worth it if you just want a small part time job for pocket change",
        "ts": "1475874971.000119"
    },
    {
        "type": "message",
        "user": "U2KD3F2KT",
        "text": "where do i sign up <@U0L74J1CN> ?",
        "ts": "1475875049.000120"
    },
    {
        "type": "message",
        "user": "U0L74J1CN",
        "text": "Let me get you the application page?",
        "ts": "1475875060.000121"
    },
    {
        "type": "message",
        "user": "U0L74J1CN",
        "text": "!",
        "ts": "1475875061.000122"
    },
    {
        "type": "message",
        "user": "U2KD3F2KT",
        "text": "cool cool, thanks!",
        "ts": "1475875096.000123"
    },
    {
        "type": "message",
        "user": "U0L74J1CN",
        "text": "<http:\/\/www.txstate.edu\/slac\/suppinst\/employment\/application.html>\nI'm in my 3rd semester of SI and I love it! ",
        "ts": "1475875101.000124"
    },
    {
        "type": "message",
        "user": "U0LFLCQ83",
        "text": "I didn't make an A in calculus but I tutored it for 2 years and I have references",
        "ts": "1475875117.000125"
    },
    {
        "type": "message",
        "user": "U0LFLCQ83",
        "text": "Does that count? lol",
        "ts": "1475875127.000126"
    },
    {
        "type": "message",
        "user": "U0L74J1CN",
        "text": "No SIs must have a A :\/ it's a silly rule for people who have experience\nBut you can be a SLAC tutor",
        "ts": "1475875154.000127"
    },
    {
        "type": "message",
        "user": "U0L74J1CN",
        "text": "If you've made an A in both gem chem 1 and 2, you can SI for the chemistry for engineering majors.",
        "ts": "1475875202.000128"
    },
    {
        "type": "message",
        "user": "U0LFLCQ83",
        "text": "Yeah I've been looking at applying to be a SLAC tutor, do you know if they're in need at all for math tutors?",
        "ts": "1475875226.000129"
    },
    {
        "type": "message",
        "user": "U0L7K1PB4",
        "text": "I was an SI for ACC, it's a fun gig if you don't hate the subject, and makes you feel like a genius",
        "ts": "1475875240.000130"
    },
    {
        "type": "message",
        "user": "U0LFLCQ83",
        "text": "I made an A in chem 1 but a B in chem 2 :disappointed:",
        "ts": "1475875241.000131"
    },
    {
        "type": "message",
        "user": "U06TD3AUW",
        "text": "*More Shameless Recruitment Incoming:* If you received an A in Obj-Ori, Linear Alg, or Architecture, I'm looking for someone to do all my hw while I work for real money. I'm predicting roughly 20 hours a week worth of work (give or take 10). This position will not be paid, but there will be *_tacos_*. (should be enough said). \n\nDM me with your transcript and we can talk business.",
        "ts": "1475875270.000132",
        "reactions": [
            {
                "name": "money_mouth_face",
                "users": [
                    "U0L7K1PB4"
                ],
                "count": 1
            },
            {
                "name": "laughing",
                "users": [
                    "U06STR2NR",
                    "U0Q6DBY7Q",
                    "U0LPKBHK2"
                ],
                "count": 3
            },
            {
                "name": "+1",
                "users": [
                    "U0Q6DBY7Q",
                    "U0LPKBHK2"
                ],
                "count": 2
            }
        ]
    },
    {
        "type": "message",
        "user": "U0L74J1CN",
        "text": "SLAC tutoring is also really good with the same benefits and has more hours I think\nI unfortunately don't know what their numbers are like\nAnd I did the same chris! You can still SI for chem 1 like me",
        "ts": "1475875279.000133"
    },
    {
        "type": "message",
        "user": "U0L74J1CN",
        "text": "Oh my god Jason",
        "ts": "1475875302.000134",
        "reactions": [
            {
                "name": "taco",
                "users": [
                    "U06TD3AUW",
                    "U0Q6DBY7Q"
                ],
                "count": 2
            }
        ]
    },
    {
        "type": "message",
        "user": "U0L74J1CN",
        "text": "As far as I am aware, all of SLAC is a bit understaffed because a lot of people graduated, so you should be okay",
        "ts": "1475875336.000135"
    },
    {
        "type": "message",
        "user": "U2KD3F2KT",
        "text": "the A’s a made in calc and bio are from community college not txstate… would it still count or no?",
        "ts": "1475875380.000136"
    },
    {
        "type": "message",
        "user": "U0L74J1CN",
        "text": "Uhm... Not sure. i think you can talk to them about it",
        "ts": "1475875400.000137"
    },
    {
        "type": "message",
        "user": "U0L74J1CN",
        "text": "I think they do",
        "ts": "1475875407.000138"
    },
    {
        "type": "message",
        "user": "U0L74J1CN",
        "text": "Especially because we NEED SIs",
        "ts": "1475875415.000139"
    },
    {
        "type": "message",
        "user": "U0LFLCQ83",
        "text": "Sweet, I'll apply for it then!",
        "ts": "1475875429.000140"
    },
    {
        "type": "message",
        "user": "U0L74J1CN",
        "text": ":+1: :+1: :+1: ",
        "ts": "1475875433.000141"
    },
    {
        "type": "message",
        "user": "U2KD3F2KT",
        "text": "cool cool",
        "ts": "1475875450.000142"
    },
    {
        "type": "message",
        "user": "U0L74J1CN",
        "text": "I know someone was hired to SI for functional bio and she hadn't even taken it herself (but she had made As in higher level BIO courses) because we were hurting so much ",
        "ts": "1475875486.000143"
    },
    {
        "type": "message",
        "user": "U0K96PWET",
        "text": "<@U06TD3AUW> send me whoever you don’t hire. I am in the same predicament. Why must I keep schooling?",
        "ts": "1475876004.000144"
    },
    {
        "type": "message",
        "user": "U0K96PWET",
        "text": "I think you should just get a diploma as soon as you get a job offer",
        "ts": "1475876026.000145",
        "reactions": [
            {
                "name": "raised_hands",
                "users": [
                    "U06TD3AUW",
                    "U0Q6DBY7Q",
                    "U0LPKBHK2"
                ],
                "count": 3
            }
        ]
    },
    {
        "type": "message",
        "user": "U0K96PWET",
        "text": "kthanxbye",
        "ts": "1475876037.000146"
    },
    {
        "type": "message",
        "user": "U06TD3AUW",
        "text": "Right? Just let me walk, give me my piece of paper, so I can start making that real paper :dollar: :dollar: :dollar: :dollar:",
        "ts": "1475876145.000147",
        "reactions": [
            {
                "name": "snoop_dancing",
                "users": [
                    "U0Q6DBY7Q"
                ],
                "count": 1
            }
        ]
    },
    {
        "type": "message",
        "user": "U2KD3F2KT",
        "text": "Hey <@U0L74J1CN> do I use you as a reference ?",
        "ts": "1475876849.000148"
    },
    {
        "type": "message",
        "user": "U0L74J1CN",
        "text": "If you want! Go ahead",
        "ts": "1475877023.000149"
    },
    {
        "type": "message",
        "user": "U0L74J1CN",
        "text": "But you can use professors, bosses, etc etc",
        "ts": "1475877063.000150"
    },
    {
        "type": "message",
        "user": "U0L74J1CN",
        "text": "Dr. Seaman and Dr. Lehr were my references",
        "ts": "1475877089.000151"
    },
    {
        "type": "message",
        "user": "U2KD3F2KT",
        "text": "the application says that I need two references within the department",
        "ts": "1475877116.000152"
    },
    {
        "type": "message",
        "user": "U0Q6DBY7Q",
        "text": "I heard all the cool kids tutor at the math lab...just saying",
        "ts": "1475877144.000153"
    },
    {
        "type": "message",
        "user": "U2KD3F2KT",
        "text": "oh … im still “fresh” here at txstate so i have no such connections",
        "ts": "1475877144.000154"
    },
    {
        "type": "message",
        "user": "U06TD3AUW",
        "text": "just say you know me.",
        "ts": "1475877185.000155"
    },
    {
        "type": "message",
        "user": "U06TD3AUW",
        "text": "instant hire",
        "ts": "1475877186.000156",
        "reactions": [
            {
                "name": "face_with_rolling_eyes",
                "users": [
                    "U0Q6DBY7Q",
                    "U0LPKBHK2"
                ],
                "count": 2
            },
            {
                "name": "joy",
                "users": [
                    "U0LPKBHK2"
                ],
                "count": 1
            },
            {
                "name": "+1",
                "users": [
                    "U0LPKBHK2"
                ],
                "count": 1
            }
        ]
    },
    {
        "type": "message",
        "user": "U0L74J1CN",
        "text": "Oh there's the math lab too\nBut that isn't associated with SLAC so *blehh* &lt;3\nAnd alright, you can put me! And who ever else",
        "ts": "1475877197.000157"
    },
    {
        "type": "message",
        "user": "U2KD3F2KT",
        "text": "okay",
        "ts": "1475877211.000158"
    },
    {
        "type": "message",
        "user": "U0L74J1CN",
        "text": "Like Jason",
        "ts": "1475877211.000159"
    },
    {
        "type": "message",
        "user": "U0Q6DBY7Q",
        "text": "Exe + slack = connections",
        "ts": "1475877243.000160",
        "reactions": [
            {
                "name": "handshake",
                "users": [
                    "U06TD3AUW"
                ],
                "count": 1
            }
        ]
    },
    {
        "type": "message",
        "user": "U06TD3AUW",
        "text": "(Don't really put me. They don't like me there)",
        "ts": "1475877268.000161",
        "reactions": [
            {
                "name": "joy",
                "users": [
                    "U0Q6DBY7Q"
                ],
                "count": 1
            },
            {
                "name": "sad_parrot",
                "users": [
                    "U0Q6DBY7Q"
                ],
                "count": 1
            }
        ]
    },
    {
        "type": "message",
        "user": "U2KD3F2KT",
        "text": "can i have your email, please :grin:",
        "ts": "1475877304.000162"
    },
    {
        "type": "message",
        "user": "U0L74J1CN",
        "text": "<mailto:mlf96@txstate.edu|mlf96@txstate.edu>",
        "ts": "1475877325.000163"
    },
    {
        "type": "message",
        "user": "U0L74J1CN",
        "text": "What did you do Jason",
        "ts": "1475877333.000164"
    },
    {
        "type": "message",
        "user": "U0L74J1CN",
        "text": "Did you punch an SI\nAre you that kid",
        "ts": "1475877340.000165"
    },
    {
        "type": "message",
        "user": "U06TD3AUW",
        "text": "<mailto:milf96@txstate.edu|milf96@txstate.edu>",
        "ts": "1475877341.000166"
    },
    {
        "type": "message",
        "user": "U0L74J1CN",
        "text": "NOOOOO",
        "ts": "1475877348.000167",
        "reactions": [
            {
                "name": "information_desk_person",
                "users": [
                    "U06TD3AUW"
                ],
                "count": 1
            }
        ]
    },
    {
        "type": "message",
        "user": "U0K96PWET",
        "text": "bahahahaha",
        "ts": "1475877361.000168"
    },
    {
        "type": "message",
        "user": "U0L74J1CN",
        "text": "i am choking on my own spit from laughing",
        "ts": "1475877374.000169"
    },
    {
        "type": "message",
        "user": "U0L74J1CN",
        "text": "You're the ONLY person who has actually gone through with the joke.",
        "ts": "1475877392.000170"
    },
    {
        "type": "message",
        "user": "U0Q6DBY7Q",
        "text": "<@U0K96PWET>: <@U06TD3AUW> it's sooooo hard to be motivated!",
        "ts": "1475877393.000171"
    },
    {
        "type": "message",
        "user": "U0Q6DBY7Q",
        "text": "I'm ready to be done done. ",
        "ts": "1475877436.000172"
    },
    {
        "type": "message",
        "user": "U0K96PWET",
        "text": "I have senioritis hard-core",
        "ts": "1475877440.000173"
    },
    {
        "type": "message",
        "user": "U06TD3AUW",
        "text": "I have super-senioritis",
        "ts": "1475877450.000174"
    },
    {
        "type": "message",
        "user": "U0L74J1CN",
        "text": "Same here. Like do I even care about my GPA anymore",
        "ts": "1475877465.000175",
        "reactions": [
            {
                "name": "bfno",
                "users": [
                    "U06TD3AUW"
                ],
                "count": 1
            },
            {
                "name": "no_good",
                "users": [
                    "U06TD3AUW"
                ],
                "count": 1
            },
            {
                "name": "deal_with_it_parrot",
                "users": [
                    "U0Q6DBY7Q"
                ],
                "count": 1
            }
        ]
    },
    {
        "type": "message",
        "user": "U0K96PWET",
        "text": "I have super-duper-senioritis",
        "ts": "1475877465.000176"
    },
    {
        "type": "message",
        "user": "U0Q6DBY7Q",
        "text": "I have second degree senioritis",
        "ts": "1475877476.000177",
        "reactions": [
            {
                "name": "joy",
                "users": [
                    "U06TD3AUW",
                    "U0LPKBHK2"
                ],
                "count": 2
            }
        ]
    },
    {
        "type": "message",
        "user": "U2KD3F2KT",
        "text": "90% done with the application and  I see that they want two references (with their name, email, and phone number) all things I dont have, and its a requirement so i cant submit the application :derp:",
        "ts": "1475877522.000178"
    },
    {
        "type": "message",
        "user": "U0Q6DBY7Q",
        "text": "Like a second degree burn but also like can I plz be done with school? So many years in school lol",
        "ts": "1475877537.000179"
    },
    {
        "type": "message",
        "user": "U0L74J1CN",
        "text": "Jason is big on the reactions.\nAnd you have me, and just email a professor you've had that likes you or past bosses. ",
        "ts": "1475877556.000180",
        "reactions": [
            {
                "name": "doge",
                "users": [
                    "U0Q6DBY7Q"
                ],
                "count": 1
            },
            {
                "name": "evil",
                "users": [
                    "U06TD3AUW"
                ],
                "count": 1
            },
            {
                "name": "all_the_things",
                "users": [
                    "U06TD3AUW",
                    "U0Q6DBY7Q"
                ],
                "count": 2
            }
        ]
    },
    {
        "type": "message",
        "user": "U0L74J1CN",
        "text": "I forgot about the references section, sorry! I should have warned you haha",
        "ts": "1475877572.000181"
    },
    {
        "type": "message",
        "user": "U0Q6DBY7Q",
        "text": "I have zero fucks left to give. ",
        "ts": "1475877610.000182",
        "reactions": [
            {
                "name": "zero",
                "users": [
                    "U06TD3AUW",
                    "U0LPKBHK2"
                ],
                "count": 2
            },
            {
                "name": "joy",
                "users": [
                    "U0LPKBHK2"
                ],
                "count": 1
            },
            {
                "name": "+1",
                "users": [
                    "U0LPKBHK2"
                ],
                "count": 1
            },
            {
                "name": "clap",
                "users": [
                    "U0LPKBHK2"
                ],
                "count": 1
            }
        ]
    },
    {
        "type": "message",
        "user": "U0Q6DBY7Q",
        "text": "I feel like if you have a job offer you should just be done lol",
        "ts": "1475877636.000183"
    },
    {
        "type": "message",
        "user": "U0Q6DBY7Q",
        "text": "Fuller out. ",
        "ts": "1475877650.000184",
        "reactions": [
            {
                "name": "v",
                "users": [
                    "U06TD3AUW"
                ],
                "count": 1
            }
        ]
    },
    {
        "type": "message",
        "user": "U2KD3F2KT",
        "text": "can I have your number now, and you’re in the math department right?",
        "ts": "1475877664.000185"
    },
    {
        "type": "message",
        "user": "U0L74J1CN",
        "text": "I am a Chemistry SI actually. ",
        "ts": "1475877680.000186"
    },
    {
        "type": "message",
        "user": "U0L74J1CN",
        "text": "4093303037\nFeel free to text me shit people",
        "ts": "1475877700.000187",
        "reactions": [
            {
                "name": "smiling_imp",
                "users": [
                    "U06TD3AUW",
                    "U0Q6DBY7Q"
                ],
                "count": 2
            },
            {
                "name": "phone",
                "users": [
                    "U0Q6DBY7Q"
                ],
                "count": 1
            },
            {
                "name": "joy",
                "users": [
                    "U0LPKBHK2"
                ],
                "count": 1
            },
            {
                "name": "ice_cream_parrot",
                "users": [
                    "U0LPKBHK2"
                ],
                "count": 1
            }
        ]
    },
    {
        "type": "message",
        "user": "U0Q6DBY7Q",
        "text": "Michelle is typing fast",
        "ts": "1475877700.000188",
        "reactions": [
            {
                "name": "joy",
                "users": [
                    "U06TD3AUW"
                ],
                "count": 1
            }
        ]
    },
    {
        "type": "message",
        "user": "U0L74J1CN",
        "text": "Oh my god",
        "ts": "1475877705.000189",
        "reactions": [
            {
                "name": "gasp",
                "users": [
                    "U0Q6DBY7Q"
                ],
                "count": 1
            }
        ]
    },
    {
        "type": "message",
        "user": "U0Q6DBY7Q",
        "text": "I see it and I love it",
        "ts": "1475877719.000190"
    },
    {
        "type": "message",
        "user": "U2KD3F2KT",
        "text": "lol",
        "ts": "1475877724.000191"
    },
    {
        "type": "message",
        "user": "U2KD3F2KT",
        "text": "thank you!",
        "ts": "1475877726.000192"
    },
    {
        "type": "message",
        "user": "U0L74J1CN",
        "text": ":+1: ",
        "ts": "1475877729.000193"
    },
    {
        "type": "message",
        "user": "U2KD3F2KT",
        "text": "please act like you know me if they contact you :relieved:",
        "ts": "1475877748.000194"
    },
    {
        "type": "message",
        "user": "U0L74J1CN",
        "text": "Good luck with the other reference! I would recommend trying to contact your bio or math professor. And of course I will!",
        "ts": "1475877759.000195"
    },
    {
        "type": "message",
        "user": "U0K96PWET",
        "text": "<@U0L74J1CN> and <@U0Q6DBY7Q>  Yup me either. GPA = *G*reat *P*ale *A*le",
        "ts": "1475877767.000196",
        "reactions": [
            {
                "name": "beers",
                "users": [
                    "U0L74J1CN",
                    "U0Q6DBY7Q",
                    "U0L7K1PB4",
                    "U0LPKBHK2"
                ],
                "count": 4
            }
        ]
    },
    {
        "type": "message",
        "user": "U2KD3F2KT",
        "text": "cool cool",
        "ts": "1475877803.000197"
    },
    {
        "type": "message",
        "user": "U06TD3AUW",
        "text": "GPA = *G*uisada *P*astor *A*sada",
        "ts": "1475877818.000198",
        "reactions": [
            {
                "name": "taco",
                "users": [
                    "U0K96PWET",
                    "U0Q6DBY7Q",
                    "U0L74J1CN",
                    "U0LPKBHK2"
                ],
                "count": 4
            }
        ]
    },
    {
        "type": "message",
        "user": "U0Q6DBY7Q",
        "text": "<@U06TD3AUW>: you're steadily becoming known as the guy who loves tacos",
        "ts": "1475877876.000199"
    },
    {
        "type": "message",
        "user": "U06TD3AUW",
        "text": "I'm ok with this.",
        "ts": "1475877893.000200"
    },
    {
        "type": "message",
        "user": "U0Q6DBY7Q",
        "text": "\/giphy true love",
        "attachments": [
            {
                "fallback": "giphy: <http:\/\/giphy.com\/gifs\/love-kiss-kissing-AOa3xz03AH4kg>",
                "image_url": "http:\/\/media1.giphy.com\/media\/AOa3xz03AH4kg\/giphy.gif",
                "image_width": 500,
                "image_height": 377,
                "image_bytes": 510252,
                "is_animated": true,
                "title": "true love",
                "id": 1,
                "title_link": "http:\/\/giphy.com\/gifs\/love-kiss-kissing-AOa3xz03AH4kg"
            }
        ],
        "ts": "1475877895.000201"
    },
    {
        "type": "message",
        "user": "U06TD3AUW",
        "text": ":taco:",
        "ts": "1475877901.000202"
    },
    {
        "type": "message",
        "user": "U0K96PWET",
        "text": "He’s achieved his sole mission in life",
        "ts": "1475877902.000203"
    },
    {
        "type": "message",
        "user": "U0L74J1CN",
        "text": "\/giphy taco lover",
        "attachments": [
            {
                "fallback": "giphy: <http:\/\/giphy.com\/gifs\/tacos-10wtUWPq0MgKfC>",
                "image_url": "http:\/\/media4.giphy.com\/media\/10wtUWPq0MgKfC\/giphy.gif",
                "image_width": 300,
                "image_height": 159,
                "image_bytes": 456639,
                "is_animated": true,
                "title": "taco lover",
                "id": 1,
                "title_link": "http:\/\/giphy.com\/gifs\/tacos-10wtUWPq0MgKfC"
            }
        ],
        "ts": "1475877904.000204"
    },
    {
        "type": "message",
        "user": "U06TD3AUW",
        "text": "me_irl",
        "ts": "1475877912.000205"
    },
    {
        "type": "message",
        "user": "U0Q6DBY7Q",
        "text": "#goals",
        "ts": "1475877913.000206"
    },
    {
        "type": "message",
        "user": "U0Q6DBY7Q",
        "text": "#TacoGoals",
        "ts": "1475877935.000207"
    },
    {
        "type": "message",
        "user": "U0K96PWET",
        "text": "Like, I wanna know who saw harry potter and thought, “Hey, you know what this would go well with?\"",
        "ts": "1475877951.000208",
        "reactions": [
            {
                "name": "confusedparrot",
                "users": [
                    "U0Q6DBY7Q"
                ],
                "count": 1
            }
        ]
    },
    {
        "type": "message",
        "user": "U06TD3AUW",
        "text": "<@U0K96PWET> tacos go well with everything",
        "ts": "1475878001.000211"
    },
    {
        "type": "message",
        "user": "U06TD3AUW",
        "text": "\/gif taco lover",
        "ts": "1475878008.000212"
    },
    {
        "text": "",
        "bot_id": "B2A9URYCQ",
        "attachments": [
            {
                "fallback": "<https:\/\/media.giphy.com\/media\/xTiTnuTiLmCaC3WlTW\/giphy.gif>",
                "image_url": "https:\/\/media.giphy.com\/media\/xTiTnuTiLmCaC3WlTW\/giphy.gif",
                "image_width": 435,
                "image_height": 435,
                "image_bytes": 54866,
                "is_animated": true,
                "id": 1
            }
        ],
        "type": "message",
        "subtype": "bot_message",
        "ts": "1475878009.000213"
    },
    {
        "type": "message",
        "user": "U06TD3AUW",
        "text": "#wifematerial",
        "ts": "1475878017.000214",
        "reactions": [
            {
                "name": "heart",
                "users": [
                    "U0Q6DBY7Q"
                ],
                "count": 1
            },
            {
                "name": "ring",
                "users": [
                    "U0Q6DBY7Q"
                ],
                "count": 1
            },
            {
                "name": "joy",
                "users": [
                    "U0LPKBHK2"
                ],
                "count": 1
            }
        ]
    },
    {
        "type": "message",
        "user": "U06TD3AUW",
        "text": "#putaringonit",
        "ts": "1475878028.000215"
    },
    {
        "type": "message",
        "user": "U0K96PWET",
        "text": "That’s indisputable; I mean the Christian Bale clip",
        "ts": "1475878031.000216"
    },
    {
        "type": "message",
        "user": "U0Q6DBY7Q",
        "text": "That's totally Jason's dream girl",
        "ts": "1475878057.000217"
    },
    {
        "type": "message",
        "user": "U0Q6DBY7Q",
        "text": "Part woman. Part taco. ",
        "ts": "1475878075.000218"
    },
    {
        "type": "message",
        "user": "U0LFLCQ83",
        "text": "What are the chances that if I beg 3 teachers to get me overridden into their sections I'll actually get into all 3?",
        "ts": "1475878201.000219"
    },
    {
        "type": "message",
        "user": "U06TD3AUW",
        "text": "somewhere between 100% and 0%",
        "ts": "1475878264.000220",
        "reactions": [
            {
                "name": "heavy_check_mark",
                "users": [
                    "U0Q6DBY7Q"
                ],
                "count": 1
            }
        ]
    },
    {
        "type": "message",
        "user": "U0LFLCQ83",
        "text": "Close enough",
        "ts": "1475878276.000221"
    },
    {
        "type": "message",
        "user": "U06TD3AUW",
        "text": "can professors control the roster like that?",
        "ts": "1475878289.000222"
    },
    {
        "type": "message",
        "user": "U06TD3AUW",
        "text": "I thought that was just the advisor",
        "ts": "1475878301.000223"
    },
    {
        "type": "message",
        "user": "U06TD3AUW",
        "text": "like Yvette",
        "ts": "1475878305.000224"
    },
    {
        "type": "message",
        "user": "U06TD3AUW",
        "text": "(bless that woman)",
        "ts": "1475878314.000225",
        "reactions": [
            {
                "name": "raised_hands",
                "users": [
                    "U0Q6DBY7Q",
                    "U0LPKBHK2"
                ],
                "count": 2
            },
            {
                "name": "clap",
                "users": [
                    "U0LPKBHK2"
                ],
                "count": 1
            }
        ]
    },
    {
        "type": "message",
        "user": "U0Q6DBY7Q",
        "text": "I control it. ",
        "ts": "1475878334.000226"
    },
    {
        "type": "message",
        "user": "U0LFLCQ83",
        "text": "That's a really good question maybe I should go beg an advisor",
        "ts": "1475878476.000227"
    },
    {
        "type": "message",
        "user": "U0Q6DBY7Q",
        "text": "For sure talk to Yvette ",
        "ts": "1475878527.000228"
    },
    {
        "type": "message",
        "user": "U0LFLCQ83",
        "text": "Is she the CS advisor?",
        "ts": "1475878561.000229"
    },
    {
        "type": "message",
        "user": "U06TD3AUW",
        "text": "For most CS students, yes.",
        "ts": "1475878579.000230"
    },
    {
        "type": "message",
        "user": "U06TD3AUW",
        "text": "She has done things with my degree audit that was nothing short of black magic",
        "ts": "1475878642.000231"
    },
    {
        "type": "message",
        "user": "U0LFLCQ83",
        "text": "I talked to Paige Peschong and she found a class I took 6 years ago in highschool that counted for credit towards an intensive writing class I didn't even know I had to take",
        "ts": "1475878709.000232"
    },
    {
        "type": "message",
        "user": "U0L74J1CN",
        "text": "She is a beautiful woman\nI went in about to panic thinking I wasn't going to graduate because the classes I needed weren't being offered this semester.\nShe was like \"oh nah, we changed it. Here's what you can take. CONGRATULATIONS YOU GET TO GRADUATE\"",
        "ts": "1475878735.000233"
    },
    {
        "type": "message",
        "user": "U06TD3AUW",
        "text": "Hey! She was my advisor my first semester here.",
        "ts": "1475878740.000234"
    },
    {
        "type": "message",
        "user": "U0LFLCQ83",
        "text": "Welp, sounds like I'm gonna go beg her to put me in these 3 classes",
        "ts": "1475878788.000235",
        "reactions": [
            {
                "name": "pray",
                "users": [
                    "U06TD3AUW",
                    "U0Q6DBY7Q"
                ],
                "count": 2
            }
        ]
    },
    {
        "type": "message",
        "user": "U06TD3AUW",
        "text": "Yvette saw that I had one more science course with a lab to take and was like, \"wouldn't it be easier if you didn't have to take Geo 2 + lab\/Chem 2 + lab? *works black magic that would shame Voldemort* There! Now you just have to take an Astronomy lab without the lecture instead!\"",
        "ts": "1475878855.000236",
        "reactions": [
            {
                "name": "magic2",
                "users": [
                    "U0Q6DBY7Q"
                ],
                "count": 1
            }
        ]
    },
    {
        "type": "message",
        "user": "U0LFLCQ83",
        "text": "Went to make an appt and she doesn't have any available :disappointed: I'll wait, sounds worth it",
        "ts": "1475878921.000237"
    },
    {
        "type": "message",
        "user": "U06TD3AUW",
        "text": "I would still sign up for what you can _just in case_ then see what she can mend in her meeting",
        "ts": "1475878999.000238"
    },
    {
        "type": "message",
        "user": "U0LFLCQ83",
        "text": "Yeah that's what I'm doing just in case, wait listing the class that I can, and praying that I get into the classes I need",
        "ts": "1475879058.000239"
    },
    {
        "type": "message",
        "user": "U0LFLCQ83",
        "text": "also waitlisting* not just waitlisting",
        "ts": "1475879084.000240"
    },
    {
        "type": "message",
        "user": "U06TD3AUW",
        "text": ":pray:",
        "ts": "1475879084.000241"
    },
    {
        "type": "message",
        "user": "U06TD3AUW",
        "text": "May the bits be ever in your favor",
        "ts": "1475879102.000242",
        "reactions": [
            {
                "name": "doge",
                "users": [
                    "U0Q6DBY7Q"
                ],
                "count": 1
            }
        ]
    }
]