[
    {
        "type": "message",
        "user": "U0JLW9BB6",
        "text": "I took Unix last semester with Dr Gu as well and it was a great class. He uses Unix\/Linux interchangeably, so you could think of it as Linux programming. The bash scripting we did in the first part of the class has been very helpful in my job.",
        "ts": "1476455032.000361"
    },
    {
        "type": "message",
        "user": "U06TD3AUW",
        "text": "<@U0JLW9BB6> that's the exact reason I want to take it :\/ I use it heavily at my job so extra knowledge would benefit me greatly",
        "ts": "1476471207.000362"
    },
    {
        "user": "U2PNDL4GZ",
        "text": "<@U2PNDL4GZ|dvf5> has joined the channel",
        "type": "message",
        "subtype": "channel_join",
        "ts": "1476490379.000363"
    }
]