[
    {
        "user": "U2A435H3M",
        "text": "<@U2A435H3M|raf84> has joined the channel",
        "type": "message",
        "subtype": "channel_join",
        "ts": "1473452225.000014"
    },
    {
        "user": "U2A7YB3M0",
        "text": "<@U2A7YB3M0|lg1336> has joined the channel",
        "type": "message",
        "subtype": "channel_join",
        "ts": "1473467426.000015"
    },
    {
        "user": "U2A7Q7AUD",
        "text": "<@U2A7Q7AUD|e_e43> has joined the channel",
        "type": "message",
        "subtype": "channel_join",
        "ts": "1473468274.000016"
    },
    {
        "user": "U2A8CDHGA",
        "text": "<@U2A8CDHGA|ggridley> has joined the channel",
        "type": "message",
        "subtype": "channel_join",
        "ts": "1473474656.000017"
    },
    {
        "user": "U2A88PJ3X",
        "text": "<@U2A88PJ3X|mikalail> has joined the channel",
        "type": "message",
        "subtype": "channel_join",
        "ts": "1473479242.000018"
    }
]