[
    {
        "user": "U2TTLD7V1",
        "text": "<@U2TTLD7V1|jjtomato> has joined the channel",
        "type": "message",
        "subtype": "channel_join",
        "ts": "1477410193.000508"
    },
    {
        "user": "U2U3CMDK9",
        "text": "<@U2U3CMDK9|bshaw> has joined the channel",
        "type": "message",
        "subtype": "channel_join",
        "ts": "1477421327.000509"
    },
    {
        "user": "U2U4PAMR7",
        "text": "<@U2U4PAMR7|marioh> has joined the channel",
        "type": "message",
        "subtype": "channel_join",
        "ts": "1477425936.000510"
    }
]