[
    {
        "user": "U2CD99ZTM",
        "text": "<@U2CD99ZTM|zsm8> has joined the channel",
        "type": "message",
        "subtype": "channel_join",
        "ts": "1474031215.000015"
    },
    {
        "user": "U2CJ58A9L",
        "text": "<@U2CJ58A9L|henderson> has joined the channel",
        "type": "message",
        "subtype": "channel_join",
        "ts": "1474047052.000016"
    },
    {
        "user": "U2CKVQXC5",
        "text": "<@U2CKVQXC5|aaronbyrd86> has joined the channel",
        "type": "message",
        "subtype": "channel_join",
        "ts": "1474054254.000017"
    }
]