[
    {
        "user": "U2E0FS5GR",
        "text": "<@U2E0FS5GR|ribbonanarchy> has joined the channel",
        "type": "message",
        "subtype": "channel_join",
        "ts": "1474417979.000023"
    },
    {
        "user": "U2E0NA8BU",
        "text": "<@U2E0NA8BU|johncox48> has joined the channel",
        "type": "message",
        "subtype": "channel_join",
        "ts": "1474418010.000024"
    },
    {
        "user": "U2E0BK8MT",
        "text": "<@U2E0BK8MT|kns92> has joined the channel",
        "type": "message",
        "subtype": "channel_join",
        "ts": "1474418015.000025"
    },
    {
        "user": "U2E0FKRB9",
        "text": "<@U2E0FKRB9|ctrlaltfun> has joined the channel",
        "type": "message",
        "subtype": "channel_join",
        "ts": "1474418019.000026"
    },
    {
        "user": "U2E0FUQP9",
        "text": "<@U2E0FUQP9|andrewt> has joined the channel",
        "type": "message",
        "subtype": "channel_join",
        "ts": "1474418101.000027"
    },
    {
        "user": "U2E0BUX7F",
        "text": "<@U2E0BUX7F|andrew.hyatt> has joined the channel",
        "type": "message",
        "subtype": "channel_join",
        "ts": "1474418103.000028"
    },
    {
        "user": "U2E02UJKW",
        "text": "<@U2E02UJKW|egn9> has joined the channel",
        "type": "message",
        "subtype": "channel_join",
        "ts": "1474418229.000029"
    },
    {
        "user": "U2DUCPG3V",
        "text": "<@U2DUCPG3V|brandoncastellanos> has joined the channel",
        "type": "message",
        "subtype": "channel_join",
        "ts": "1474420320.000030"
    },
    {
        "user": "U2E0R8LV7",
        "text": "<@U2E0R8LV7|adrian-lopez> has joined the channel",
        "type": "message",
        "subtype": "channel_join",
        "ts": "1474420367.000031"
    },
    {
        "user": "U2E11AL3U",
        "text": "<@U2E11AL3U|d_l56> has joined the channel",
        "type": "message",
        "subtype": "channel_join",
        "ts": "1474421347.000032"
    },
    {
        "user": "U2E0W6Y1F",
        "text": "<@U2E0W6Y1F|potatophusion> has joined the channel",
        "type": "message",
        "subtype": "channel_join",
        "ts": "1474421647.000033"
    },
    {
        "user": "U2E12NFLJ",
        "text": "<@U2E12NFLJ|b_m174> has joined the channel",
        "type": "message",
        "subtype": "channel_join",
        "ts": "1474421701.000034"
    },
    {
        "user": "U2E0GLMQU",
        "text": "<@U2E0GLMQU|cmk91> has joined the channel",
        "type": "message",
        "subtype": "channel_join",
        "ts": "1474421726.000035"
    }
]