[
    {
        "user": "U49596L5A",
        "text": "<@U49596L5A|ashcs> has joined the channel",
        "type": "message",
        "subtype": "channel_join",
        "ts": "1487795280.000114"
    },
    {
        "type": "message",
        "user": "U2KD3F2KT",
        "text": "what sort of experience should one have before thinking about doing hackathons?",
        "ts": "1487813304.000115"
    },
    {
        "type": "message",
        "user": "U0K96PWET",
        "text": "read the hack-a-thon description. It should give you an idea of what knowledge base you ought to have going in.",
        "ts": "1487815214.000116"
    },
    {
        "type": "message",
        "user": "U0K96PWET",
        "text": "Other than that it's just a matter of creativity. Even if you can't see your idea to completion should at least be able to clearly communicate your end goal and how you would go about achieving it if given more time.",
        "ts": "1487815290.000117"
    },
    {
        "type": "message",
        "user": "U0K96PWET",
        "text": "Sorry that's not very concrete <@U2KD3F2KT>. In general I'd at least know how to render something on screen in either a language of my choice or one specified. If you can't render it but can build out the back-end sync up with someone from comm des who can help with the front end.",
        "ts": "1487815497.000118"
    },
    {
        "type": "message",
        "user": "U0K96PWET",
        "text": "Programmer + Designer = :heart:",
        "ts": "1487815525.000119",
        "reactions": [
            {
                "name": "heart",
                "users": [
                    "U06TD3AUW",
                    "U2KD3F2KT"
                ],
                "count": 2
            }
        ]
    },
    {
        "type": "message",
        "user": "U2KD3F2KT",
        "text": "Thanks for the info. <@U0K96PWET> \nI know HTML , CSS and I'm now learning some php. I was just wondering if those are languages that are used for projects at those type of event ",
        "ts": "1487820101.000121"
    },
    {
        "type": "message",
        "user": "U0K96PWET",
        "text": "Sure! Really the only thing you need is a willingness to try. Corny, but true. ",
        "ts": "1487820364.000123"
    },
    {
        "type": "message",
        "user": "U2KD3F2KT",
        "text": "Haha ! That I have ",
        "ts": "1487821629.000124"
    },
    {
        "type": "message",
        "user": "U0LPKBHK2",
        "text": "So hackathons are merely demos of your ideas? ",
        "ts": "1487822861.000125"
    },
    {
        "type": "message",
        "user": "U0LPKBHK2",
        "text": "Because I have some big ideas, and wouldn't want to go in hackathon and get only demo version of it without seeing it completed. Do the sponsors continue to sponsor the project afterwards? ",
        "ts": "1487822925.000126"
    },
    {
        "user": "U48GXU8GG",
        "text": "<@U48GXU8GG|blaikebrad24> has joined the channel",
        "type": "message",
        "subtype": "channel_join",
        "ts": "1487824118.000127"
    },
    {
        "type": "message",
        "user": "U0K96PWET",
        "text": "There's a prompt. You solve the question or problem you're presented. ",
        "ts": "1487826803.000128"
    }
]