[
    {
        "type": "message",
        "user": "U2E11AL3U",
        "text": "anybody know if taking CIS courses as electives is allowed for CS majors?",
        "thread_ts": "1491807926.144206",
        "reply_count": 1,
        "replies": [
            {
                "user": "U3UEJFTAR",
                "ts": "1491832440.273355"
            }
        ],
        "unread_count": 1,
        "ts": "1491807926.144206"
    },
    {
        "type": "message",
        "user": "U0LPKCLLS",
        "text": "I think you have to have some sort of business minor, I don't think you can just take them. They're part of the business college, which you have to apply to and get in. ",
        "ts": "1491832093.135861"
    },
    {
        "type": "message",
        "user": "U3UEJFTAR",
        "text": "<@U2E11AL3U> email Evette and ask her. She'd be able to tell you ",
        "thread_ts": "1491807926.144206",
        "parent_user_id": "U2E11AL3U",
        "ts": "1491832440.273355"
    }
]