[
    {
        "user": "U3ZAPS196",
        "text": "<@U3ZAPS196|wts14> has joined the channel",
        "type": "message",
        "subtype": "channel_join",
        "ts": "1486046269.000085"
    },
    {
        "user": "U41309BTR",
        "text": "<@U41309BTR|forrest20x6> has joined the channel",
        "type": "message",
        "subtype": "channel_join",
        "ts": "1486082452.000086"
    },
    {
        "user": "U40B2JQ11",
        "text": "<@U40B2JQ11|kmb104> has joined the channel",
        "type": "message",
        "subtype": "channel_join",
        "ts": "1486089558.000087"
    }
]