[
    {
        "user": "U3T9JD9SL",
        "text": "<@U3T9JD9SL|squirrel1369> has joined the channel",
        "type": "message",
        "subtype": "channel_join",
        "ts": "1484867659.000056"
    },
    {
        "type": "message",
        "user": "U0LPKBHK2",
        "text": "Hey guys, I have made a short tutorial for Project 2 on eye tracking for Dr. Komogortsev's Human Factors class. Please check it out before you attempt it. The video will help you to get started. Thank you.  <https:\/\/youtu.be\/0K6xgTmFI2E>",
        "attachments": [
            {
                "service_name": "YouTube",
                "service_url": "https:\/\/www.youtube.com\/",
                "title": "PS3 IR filter change - Tutorial",
                "title_link": "https:\/\/youtu.be\/0K6xgTmFI2E",
                "author_name": "Vazina Robertson",
                "author_link": "https:\/\/www.youtube.com\/channel\/UCrSsX4EHFZa_uqnoNAWNf9Q",
                "thumb_url": "https:\/\/i.ytimg.com\/vi\/0K6xgTmFI2E\/hqdefault.jpg",
                "thumb_width": 480,
                "thumb_height": 360,
                "fallback": "YouTube Video: PS3 IR filter change - Tutorial",
                "video_html": "<iframe width=\"400\" height=\"225\" src=\"https:\/\/www.youtube.com\/embed\/0K6xgTmFI2E?feature=oembed&autoplay=1&iv_load_policy=3\" frameborder=\"0\" allowfullscreen><\/iframe>",
                "video_html_width": 400,
                "video_html_height": 225,
                "from_url": "https:\/\/youtu.be\/0K6xgTmFI2E",
                "service_icon": "https:\/\/a.slack-edge.com\/2089\/img\/unfurl_icons\/youtube.png",
                "id": 1
            }
        ],
        "ts": "1484876302.000057",
        "reactions": [
            {
                "name": "+1",
                "users": [
                    "U2BQ62Z6G",
                    "U06TD3AUW",
                    "U0LPKBHK2"
                ],
                "count": 3
            }
        ]
    }
]