[
    {
        "user": "U42TTG9DZ",
        "text": "<@U42TTG9DZ|samuelsugia> has joined the channel",
        "type": "message",
        "subtype": "channel_join",
        "ts": "1486599652.000097"
    },
    {
        "user": "U43NG9PJS",
        "text": "<@U43NG9PJS|rrc88> has joined the channel",
        "type": "message",
        "subtype": "channel_join",
        "ts": "1486615409.000098"
    },
    {
        "user": "U430X16BV",
        "text": "<@U430X16BV|silguero45> has joined the channel",
        "type": "message",
        "subtype": "channel_join",
        "ts": "1486620075.000099"
    }
]