[
    {
        "type": "message",
        "user": "U0K96PWET",
        "text": "I vote for atom + CL",
        "ts": "1490366023.563039",
        "reactions": [
            {
                "name": "+1",
                "users": [
                    "U0Q6DBY7Q"
                ],
                "count": 1
            }
        ]
    },
    {
        "type": "message",
        "user": "U0L7K1PB4",
        "text": "CLion is great but I don't know how to CMake :westworld_sylvester:",
        "ts": "1490366185.632218"
    },
    {
        "type": "message",
        "user": "U06TD3AUW",
        "text": "<@U2GQXV77G> open both files in code blocks &gt; drag one of the tabs to the left or right of the editor pane &gt; it should split the view",
        "ts": "1490367394.150654"
    }
]