[
    {
        "user": "U0KR8R2P9",
        "text": "<@U0KR8R2P9|cheerio64> has joined the channel",
        "type": "message",
        "subtype": "channel_join",
        "ts": "1478389654.000002"
    },
    {
        "type": "message",
        "user": "U0KR8R2P9",
        "text": "\/giphy tomato slice",
        "bot_id": "B1H8K1E14",
        "attachments": [
            {
                "fallback": "giphy: <http:\/\/giphy.com\/gifs\/mydomaine-3oz8xMVHIpw6Ww9XFK>",
                "image_url": "http:\/\/media4.giphy.com\/media\/3oz8xMVHIpw6Ww9XFK\/giphy-tumblr.gif",
                "image_width": 480,
                "image_height": 268,
                "image_bytes": 1540291,
                "is_animated": true,
                "title": "tomato slice",
                "id": 1,
                "title_link": "http:\/\/giphy.com\/gifs\/mydomaine-3oz8xMVHIpw6Ww9XFK"
            }
        ],
        "ts": "1478389786.000003"
    },
    {
        "type": "message",
        "user": "U0K96PWET",
        "text": "\/giphy cook prep",
        "bot_id": "B1H8K1E14",
        "attachments": [
            {
                "fallback": "giphy: <http:\/\/giphy.com\/gifs\/contagious-love-gVdc1t2eEfCla>",
                "image_url": "http:\/\/media4.giphy.com\/media\/gVdc1t2eEfCla\/giphy.gif",
                "image_width": 600,
                "image_height": 206,
                "image_bytes": 641021,
                "is_animated": true,
                "title": "cook prep",
                "id": 1,
                "title_link": "http:\/\/giphy.com\/gifs\/contagious-love-gVdc1t2eEfCla"
            }
        ],
        "ts": "1478400693.000004"
    },
    {
        "type": "message",
        "user": "U0K96PWET",
        "text": "oh snap giphy is a sell out",
        "ts": "1478400714.000005"
    }
]