[
    {
        "type": "message",
        "user": "U0Q6DBY7Q",
        "text": "\/giphy shameless advertising",
        "bot_id": "B1H8K1E14",
        "attachments": [
            {
                "fallback": "giphy: <http:\/\/giphy.com\/gifs\/shameless-6nBQtWZ6Vms0M>",
                "image_url": "http:\/\/media4.giphy.com\/media\/6nBQtWZ6Vms0M\/giphy.gif",
                "image_width": 245,
                "image_height": 175,
                "image_bytes": 1686969,
                "is_animated": true,
                "title": "shameless advertising",
                "id": 1,
                "title_link": "http:\/\/giphy.com\/gifs\/shameless-6nBQtWZ6Vms0M"
            }
        ],
        "ts": "1478490312.000002"
    },
    {
        "type": "message",
        "user": "U0K96PWET",
        "text": "\/giphy fiona",
        "bot_id": "B1H8K1E14",
        "attachments": [
            {
                "fallback": "giphy: <http:\/\/giphy.com\/gifs\/W4cAb6HBOisAE>",
                "image_url": "https:\/\/media0.giphy.com\/media\/W4cAb6HBOisAE\/giphy.gif",
                "image_width": 260,
                "image_height": 146,
                "image_bytes": 1175897,
                "is_animated": true,
                "title": "fiona",
                "id": 1,
                "title_link": "http:\/\/giphy.com\/gifs\/W4cAb6HBOisAE"
            }
        ],
        "ts": "1478490987.000003"
    },
    {
        "type": "message",
        "user": "U0KR8R2P9",
        "text": "\/giphy i cri evrytiem",
        "bot_id": "B1H8K1E14",
        "attachments": [
            {
                "fallback": "giphy: <http:\/\/giphy.com\/gifs\/FLUwDD6dof9eg>",
                "image_url": "http:\/\/media.giphy.com\/media\/FLUwDD6dof9eg\/giphy-tumblr.gif",
                "image_width": 250,
                "image_height": 140,
                "image_bytes": 1429583,
                "is_animated": true,
                "title": "i cri evrytiem",
                "id": 1,
                "title_link": "http:\/\/giphy.com\/gifs\/FLUwDD6dof9eg"
            }
        ],
        "ts": "1478494061.000004"
    }
]