[
    {
        "type": "message",
        "user": "U0Q6DBY7Q",
        "text": "\/giphy wow technology",
        "bot_id": "B1H8K1E14",
        "attachments": [
            {
                "fallback": "giphy: <http:\/\/giphy.com\/gifs\/technology-14behsqDVpLFvy>",
                "image_url": "http:\/\/media2.giphy.com\/media\/14behsqDVpLFvy\/giphy.gif",
                "image_width": 381,
                "image_height": 629,
                "image_bytes": 136174,
                "is_animated": true,
                "title": "wow technology",
                "id": 1,
                "title_link": "http:\/\/giphy.com\/gifs\/technology-14behsqDVpLFvy"
            }
        ],
        "ts": "1476905992.000002"
    },
    {
        "type": "message",
        "user": "U0Q6DBY7Q",
        "text": "meh.",
        "ts": "1476906075.000003"
    },
    {
        "type": "message",
        "user": "U0K96PWET",
        "text": "\/giphy there's an app for that",
        "bot_id": "B1H8K1E14",
        "attachments": [
            {
                "fallback": "giphy: <http:\/\/giphy.com\/gifs\/doctor-who-matt-smith-Uo6gAYxSrlbKE>",
                "image_url": "http:\/\/media2.giphy.com\/media\/Uo6gAYxSrlbKE\/giphy.gif",
                "image_width": 500,
                "image_height": 282,
                "image_bytes": 508573,
                "is_animated": true,
                "title": "there's an app for that",
                "id": 1,
                "title_link": "http:\/\/giphy.com\/gifs\/doctor-who-matt-smith-Uo6gAYxSrlbKE"
            }
        ],
        "ts": "1476907397.000004"
    },
    {
        "type": "message",
        "user": "U0K96PWET",
        "text": ":heart_eyes:",
        "ts": "1476907409.000005"
    }
]