[
    {
        "type": "message",
        "user": "U0K96PWET",
        "text": "\/giphy gas tank treasure",
        "attachments": [
            {
                "fallback": "giphy: <http:\/\/giphy.com\/gifs\/cat-tank-roomba-HnbUSlfHXTJuM>",
                "image_url": "http:\/\/media2.giphy.com\/media\/HnbUSlfHXTJuM\/giphy.gif",
                "image_width": 460,
                "image_height": 249,
                "image_bytes": 1234061,
                "is_animated": true,
                "title": "gas tank treasure",
                "id": 1,
                "title_link": "http:\/\/giphy.com\/gifs\/cat-tank-roomba-HnbUSlfHXTJuM"
            }
        ],
        "ts": "1474555037.000005"
    },
    {
        "type": "message",
        "user": "U0K96PWET",
        "text": "logic = null",
        "ts": "1474555056.000006"
    },
    {
        "type": "message",
        "user": "U0K96PWET",
        "text": "but I’ll take it",
        "ts": "1474555072.000007"
    },
    {
        "type": "message",
        "user": "U0LPKBHK2",
        "text": "\/giphy cat gone wild",
        "attachments": [
            {
                "fallback": "giphy: <http:\/\/giphy.com\/gifs\/disney-dope-lilo-and-stitch-L2khDAdlWKhRm>",
                "image_url": "https:\/\/media0.giphy.com\/media\/L2khDAdlWKhRm\/giphy.gif",
                "image_width": 500,
                "image_height": 292,
                "image_bytes": 981710,
                "is_animated": true,
                "title": "cat gone wild",
                "id": 1,
                "title_link": "http:\/\/giphy.com\/gifs\/disney-dope-lilo-and-stitch-L2khDAdlWKhRm"
            }
        ],
        "ts": "1474558689.000008"
    },
    {
        "type": "message",
        "user": "U0LPKBHK2",
        "text": "holly what?!",
        "ts": "1474558705.000009"
    },
    {
        "type": "message",
        "user": "U0K96PWET",
        "text": "\/giphy mean girls",
        "attachments": [
            {
                "fallback": "giphy: <http:\/\/giphy.com\/gifs\/mean-girls-lindsay-lohan-MLLAA0wPxFe1y>",
                "image_url": "https:\/\/media1.giphy.com\/media\/MLLAA0wPxFe1y\/giphy.gif",
                "image_width": 245,
                "image_height": 170,
                "image_bytes": 419116,
                "is_animated": true,
                "title": "mean girls",
                "id": 1,
                "title_link": "http:\/\/giphy.com\/gifs\/mean-girls-lindsay-lohan-MLLAA0wPxFe1y"
            }
        ],
        "ts": "1474563485.000010"
    },
    {
        "type": "message",
        "user": "U06TBPWAW",
        "text": "\/giphy regina who",
        "attachments": [
            {
                "fallback": "giphy: <http:\/\/giphy.com\/gifs\/girls-once-upon-a-time-ouat-oICiwZj1c4ZCo>",
                "image_url": "http:\/\/media2.giphy.com\/media\/oICiwZj1c4ZCo\/giphy.gif",
                "image_width": 245,
                "image_height": 305,
                "image_bytes": 580113,
                "is_animated": true,
                "title": "regina who",
                "id": 1,
                "title_link": "http:\/\/giphy.com\/gifs\/girls-once-upon-a-time-ouat-oICiwZj1c4ZCo"
            }
        ],
        "ts": "1474563773.000011"
    },
    {
        "type": "message",
        "user": "U0K96PWET",
        "text": "\/giphy femme fatale",
        "attachments": [
            {
                "fallback": "giphy: <http:\/\/giphy.com\/gifs\/neon-lights-noir-3o85xIPNYx8NzZjM8U>",
                "image_url": "http:\/\/media3.giphy.com\/media\/3o85xIPNYx8NzZjM8U\/giphy.gif",
                "image_width": 1400,
                "image_height": 3228,
                "image_bytes": 541139,
                "is_animated": true,
                "title": "femme fatale",
                "id": 1,
                "title_link": "http:\/\/giphy.com\/gifs\/neon-lights-noir-3o85xIPNYx8NzZjM8U"
            }
        ],
        "ts": "1474566234.000012"
    },
    {
        "type": "message",
        "user": "U0LPKBHK2",
        "text": "\/giphy don't kill yourself",
        "attachments": [
            {
                "fallback": "giphy: <http:\/\/giphy.com\/gifs\/MFva2cofyowVO>",
                "image_url": "https:\/\/media4.giphy.com\/media\/MFva2cofyowVO\/giphy.gif",
                "image_width": 245,
                "image_height": 160,
                "image_bytes": 1591586,
                "is_animated": true,
                "title": "don't kill yourself",
                "id": 1,
                "title_link": "http:\/\/giphy.com\/gifs\/MFva2cofyowVO"
            }
        ],
        "ts": "1474570982.000013"
    },
    {
        "type": "message",
        "user": "U06TD3AUW",
        "text": "\/giphy wife material",
        "attachments": [
            {
                "fallback": "giphy: <http:\/\/giphy.com\/gifs\/fcuDkg00xFoo8>",
                "image_url": "https:\/\/media.giphy.com\/media\/fcuDkg00xFoo8\/giphy-tumblr.gif",
                "image_width": 250,
                "image_height": 187,
                "image_bytes": 1227296,
                "is_animated": true,
                "title": "wife material",
                "id": 1,
                "title_link": "http:\/\/giphy.com\/gifs\/fcuDkg00xFoo8"
            }
        ],
        "ts": "1474571003.000014"
    },
    {
        "type": "message",
        "user": "U0LPKBHK2",
        "text": "A hahaha holly ####!",
        "ts": "1474571009.000015"
    },
    {
        "type": "message",
        "user": "U06TBPWAW",
        "text": "\/giphy fart bomb",
        "attachments": [
            {
                "fallback": "giphy: <http:\/\/giphy.com\/gifs\/funny-bomb-stink-8JkFQ6rf0HFAs>",
                "image_url": "http:\/\/media3.giphy.com\/media\/8JkFQ6rf0HFAs\/giphy.gif",
                "image_width": 600,
                "image_height": 600,
                "image_bytes": 391989,
                "is_animated": true,
                "title": "fart bomb",
                "id": 1,
                "title_link": "http:\/\/giphy.com\/gifs\/funny-bomb-stink-8JkFQ6rf0HFAs"
            }
        ],
        "ts": "1474571052.000016"
    },
    {
        "user": "U0Q6DBY7Q",
        "text": "<@U0Q6DBY7Q|katiejoy> has joined the channel",
        "type": "message",
        "subtype": "channel_join",
        "ts": "1474571067.000017"
    },
    {
        "type": "message",
        "user": "U0Q6DBY7Q",
        "text": "\/giphy boom",
        "attachments": [
            {
                "fallback": "giphy: <http:\/\/giphy.com\/gifs\/drake-finger-gun-blow-up-8vW915bv0DqXC>",
                "image_url": "http:\/\/media.giphy.com\/media\/8vW915bv0DqXC\/giphy-tumblr.gif",
                "image_width": 350,
                "image_height": 190,
                "image_bytes": 1747010,
                "is_animated": true,
                "title": "boom",
                "id": 1,
                "title_link": "http:\/\/giphy.com\/gifs\/drake-finger-gun-blow-up-8vW915bv0DqXC"
            }
        ],
        "ts": "1474571081.000018"
    },
    {
        "type": "message",
        "user": "U0K96PWET",
        "text": "\/giphy drake",
        "attachments": [
            {
                "fallback": "giphy: <http:\/\/giphy.com\/gifs\/alixmcalpine-26vUDuujEFTAYHeeY>",
                "image_url": "http:\/\/media2.giphy.com\/media\/26vUDuujEFTAYHeeY\/giphy.gif",
                "image_width": 480,
                "image_height": 472,
                "image_bytes": 1025862,
                "is_animated": true,
                "title": "drake",
                "id": 1,
                "title_link": "http:\/\/giphy.com\/gifs\/alixmcalpine-26vUDuujEFTAYHeeY"
            }
        ],
        "ts": "1474571302.000019"
    },
    {
        "type": "message",
        "user": "U0Q6DBY7Q",
        "text": "\/giphy sweater",
        "attachments": [
            {
                "fallback": "giphy: <http:\/\/giphy.com\/gifs\/empire-fox-foxtv-whitehotholidays-26tP6qA0YEyEmxJTy>",
                "image_url": "http:\/\/media3.giphy.com\/media\/26tP6qA0YEyEmxJTy\/giphy.gif",
                "image_width": 500,
                "image_height": 312,
                "image_bytes": 1107321,
                "is_animated": true,
                "title": "sweater",
                "id": 1,
                "title_link": "http:\/\/giphy.com\/gifs\/empire-fox-foxtv-whitehotholidays-26tP6qA0YEyEmxJTy"
            }
        ],
        "ts": "1474571531.000020"
    },
    {
        "type": "message",
        "user": "U0Q6DBY7Q",
        "text": "OMG THAT WAS SO PERFECT",
        "ts": "1474571542.000021"
    },
    {
        "type": "message",
        "user": "U0K96PWET",
        "text": "hahaha",
        "ts": "1474571665.000022"
    },
    {
        "type": "message",
        "user": "U0LPKBHK2",
        "text": "\/giphy Josh is gross",
        "attachments": [
            {
                "fallback": "giphy: <http:\/\/giphy.com\/gifs\/gross-gif-1Lpsf0HSMmQN2>",
                "image_url": "http:\/\/media3.giphy.com\/media\/1Lpsf0HSMmQN2\/giphy.gif",
                "image_width": 320,
                "image_height": 321,
                "image_bytes": 1930769,
                "is_animated": true,
                "title": "Josh is gross",
                "id": 1,
                "title_link": "http:\/\/giphy.com\/gifs\/gross-gif-1Lpsf0HSMmQN2"
            }
        ],
        "ts": "1474572749.000023"
    },
    {
        "type": "message",
        "user": "U0LPKBHK2",
        "text": ":joy: :joy: :joy: :joy: :scream: ",
        "ts": "1474572949.000024"
    },
    {
        "type": "message",
        "user": "U06TBPWAW",
        "text": "\/giphy terry crews",
        "attachments": [
            {
                "fallback": "giphy: <http:\/\/giphy.com\/gifs\/foxtv-brooklyn-nine-TlK63EzncfsZqllKr5u>",
                "image_url": "http:\/\/media1.giphy.com\/media\/TlK63EzncfsZqllKr5u\/giphy.gif",
                "image_width": 500,
                "image_height": 282,
                "image_bytes": 1665852,
                "is_animated": true,
                "title": "terry crews",
                "id": 1,
                "title_link": "http:\/\/giphy.com\/gifs\/foxtv-brooklyn-nine-TlK63EzncfsZqllKr5u"
            }
        ],
        "ts": "1474573359.000025"
    },
    {
        "type": "message",
        "user": "U0Q6DBY7Q",
        "text": "\/giphy hot damn",
        "attachments": [
            {
                "fallback": "giphy: <http:\/\/giphy.com\/gifs\/reaction-80KYXCRVLo1ji>",
                "image_url": "http:\/\/media.giphy.com\/media\/80KYXCRVLo1ji\/giphy-tumblr.gif",
                "image_width": 250,
                "image_height": 140,
                "image_bytes": 916735,
                "is_animated": true,
                "title": "hot damn",
                "id": 1,
                "title_link": "http:\/\/giphy.com\/gifs\/reaction-80KYXCRVLo1ji"
            }
        ],
        "ts": "1474574923.000026"
    },
    {
        "type": "message",
        "user": "U0Q6DBY7Q",
        "text": "noooooo",
        "ts": "1474574931.000027"
    },
    {
        "type": "message",
        "user": "U0L74J1CN",
        "text": "Fuuuuu",
        "ts": "1474574979.000028"
    },
    {
        "type": "message",
        "user": "U0Q6DBY7Q",
        "text": "\/giphy police",
        "attachments": [
            {
                "fallback": "giphy: <http:\/\/giphy.com\/gifs\/conan-ice-cube-kevin-hart-3o6UAZlI4vgty51gHe>",
                "image_url": "http:\/\/media2.giphy.com\/media\/3o6UAZlI4vgty51gHe\/giphy.gif",
                "image_width": 500,
                "image_height": 281,
                "image_bytes": 727642,
                "is_animated": true,
                "title": "police",
                "id": 1,
                "title_link": "http:\/\/giphy.com\/gifs\/conan-ice-cube-kevin-hart-3o6UAZlI4vgty51gHe"
            }
        ],
        "ts": "1474575160.000029"
    },
    {
        "type": "message",
        "user": "U06TBPWAW",
        "text": "Katie is reacting to her reaction.",
        "ts": "1474575485.000030"
    },
    {
        "type": "message",
        "user": "U06TBPWAW",
        "text": "\/giphy 5-0",
        "attachments": [
            {
                "fallback": "giphy: <http:\/\/giphy.com\/gifs\/gifnewstest-parker-jackson-aritsts-on-tumblr-NruXFTYJLlVF6>",
                "image_url": "http:\/\/media2.giphy.com\/media\/NruXFTYJLlVF6\/giphy.gif",
                "image_width": 500,
                "image_height": 500,
                "image_bytes": 130629,
                "is_animated": true,
                "title": "5-0",
                "id": 1,
                "title_link": "http:\/\/giphy.com\/gifs\/gifnewstest-parker-jackson-aritsts-on-tumblr-NruXFTYJLlVF6"
            }
        ],
        "ts": "1474575499.000031"
    },
    {
        "type": "message",
        "user": "U0Q6DBY7Q",
        "text": "I do what I want.",
        "ts": "1474576008.000032"
    },
    {
        "type": "message",
        "user": "U0L74J1CN",
        "text": "\/giphy 6 eyed officer",
        "attachments": [
            {
                "fallback": "giphy: <http:\/\/giphy.com\/gifs\/the-office-basketball-home-video-Yz0Gp8s9jKqRy>",
                "image_url": "http:\/\/media2.giphy.com\/media\/Yz0Gp8s9jKqRy\/giphy.gif",
                "image_width": 499,
                "image_height": 260,
                "image_bytes": 486875,
                "is_animated": true,
                "title": "6 eyed officer",
                "id": 1,
                "title_link": "http:\/\/giphy.com\/gifs\/the-office-basketball-home-video-Yz0Gp8s9jKqRy"
            }
        ],
        "ts": "1474576564.000033"
    },
    {
        "type": "message",
        "user": "U0LPKBHK2",
        "text": "\/giphy what is this called?",
        "attachments": [
            {
                "fallback": "giphy: <http:\/\/giphy.com\/gifs\/water-time-adam-sandler-2q0QCQLagAk5q>",
                "image_url": "http:\/\/media2.giphy.com\/media\/2q0QCQLagAk5q\/giphy.gif",
                "image_width": 460,
                "image_height": 260,
                "image_bytes": 805885,
                "is_animated": true,
                "title": "what is this called?",
                "id": 1,
                "title_link": "http:\/\/giphy.com\/gifs\/water-time-adam-sandler-2q0QCQLagAk5q"
            }
        ],
        "ts": "1474588650.000034"
    },
    {
        "type": "message",
        "user": "U0LPKBHK2",
        "text": "F what's that giphy??????",
        "ts": "1474588679.000035"
    },
    {
        "type": "message",
        "user": "U0LPKBHK2",
        "text": "\/giphy sucks",
        "attachments": [
            {
                "fallback": "giphy: <http:\/\/giphy.com\/gifs\/sucks-wV0XDfE05XZ4s>",
                "image_url": "http:\/\/media0.giphy.com\/media\/wV0XDfE05XZ4s\/giphy.gif",
                "image_width": 260,
                "image_height": 261,
                "image_bytes": 1417902,
                "is_animated": true,
                "title": "sucks",
                "id": 1,
                "title_link": "http:\/\/giphy.com\/gifs\/sucks-wV0XDfE05XZ4s"
            }
        ],
        "ts": "1474589515.000036"
    }
]