[
    {
        "type": "message",
        "user": "U06TBPWAW",
        "text": "\/giphy Ninja Skills",
        "attachments": [
            {
                "fallback": "giphy: <http:\/\/giphy.com\/gifs\/true-ninja-lazy-zem4NdEUl3jJm>",
                "image_url": "https:\/\/media2.giphy.com\/media\/zem4NdEUl3jJm\/giphy.gif",
                "image_width": 500,
                "image_height": 400,
                "image_bytes": 758792,
                "is_animated": true,
                "title": "Ninja Skills",
                "id": 1,
                "title_link": "http:\/\/giphy.com\/gifs\/true-ninja-lazy-zem4NdEUl3jJm"
            }
        ],
        "ts": "1476278756.000002"
    },
    {
        "type": "message",
        "user": "U0K96PWET",
        "text": "\/giphy foot grab",
        "attachments": [
            {
                "fallback": "giphy: <http:\/\/giphy.com\/gifs\/jennifer-lawrence-derp-TuZ8YVAOqQ9aM>",
                "image_url": "http:\/\/media2.giphy.com\/media\/TuZ8YVAOqQ9aM\/giphy.gif",
                "image_width": 245,
                "image_height": 191,
                "image_bytes": 1912779,
                "is_animated": true,
                "title": "foot grab",
                "id": 1,
                "title_link": "http:\/\/giphy.com\/gifs\/jennifer-lawrence-derp-TuZ8YVAOqQ9aM"
            }
        ],
        "ts": "1476318489.000002"
    },
    {
        "type": "message",
        "user": "U0K96PWET",
        "text": "yeah, that’s relevant",
        "ts": "1476318529.000003"
    },
    {
        "type": "message",
        "user": "U0Q6DBY7Q",
        "text": "\/giphy hugh jackman hero",
        "attachments": [
            {
                "fallback": "giphy: <http:\/\/giphy.com\/gifs\/shirtless-hugh-jackman-paperback-hero-UrFC6p6vskzWE>",
                "image_url": "http:\/\/media4.giphy.com\/media\/UrFC6p6vskzWE\/giphy.gif",
                "image_width": 220,
                "image_height": 116,
                "image_bytes": 921595,
                "is_animated": true,
                "title": "hugh jackman hero",
                "id": 1,
                "title_link": "http:\/\/giphy.com\/gifs\/shirtless-hugh-jackman-paperback-hero-UrFC6p6vskzWE"
            }
        ],
        "ts": "1476324079.000004"
    }
]