[
    {
        "type": "message",
        "user": "U0K96PWET",
        "text": "",
        "bot_id": "B1H8K1E14",
        "attachments": [
            {
                "fallback": "giphy: <http:\/\/giphy.com\/gifs\/fall-out-boy-dance-this-has-been-sitting-on-my-drafts-3n2ms112WjMfm>",
                "image_url": "https:\/\/media2.giphy.com\/media\/3n2ms112WjMfm\/giphy.gif",
                "image_width": 166,
                "image_height": 94,
                "image_bytes": 508381,
                "is_animated": true,
                "title": "dance dance",
                "footer": "Posted using \/giphy",
                "id": 1,
                "title_link": "http:\/\/giphy.com\/gifs\/fall-out-boy-dance-this-has-been-sitting-on-my-drafts-3n2ms112WjMfm"
            }
        ],
        "ts": "1480366175.000002"
    }
]