[
    {
        "type": "message",
        "user": "U06TBPWAW",
        "text": "\/giphy fish lips",
        "attachments": [
            {
                "fallback": "giphy: <http:\/\/giphy.com\/gifs\/lovelyz-27OwUnzszOEsU>",
                "image_url": "http:\/\/media.giphy.com\/media\/27OwUnzszOEsU\/giphy-tumblr.gif",
                "image_width": 250,
                "image_height": 154,
                "image_bytes": 1114844,
                "is_animated": true,
                "title": "fish lips",
                "id": 1,
                "title_link": "http:\/\/giphy.com\/gifs\/lovelyz-27OwUnzszOEsU"
            }
        ],
        "ts": "1474287464.000002"
    }
]