[
    {
        "type": "message",
        "user": "U0K96PWET",
        "text": "\/giphy weight watchers",
        "bot_id": "B1H8K1E14",
        "attachments": [
            {
                "fallback": "giphy: <http:\/\/giphy.com\/gifs\/oprah-i-feel-you-winfrey-xT77Y0aCHDO2NYhrVK>",
                "image_url": "http:\/\/media3.giphy.com\/media\/xT77Y0aCHDO2NYhrVK\/giphy.gif",
                "image_width": 558,
                "image_height": 310,
                "image_bytes": 1825211,
                "is_animated": true,
                "title": "weight watchers",
                "id": 1,
                "title_link": "http:\/\/giphy.com\/gifs\/oprah-i-feel-you-winfrey-xT77Y0aCHDO2NYhrVK"
            }
        ],
        "ts": "1478217497.000002"
    },
    {
        "type": "message",
        "user": "U0Q6DBY7Q",
        "text": "\/giphy honey child",
        "bot_id": "B1H8K1E14",
        "attachments": [
            {
                "fallback": "giphy: <http:\/\/giphy.com\/gifs\/honey-5Am6B8NsnSV2w>",
                "image_url": "http:\/\/media2.giphy.com\/media\/5Am6B8NsnSV2w\/giphy.gif",
                "image_width": 200,
                "image_height": 286,
                "image_bytes": 384199,
                "is_animated": true,
                "title": "honey child",
                "id": 1,
                "title_link": "http:\/\/giphy.com\/gifs\/honey-5Am6B8NsnSV2w"
            }
        ],
        "ts": "1478231531.000002"
    },
    {
        "type": "message",
        "user": "U06TBPWAW",
        "text": "\/giphy please God help me",
        "bot_id": "B1H8K1E14",
        "attachments": [
            {
                "fallback": "giphy: <http:\/\/giphy.com\/gifs\/make-it-stop-fF5brpKWHYgG4>",
                "image_url": "http:\/\/media1.giphy.com\/media\/fF5brpKWHYgG4\/giphy.gif",
                "image_width": 330,
                "image_height": 233,
                "image_bytes": 987064,
                "is_animated": true,
                "title": "please God help me",
                "id": 1,
                "title_link": "http:\/\/giphy.com\/gifs\/make-it-stop-fF5brpKWHYgG4"
            }
        ],
        "ts": "1478235311.000003"
    },
    {
        "type": "message",
        "user": "U0K96PWET",
        "text": "\/giphy one up",
        "bot_id": "B1H8K1E14",
        "attachments": [
            {
                "fallback": "giphy: <http:\/\/giphy.com\/gifs\/thevoice-television-the-voice-8dGV0bbP4HaBq>",
                "image_url": "http:\/\/media4.giphy.com\/media\/8dGV0bbP4HaBq\/giphy-tumblr.gif",
                "image_width": 475,
                "image_height": 266,
                "image_bytes": 963987,
                "is_animated": true,
                "title": "one up",
                "id": 1,
                "title_link": "http:\/\/giphy.com\/gifs\/thevoice-television-the-voice-8dGV0bbP4HaBq"
            }
        ],
        "ts": "1478236218.000004"
    },
    {
        "type": "message",
        "user": "U0K96PWET",
        "text": "wrong giphy",
        "ts": "1478236227.000005"
    },
    {
        "type": "message",
        "user": "U0K96PWET",
        "text": "that was a mario reference",
        "ts": "1478236242.000006"
    }
]