[
    {
        "type": "message",
        "user": "U06TBPWAW",
        "text": "",
        "bot_id": "B1H8K1E14",
        "attachments": [
            {
                "fallback": "giphy: http:\/\/giphy.com\/gifs\/syfy-faceoff-3ornjN947Zk4hoih7W",
                "image_url": "http:\/\/media.giphy.com\/media\/3ornjN947Zk4hoih7W\/giphy-tumblr.gif",
                "image_width": 250,
                "image_height": 140,
                "image_bytes": 922790,
                "is_animated": true,
                "title": "no big deal",
                "footer": "Posted using \/giphy | GIF by <https:\/\/giphy.com\/syfy\/|Syfy>",
                "id": 1,
                "title_link": "http:\/\/giphy.com\/gifs\/syfy-faceoff-3ornjN947Zk4hoih7W"
            }
        ],
        "ts": "1482610318.000002"
    }
]