[
    {
        "type": "message",
        "user": "U0Q6DBY7Q",
        "text": "\/giphy man swoop",
        "bot_id": "B1H8K1E14",
        "attachments": [
            {
                "fallback": "giphy: <http:\/\/giphy.com\/gifs\/loop-swoop-m1GEx5gndHzXi>",
                "image_url": "http:\/\/media3.giphy.com\/media\/m1GEx5gndHzXi\/giphy.gif",
                "image_width": 320,
                "image_height": 240,
                "image_bytes": 1236834,
                "is_animated": true,
                "title": "man swoop",
                "id": 1,
                "title_link": "http:\/\/giphy.com\/gifs\/loop-swoop-m1GEx5gndHzXi"
            }
        ],
        "ts": "1477425416.000002"
    },
    {
        "type": "message",
        "user": "U0Q6DBY7Q",
        "text": "That looks terrifying",
        "ts": "1477425437.000003"
    },
    {
        "type": "message",
        "user": "U0L74J1CN",
        "text": "\/giphy man got balls",
        "bot_id": "B1H8K1E14",
        "attachments": [
            {
                "fallback": "giphy: <http:\/\/giphy.com\/gifs\/season-7-the-simpsons-7x13-xT5LMwZQQK5JIKseY0>",
                "image_url": "http:\/\/media.giphy.com\/media\/xT5LMwZQQK5JIKseY0\/giphy-tumblr.gif",
                "image_width": 250,
                "image_height": 188,
                "image_bytes": 1184412,
                "is_animated": true,
                "title": "man got balls",
                "id": 1,
                "title_link": "http:\/\/giphy.com\/gifs\/season-7-the-simpsons-7x13-xT5LMwZQQK5JIKseY0"
            }
        ],
        "ts": "1477428626.000004"
    },
    {
        "type": "message",
        "user": "U0Q6DBY7Q",
        "text": "\/giphy most important meal of the day",
        "bot_id": "B1H8K1E14",
        "attachments": [
            {
                "fallback": "giphy: <http:\/\/giphy.com\/gifs\/gay-jgvM0rKBZJ9FC>",
                "image_url": "http:\/\/media1.giphy.com\/media\/jgvM0rKBZJ9FC\/giphy.gif",
                "image_width": 500,
                "image_height": 281,
                "image_bytes": 226649,
                "is_animated": true,
                "title": "most important meal of the day",
                "id": 1,
                "title_link": "http:\/\/giphy.com\/gifs\/gay-jgvM0rKBZJ9FC"
            }
        ],
        "ts": "1477428687.000005"
    }
]