[
    {
        "type": "message",
        "user": "U0Q6DBY7Q",
        "text": "",
        "bot_id": "B1H8K1E14",
        "attachments": [
            {
                "fallback": "giphy: http:\/\/giphy.com\/gifs\/8XUt7LilKZwOc",
                "image_url": "http:\/\/media1.giphy.com\/media\/8XUt7LilKZwOc\/giphy.gif",
                "image_width": 500,
                "image_height": 280,
                "image_bytes": 1831691,
                "is_animated": true,
                "title": "canada",
                "footer": "Posted using \/giphy",
                "id": 1,
                "title_link": "http:\/\/giphy.com\/gifs\/8XUt7LilKZwOc"
            }
        ],
        "ts": "1482454400.000003"
    }
]