[
    {
        "type": "message",
        "user": "U0K96PWET",
        "text": "\/giphy victory",
        "attachments": [
            {
                "fallback": "giphy: <http:\/\/giphy.com\/gifs\/exonthebeach-season-5-ex-on-the-beach-mtv-uk-l3vReiIXDDsbAHO0M>",
                "image_url": "http:\/\/media4.giphy.com\/media\/l3vReiIXDDsbAHO0M\/giphy.gif",
                "image_width": 480,
                "image_height": 272,
                "image_bytes": 808202,
                "is_animated": true,
                "title": "victory",
                "id": 1,
                "title_link": "http:\/\/giphy.com\/gifs\/exonthebeach-season-5-ex-on-the-beach-mtv-uk-l3vReiIXDDsbAHO0M"
            }
        ],
        "ts": "1475095347.000002"
    }
]