[
    {
        "type": "message",
        "user": "U0Q6DBY7Q",
        "text": "\/giphy robot man",
        "attachments": [
            {
                "fallback": "giphy: <http:\/\/giphy.com\/gifs\/loop-xXvIkTu08XQLC>",
                "image_url": "http:\/\/media1.giphy.com\/media\/xXvIkTu08XQLC\/giphy.gif",
                "image_width": 500,
                "image_height": 320,
                "image_bytes": 406385,
                "is_animated": true,
                "title": "robot man",
                "id": 1,
                "title_link": "http:\/\/giphy.com\/gifs\/loop-xXvIkTu08XQLC"
            }
        ],
        "ts": "1476189796.000011"
    },
    {
        "type": "message",
        "user": "U06TBPWAW",
        "text": "\/giphy Fire walk",
        "attachments": [
            {
                "fallback": "giphy: <http:\/\/giphy.com\/gifs\/other-twin-peaks-text-B2ohnFAMn8Jvq>",
                "image_url": "http:\/\/media1.giphy.com\/media\/B2ohnFAMn8Jvq\/giphy.gif",
                "image_width": 500,
                "image_height": 226,
                "image_bytes": 470160,
                "is_animated": true,
                "title": "Fire walk",
                "id": 1,
                "title_link": "http:\/\/giphy.com\/gifs\/other-twin-peaks-text-B2ohnFAMn8Jvq"
            }
        ],
        "ts": "1476193511.000012"
    },
    {
        "type": "message",
        "user": "U0Q6DBY7Q",
        "text": "\/giphy walk with me",
        "attachments": [
            {
                "fallback": "giphy: <http:\/\/giphy.com\/gifs\/tegan-and-sara-made-by-me-quin-HeEz2kCHTMqTS>",
                "image_url": "https:\/\/media2.giphy.com\/media\/HeEz2kCHTMqTS\/giphy.gif",
                "image_width": 329,
                "image_height": 280,
                "image_bytes": 1048312,
                "is_animated": true,
                "title": "walk with me",
                "id": 1,
                "title_link": "http:\/\/giphy.com\/gifs\/tegan-and-sara-made-by-me-quin-HeEz2kCHTMqTS"
            }
        ],
        "ts": "1476193650.000013"
    },
    {
        "type": "message",
        "user": "U06TD3AUW",
        "text": "\/giphy surprise heart attack",
        "attachments": [
            {
                "fallback": "giphy: <http:\/\/giphy.com\/gifs\/scream-queens-recaps-XDf2UNzDLbRSw>",
                "image_url": "http:\/\/media1.giphy.com\/media\/XDf2UNzDLbRSw\/giphy.gif",
                "image_width": 500,
                "image_height": 313,
                "image_bytes": 1453930,
                "is_animated": true,
                "title": "surprise heart attack",
                "id": 1,
                "title_link": "http:\/\/giphy.com\/gifs\/scream-queens-recaps-XDf2UNzDLbRSw"
            }
        ],
        "ts": "1476202215.000014"
    },
    {
        "type": "message",
        "user": "U0Q6DBY7Q",
        "text": "\/giphy creepy ice cream",
        "attachments": [
            {
                "fallback": "giphy: <http:\/\/giphy.com\/gifs\/clown-creepy-kruel-ye3iBUwoJreQU>",
                "image_url": "http:\/\/media2.giphy.com\/media\/ye3iBUwoJreQU\/giphy.gif",
                "image_width": 170,
                "image_height": 170,
                "image_bytes": 1018040,
                "is_animated": true,
                "title": "creepy ice cream",
                "id": 1,
                "title_link": "http:\/\/giphy.com\/gifs\/clown-creepy-kruel-ye3iBUwoJreQU"
            }
        ],
        "ts": "1476202254.000015"
    },
    {
        "type": "message",
        "user": "U06TBPWAW",
        "text": "\/giphy clowns",
        "attachments": [
            {
                "fallback": "giphy: <http:\/\/giphy.com\/gifs\/hulu-nickelodeon-rugrats-3o7TKW99L8RT9YfC48>",
                "image_url": "http:\/\/media3.giphy.com\/media\/3o7TKW99L8RT9YfC48\/giphy.gif",
                "image_width": 400,
                "image_height": 275,
                "image_bytes": 1634386,
                "is_animated": true,
                "title": "clowns",
                "id": 1,
                "title_link": "http:\/\/giphy.com\/gifs\/hulu-nickelodeon-rugrats-3o7TKW99L8RT9YfC48"
            }
        ],
        "ts": "1476203450.000016"
    },
    {
        "type": "message",
        "user": "U0Q6DBY7Q",
        "text": "\/giphy bad trip",
        "attachments": [
            {
                "fallback": "giphy: <http:\/\/giphy.com\/gifs\/bojack-horseman-bad-trip-mr-peanutbutter-l2YOv3C3x9DIb0Ufe>",
                "image_url": "https:\/\/media3.giphy.com\/media\/l2YOv3C3x9DIb0Ufe\/giphy.gif",
                "image_width": 500,
                "image_height": 281,
                "image_bytes": 1039508,
                "is_animated": true,
                "title": "bad trip",
                "id": 1,
                "title_link": "http:\/\/giphy.com\/gifs\/bojack-horseman-bad-trip-mr-peanutbutter-l2YOv3C3x9DIb0Ufe"
            }
        ],
        "ts": "1476203583.000017"
    },
    {
        "type": "message",
        "user": "U06TD3AUW",
        "text": "\/giphy brojack",
        "attachments": [
            {
                "fallback": "giphy: <http:\/\/giphy.com\/gifs\/5dBxKjO1bqY9y>",
                "image_url": "https:\/\/media.giphy.com\/media\/5dBxKjO1bqY9y\/giphy-tumblr.gif",
                "image_width": 250,
                "image_height": 140,
                "image_bytes": 805171,
                "is_animated": true,
                "title": "brojack",
                "id": 1,
                "title_link": "http:\/\/giphy.com\/gifs\/5dBxKjO1bqY9y"
            }
        ],
        "ts": "1476203627.000018"
    },
    {
        "type": "message",
        "user": "U06TD3AUW",
        "text": "ok",
        "ts": "1476203640.000019"
    },
    {
        "type": "message",
        "user": "U06TBPWAW",
        "text": "You said brojack when it's bojack ",
        "ts": "1476204440.000020"
    },
    {
        "type": "message",
        "user": "U06TBPWAW",
        "text": "\/giphy jack in the box",
        "attachments": [
            {
                "fallback": "giphy: <http:\/\/giphy.com\/gifs\/will-ferrell-elf-gif-lXmHuSKBb9VQY>",
                "image_url": "http:\/\/media4.giphy.com\/media\/lXmHuSKBb9VQY\/giphy.gif",
                "image_width": 500,
                "image_height": 250,
                "image_bytes": 371183,
                "is_animated": true,
                "title": "jack in the box",
                "id": 1,
                "title_link": "http:\/\/giphy.com\/gifs\/will-ferrell-elf-gif-lXmHuSKBb9VQY"
            }
        ],
        "ts": "1476204465.000021"
    },
    {
        "type": "message",
        "user": "U0LPKBHK2",
        "text": "\/giphy big elf",
        "attachments": [
            {
                "fallback": "giphy: <http:\/\/giphy.com\/gifs\/disney-hot-adorable-L0iFSPyfie3cY>",
                "image_url": "http:\/\/media3.giphy.com\/media\/L0iFSPyfie3cY\/giphy.gif",
                "image_width": 360,
                "image_height": 203,
                "image_bytes": 1020973,
                "is_animated": true,
                "title": "big elf",
                "id": 1,
                "title_link": "http:\/\/giphy.com\/gifs\/disney-hot-adorable-L0iFSPyfie3cY"
            }
        ],
        "ts": "1476205273.000022"
    },
    {
        "type": "message",
        "user": "U0Q6DBY7Q",
        "text": "\/giphy cane attack",
        "attachments": [
            {
                "fallback": "giphy: <http:\/\/giphy.com\/gifs\/monday-night-raw-alex-riley-wwe-gif-I5m54yfjpMaL6>",
                "image_url": "http:\/\/media3.giphy.com\/media\/I5m54yfjpMaL6\/giphy.gif",
                "image_width": 400,
                "image_height": 255,
                "image_bytes": 1147449,
                "is_animated": true,
                "title": "cane attack",
                "id": 1,
                "title_link": "http:\/\/giphy.com\/gifs\/monday-night-raw-alex-riley-wwe-gif-I5m54yfjpMaL6"
            }
        ],
        "ts": "1476226448.000002"
    },
    {
        "type": "message",
        "user": "U0LPKBHK2",
        "text": "\/giphy fake elfin",
        "attachments": [
            {
                "fallback": "giphy: <http:\/\/giphy.com\/gifs\/TECRBa2u3w5ck>",
                "image_url": "https:\/\/media0.giphy.com\/media\/TECRBa2u3w5ck\/giphy.gif",
                "image_width": 320,
                "image_height": 180,
                "image_bytes": 688859,
                "is_animated": true,
                "title": "fake elfin",
                "id": 1,
                "title_link": "http:\/\/giphy.com\/gifs\/TECRBa2u3w5ck"
            }
        ],
        "ts": "1476238713.000002"
    }
]