[
    {
        "type": "message",
        "user": "U0K96PWET",
        "text": "\/giphy fangirls",
        "attachments": [
            {
                "fallback": "giphy: <http:\/\/giphy.com\/gifs\/kawaii-fangirls-at3WYPug9Jx9C>",
                "image_url": "https:\/\/media4.giphy.com\/media\/at3WYPug9Jx9C\/giphy.gif",
                "image_width": 500,
                "image_height": 375,
                "image_bytes": 864389,
                "is_animated": true,
                "title": "fangirls",
                "id": 1,
                "title_link": "http:\/\/giphy.com\/gifs\/kawaii-fangirls-at3WYPug9Jx9C"
            }
        ],
        "ts": "1474385950.000002"
    },
    {
        "type": "message",
        "user": "U06TD3AUW",
        "text": "\/giphy notice me senpai",
        "attachments": [
            {
                "fallback": "giphy: <http:\/\/giphy.com\/gifs\/senpai-onew-gif-ravi-T8dfpS7ty73EY>",
                "image_url": "http:\/\/media0.giphy.com\/media\/T8dfpS7ty73EY\/giphy.gif",
                "image_width": 500,
                "image_height": 281,
                "image_bytes": 485088,
                "is_animated": true,
                "title": "notice me senpai",
                "id": 1,
                "title_link": "http:\/\/giphy.com\/gifs\/senpai-onew-gif-ravi-T8dfpS7ty73EY"
            }
        ],
        "ts": "1474386628.000003"
    },
    {
        "type": "message",
        "user": "U06TBPWAW",
        "text": "\/giphy guy fawkes",
        "attachments": [
            {
                "fallback": "giphy: <http:\/\/giphy.com\/gifs\/g1ft3d-art-film-qJHXa4CCcONOM>",
                "image_url": "http:\/\/media1.giphy.com\/media\/qJHXa4CCcONOM\/giphy.gif",
                "image_width": 500,
                "image_height": 500,
                "image_bytes": 378760,
                "is_animated": true,
                "title": "guy fawkes",
                "id": 1,
                "title_link": "http:\/\/giphy.com\/gifs\/g1ft3d-art-film-qJHXa4CCcONOM"
            }
        ],
        "ts": "1474386882.000004"
    },
    {
        "type": "message",
        "user": "U0L74J1CN",
        "text": "\/giphy V for Vendetta",
        "attachments": [
            {
                "fallback": "giphy: <http:\/\/giphy.com\/gifs\/natalie-portman-v-for-vendetta-aHTfalI23WyAw>",
                "image_url": "https:\/\/media4.giphy.com\/media\/aHTfalI23WyAw\/giphy.gif",
                "image_width": 360,
                "image_height": 270,
                "image_bytes": 631408,
                "is_animated": true,
                "title": "V for Vendetta",
                "id": 1,
                "title_link": "http:\/\/giphy.com\/gifs\/natalie-portman-v-for-vendetta-aHTfalI23WyAw"
            }
        ],
        "ts": "1474387263.000005"
    },
    {
        "type": "message",
        "user": "U06TD3AUW",
        "text": "\/giphy bald woman",
        "attachments": [
            {
                "fallback": "giphy: <http:\/\/giphy.com\/gifs\/SYTYCD-sytycd-season-11-preach-2RBkj1MMwnJmM>",
                "image_url": "http:\/\/media2.giphy.com\/media\/2RBkj1MMwnJmM\/giphy.gif",
                "image_width": 501,
                "image_height": 227,
                "image_bytes": 797347,
                "is_animated": true,
                "title": "bald woman",
                "id": 1,
                "title_link": "http:\/\/giphy.com\/gifs\/SYTYCD-sytycd-season-11-preach-2RBkj1MMwnJmM"
            }
        ],
        "ts": "1474387860.000006"
    },
    {
        "type": "message",
        "user": "U0LPKBHK2",
        "text": "\/giphy bald is new cool",
        "attachments": [
            {
                "fallback": "giphy: <http:\/\/giphy.com\/gifs\/77E6sCYLRrOM>",
                "image_url": "https:\/\/media3.giphy.com\/media\/77E6sCYLRrOM\/giphy.gif",
                "image_width": 350,
                "image_height": 523,
                "image_bytes": 837742,
                "is_animated": true,
                "title": "bald is new cool",
                "id": 1,
                "title_link": "http:\/\/giphy.com\/gifs\/77E6sCYLRrOM"
            }
        ],
        "ts": "1474388118.000007"
    },
    {
        "type": "message",
        "user": "U06TD3AUW",
        "text": "\/giphy birdman",
        "attachments": [
            {
                "fallback": "giphy: <http:\/\/giphy.com\/gifs\/money-birdman-cash-zeccxaOfU2PWo>",
                "image_url": "http:\/\/media3.giphy.com\/media\/zeccxaOfU2PWo\/giphy.gif",
                "image_width": 500,
                "image_height": 263,
                "image_bytes": 1020824,
                "is_animated": true,
                "title": "birdman",
                "id": 1,
                "title_link": "http:\/\/giphy.com\/gifs\/money-birdman-cash-zeccxaOfU2PWo"
            }
        ],
        "ts": "1474388177.000008"
    },
    {
        "type": "message",
        "user": "U06TD3AUW",
        "text": "(am I the only one who gets goosebumps when I see people rub their hands together? lol Idk why it always happens to me)",
        "edited": {
            "user": "U06TD3AUW",
            "ts": "1474388225.000000"
        },
        "ts": "1474388222.000009"
    },
    {
        "type": "message",
        "user": "U0K96PWET",
        "text": "\/giphy jason has goosebumps",
        "attachments": [
            {
                "fallback": "giphy: <http:\/\/giphy.com\/gifs\/video-goosebumps-daze-rgG0HrsfR7Bny>",
                "image_url": "http:\/\/media1.giphy.com\/media\/rgG0HrsfR7Bny\/giphy.gif",
                "image_width": 500,
                "image_height": 295,
                "image_bytes": 499773,
                "is_animated": true,
                "title": "jason has goosebumps",
                "id": 1,
                "title_link": "http:\/\/giphy.com\/gifs\/video-goosebumps-daze-rgG0HrsfR7Bny"
            }
        ],
        "ts": "1474389886.000011"
    },
    {
        "type": "message",
        "user": "U0K96PWET",
        "text": "\/giphy stop collaborate and listen",
        "attachments": [
            {
                "fallback": "giphy: <http:\/\/giphy.com\/gifs\/M4mWdsMaUqsSc>",
                "image_url": "https:\/\/media2.giphy.com\/media\/M4mWdsMaUqsSc\/giphy.gif",
                "image_width": 245,
                "image_height": 150,
                "image_bytes": 754635,
                "is_animated": true,
                "title": "stop collaborate and listen",
                "id": 1,
                "title_link": "http:\/\/giphy.com\/gifs\/M4mWdsMaUqsSc"
            }
        ],
        "ts": "1474390094.000012"
    },
    {
        "type": "message",
        "user": "U0LPKBHK2",
        "text": "\/giphy for good",
        "attachments": [
            {
                "fallback": "giphy: <http:\/\/giphy.com\/gifs\/playboyfragrances-l0MYKO0EWhuiZQ2RO>",
                "image_url": "http:\/\/media.giphy.com\/media\/l0MYKO0EWhuiZQ2RO\/giphy-tumblr.gif",
                "image_width": 250,
                "image_height": 250,
                "image_bytes": 1408769,
                "is_animated": true,
                "title": "for good",
                "id": 1,
                "title_link": "http:\/\/giphy.com\/gifs\/playboyfragrances-l0MYKO0EWhuiZQ2RO"
            }
        ],
        "ts": "1474404757.000004"
    },
    {
        "type": "message",
        "user": "U06TD3AUW",
        "text": "\/giphy clap clap clap",
        "attachments": [
            {
                "fallback": "giphy: <http:\/\/giphy.com\/gifs\/election2016-chris-christie-26hitHKYT2iHlKY0g>",
                "image_url": "http:\/\/media.giphy.com\/media\/26hitHKYT2iHlKY0g\/giphy-tumblr.gif",
                "image_width": 250,
                "image_height": 138,
                "image_bytes": 1200925,
                "is_animated": true,
                "title": "clap clap clap",
                "id": 1,
                "title_link": "http:\/\/giphy.com\/gifs\/election2016-chris-christie-26hitHKYT2iHlKY0g"
            }
        ],
        "ts": "1474404779.000005"
    },
    {
        "type": "message",
        "user": "U0LPKBHK2",
        "text": "Those gifs suck ",
        "ts": "1474404794.000006"
    },
    {
        "user": "U1P0V3T7D",
        "text": "<@U1P0V3T7D|kaylasayth> has joined the channel",
        "type": "message",
        "subtype": "channel_join",
        "ts": "1474418086.000002"
    }
]