[
    {
        "type": "message",
        "user": "U0Q6DBY7Q",
        "text": "\/giphy i believe you have my stapler",
        "bot_id": "B1H8K1E14",
        "attachments": [
            {
                "fallback": "giphy: <http:\/\/giphy.com\/gifs\/h6ENcOv3s7J5K>",
                "image_url": "https:\/\/media.giphy.com\/media\/h6ENcOv3s7J5K\/giphy-tumblr.gif",
                "image_width": 250,
                "image_height": 140,
                "image_bytes": 1321315,
                "is_animated": true,
                "title": "i believe you have my stapler",
                "id": 1,
                "title_link": "http:\/\/giphy.com\/gifs\/h6ENcOv3s7J5K"
            }
        ],
        "ts": "1478553153.000002"
    },
    {
        "type": "message",
        "user": "U0Q6DBY7Q",
        "text": "I don't see the connection, but I still appreciate it.",
        "ts": "1478553177.000003"
    },
    {
        "type": "message",
        "user": "U0KR8R2P9",
        "text": "\/giphy peekaboo",
        "bot_id": "B1H8K1E14",
        "attachments": [
            {
                "fallback": "giphy: <http:\/\/giphy.com\/gifs\/hulu-snl-saturday-night-live-nbc-3o7TKGt3J8FeLRvYiY>",
                "image_url": "http:\/\/media2.giphy.com\/media\/3o7TKGt3J8FeLRvYiY\/giphy.gif",
                "image_width": 400,
                "image_height": 275,
                "image_bytes": 1459071,
                "is_animated": true,
                "title": "peekaboo",
                "id": 1,
                "title_link": "http:\/\/giphy.com\/gifs\/hulu-snl-saturday-night-live-nbc-3o7TKGt3J8FeLRvYiY"
            }
        ],
        "ts": "1478558313.000002"
    }
]