[
    {
        "type": "message",
        "user": "U0Q6DBY7Q",
        "text": "",
        "bot_id": "B1H8K1E14",
        "attachments": [
            {
                "fallback": "giphy: http:\/\/giphy.com\/gifs\/what-eRLbwgUzH0z0A",
                "image_url": "http:\/\/media3.giphy.com\/media\/eRLbwgUzH0z0A\/giphy.gif",
                "image_width": 540,
                "image_height": 303,
                "image_bytes": 740473,
                "is_animated": true,
                "title": "morning ride",
                "footer": "Posted using \/giphy",
                "id": 1,
                "title_link": "http:\/\/giphy.com\/gifs\/what-eRLbwgUzH0z0A"
            }
        ],
        "ts": "1481311811.000002"
    },
    {
        "type": "message",
        "user": "U0Q6DBY7Q",
        "text": "damn, giphy",
        "ts": "1481311824.000003"
    },
    {
        "type": "message",
        "user": "U0K96PWET",
        "text": "giphy gettin hostile",
        "ts": "1481314423.000004"
    },
    {
        "type": "message",
        "user": "U0K96PWET",
        "text": "",
        "bot_id": "B1H8K1E14",
        "attachments": [
            {
                "fallback": "giphy: http:\/\/giphy.com\/gifs\/music-video-COlgWKLUyBp3G",
                "image_url": "http:\/\/media2.giphy.com\/media\/COlgWKLUyBp3G\/giphy.gif",
                "image_width": 500,
                "image_height": 278,
                "image_bytes": 944567,
                "is_animated": true,
                "title": "public enemy",
                "footer": "Posted using \/giphy",
                "id": 1,
                "title_link": "http:\/\/giphy.com\/gifs\/music-video-COlgWKLUyBp3G"
            }
        ],
        "ts": "1481314792.000005"
    }
]