[
    {
        "type": "message",
        "user": "U06TBPWAW",
        "text": "\/giphy denied",
        "attachments": [
            {
                "fallback": "giphy: <http:\/\/giphy.com\/gifs\/reaction-awkward-laughing-omugwy1awOCB2>",
                "image_url": "http:\/\/media4.giphy.com\/media\/omugwy1awOCB2\/giphy.gif",
                "image_width": 270,
                "image_height": 140,
                "image_bytes": 1042148,
                "is_animated": true,
                "title": "denied",
                "id": 1,
                "title_link": "http:\/\/giphy.com\/gifs\/reaction-awkward-laughing-omugwy1awOCB2"
            }
        ],
        "ts": "1475853394.000002"
    },
    {
        "type": "message",
        "user": "U0Q6DBY7Q",
        "text": "\/giphy mom hairstyle",
        "attachments": [
            {
                "fallback": "giphy: <http:\/\/giphy.com\/gifs\/mom-bFfi8Cuqq8zMQ>",
                "image_url": "http:\/\/media0.giphy.com\/media\/bFfi8Cuqq8zMQ\/giphy.gif",
                "image_width": 400,
                "image_height": 225,
                "image_bytes": 989018,
                "is_animated": true,
                "title": "mom hairstyle",
                "id": 1,
                "title_link": "http:\/\/giphy.com\/gifs\/mom-bFfi8Cuqq8zMQ"
            }
        ],
        "ts": "1475856761.000003"
    },
    {
        "type": "message",
        "user": "U0K96PWET",
        "text": "\/giphy honey boo boo mom",
        "attachments": [
            {
                "fallback": "giphy: <http:\/\/giphy.com\/gifs\/honey-boo-gif-child-YIUVxx11ZgAmI>",
                "image_url": "http:\/\/media3.giphy.com\/media\/YIUVxx11ZgAmI\/giphy.gif",
                "image_width": 400,
                "image_height": 225,
                "image_bytes": 713338,
                "is_animated": true,
                "title": "honey boo boo mom",
                "id": 1,
                "title_link": "http:\/\/giphy.com\/gifs\/honey-boo-gif-child-YIUVxx11ZgAmI"
            }
        ],
        "ts": "1475867339.000004"
    },
    {
        "type": "message",
        "user": "U06TBPWAW",
        "text": "\/giphy Dolla dolla bills ya'll",
        "attachments": [
            {
                "fallback": "giphy: <http:\/\/giphy.com\/gifs\/make-it-rain-mad-money-dolla-bill-yall-CX37AcOejRpdK>",
                "image_url": "http:\/\/media4.giphy.com\/media\/CX37AcOejRpdK\/giphy.gif",
                "image_width": 500,
                "image_height": 281,
                "image_bytes": 381645,
                "is_animated": true,
                "title": "Dolla dolla bills ya'll",
                "id": 1,
                "title_link": "http:\/\/giphy.com\/gifs\/make-it-rain-mad-money-dolla-bill-yall-CX37AcOejRpdK"
            }
        ],
        "ts": "1475867815.000005"
    },
    {
        "type": "message",
        "user": "U0Q6DBY7Q",
        "text": "\/giphy mo money mo problems",
        "attachments": [
            {
                "fallback": "giphy: <http:\/\/giphy.com\/gifs\/will-smith-notorious-big-busta-rhymes-xv7ngBv35OXXG>",
                "image_url": "http:\/\/media4.giphy.com\/media\/xv7ngBv35OXXG\/giphy.gif",
                "image_width": 369,
                "image_height": 270,
                "image_bytes": 1290123,
                "is_animated": true,
                "title": "mo money mo problems",
                "id": 1,
                "title_link": "http:\/\/giphy.com\/gifs\/will-smith-notorious-big-busta-rhymes-xv7ngBv35OXXG"
            }
        ],
        "ts": "1475867841.000006"
    },
    {
        "type": "message",
        "user": "U06TBPWAW",
        "text": "\/giphy gettin’ jiggy wit it",
        "attachments": [
            {
                "fallback": "giphy: <http:\/\/giphy.com\/gifs\/gettin-m2j3m54I6U9C8>",
                "image_url": "http:\/\/media.giphy.com\/media\/m2j3m54I6U9C8\/giphy-tumblr.gif",
                "image_width": 250,
                "image_height": 115,
                "image_bytes": 874085,
                "is_animated": true,
                "title": "gettin' jiggy wit it",
                "id": 1,
                "title_link": "http:\/\/giphy.com\/gifs\/gettin-m2j3m54I6U9C8"
            }
        ],
        "ts": "1475867874.000007"
    }
]