[
    {
        "type": "message",
        "user": "U0L74J1CN",
        "text": "\/giphy reverse ENHANCE",
        "attachments": [
            {
                "fallback": "giphy: <http:\/\/giphy.com\/gifs\/gh-850-BhVGVWVgXDVi8>",
                "image_url": "http:\/\/media.giphy.com\/media\/BhVGVWVgXDVi8\/giphy-tumblr.gif",
                "image_width": 424,
                "image_height": 240,
                "image_bytes": 1179665,
                "is_animated": true,
                "title": "reverse ENHANCE",
                "id": 1,
                "title_link": "http:\/\/giphy.com\/gifs\/gh-850-BhVGVWVgXDVi8"
            }
        ],
        "ts": "1475773345.000002"
    },
    {
        "type": "message",
        "user": "U0K96PWET",
        "text": "\/giphy scorpion",
        "attachments": [
            {
                "fallback": "giphy: <http:\/\/giphy.com\/gifs\/mortal-kombat-johnny-cage-sonya-blade-5n3ZO8jVcAQow>",
                "image_url": "http:\/\/media1.giphy.com\/media\/5n3ZO8jVcAQow\/giphy.gif",
                "image_width": 500,
                "image_height": 281,
                "image_bytes": 1513570,
                "is_animated": true,
                "title": "scorpion",
                "id": 1,
                "title_link": "http:\/\/giphy.com\/gifs\/mortal-kombat-johnny-cage-sonya-blade-5n3ZO8jVcAQow"
            }
        ],
        "ts": "1475773458.000003"
    },
    {
        "type": "message",
        "user": "U06TD3AUW",
        "text": "\/giphy GET OVER HERE",
        "attachments": [
            {
                "fallback": "giphy: <http:\/\/giphy.com\/gifs\/family-matters-steve-urkel-kiss-me-1MUCLtrb8KlnG>",
                "image_url": "https:\/\/media4.giphy.com\/media\/1MUCLtrb8KlnG\/giphy.gif",
                "image_width": 350,
                "image_height": 237,
                "image_bytes": 1010783,
                "is_animated": true,
                "title": "GET OVER HERE",
                "id": 1,
                "title_link": "http:\/\/giphy.com\/gifs\/family-matters-steve-urkel-kiss-me-1MUCLtrb8KlnG"
            }
        ],
        "ts": "1475775683.000004"
    },
    {
        "type": "message",
        "user": "U0K96PWET",
        "text": "well that was a sudden mood shift",
        "ts": "1475775763.000005",
        "reactions": [
            {
                "name": "heart",
                "users": [
                    "U0Q6DBY7Q"
                ],
                "count": 1
            }
        ]
    },
    {
        "type": "message",
        "user": "U0LPKBHK2",
        "text": ":joy: :+1: ",
        "ts": "1475777033.000006"
    },
    {
        "type": "message",
        "user": "U06TBPWAW",
        "text": "\/giphy She kissed me I swear",
        "attachments": [
            {
                "fallback": "giphy: <http:\/\/giphy.com\/gifs\/swearing-swears-PdCoTjnKcdf7W>",
                "image_url": "http:\/\/media2.giphy.com\/media\/PdCoTjnKcdf7W\/giphy.gif",
                "image_width": 525,
                "image_height": 296,
                "image_bytes": 1896113,
                "is_animated": true,
                "title": "She kissed me I swear",
                "id": 1,
                "title_link": "http:\/\/giphy.com\/gifs\/swearing-swears-PdCoTjnKcdf7W"
            }
        ],
        "ts": "1475781537.000007"
    },
    {
        "type": "message",
        "user": "U0Q6DBY7Q",
        "text": "\/giphy hipster argument",
        "attachments": [
            {
                "fallback": "giphy: <http:\/\/giphy.com\/gifs\/taylor-swift-cZiL6yNdg3SUg>",
                "image_url": "http:\/\/media2.giphy.com\/media\/cZiL6yNdg3SUg\/giphy.gif",
                "image_width": 500,
                "image_height": 281,
                "image_bytes": 923158,
                "is_animated": true,
                "title": "hipster argument",
                "id": 1,
                "title_link": "http:\/\/giphy.com\/gifs\/taylor-swift-cZiL6yNdg3SUg"
            }
        ],
        "ts": "1475781663.000008"
    },
    {
        "type": "message",
        "user": "U06TBPWAW",
        "text": "\/giphy T-swift",
        "attachments": [
            {
                "fallback": "giphy: <http:\/\/giphy.com\/gifs\/taylor-swift-tay-ZDqdDhgHpvQXK>",
                "image_url": "https:\/\/media4.giphy.com\/media\/ZDqdDhgHpvQXK\/giphy.gif",
                "image_width": 320,
                "image_height": 240,
                "image_bytes": 558661,
                "is_animated": true,
                "title": "T-swift",
                "id": 1,
                "title_link": "http:\/\/giphy.com\/gifs\/taylor-swift-tay-ZDqdDhgHpvQXK"
            }
        ],
        "ts": "1475781736.000009"
    },
    {
        "type": "message",
        "user": "U0L74J1CN",
        "text": "\/giphy vintage look",
        "attachments": [
            {
                "fallback": "giphy: <http:\/\/giphy.com\/gifs\/90s-retro-commercials-26tPcsMATz2ZfOMuY>",
                "image_url": "http:\/\/media1.giphy.com\/media\/26tPcsMATz2ZfOMuY\/giphy.gif",
                "image_width": 480,
                "image_height": 360,
                "image_bytes": 1176194,
                "is_animated": true,
                "title": "vintage look",
                "id": 1,
                "title_link": "http:\/\/giphy.com\/gifs\/90s-retro-commercials-26tPcsMATz2ZfOMuY"
            }
        ],
        "ts": "1475781858.000010"
    },
    {
        "type": "message",
        "user": "U0K96PWET",
        "text": "\/giphy SANTA CLAUS",
        "attachments": [
            {
                "fallback": "giphy: <http:\/\/giphy.com\/gifs\/christmas-santa-kids-OeoPXQPSzteiA>",
                "image_url": "http:\/\/media1.giphy.com\/media\/OeoPXQPSzteiA\/giphy.gif",
                "image_width": 500,
                "image_height": 383,
                "image_bytes": 1486754,
                "is_animated": true,
                "title": "SANTA CLAUS",
                "id": 1,
                "title_link": "http:\/\/giphy.com\/gifs\/christmas-santa-kids-OeoPXQPSzteiA"
            }
        ],
        "ts": "1475781876.000011"
    },
    {
        "type": "message",
        "user": "U06TBPWAW",
        "text": "\/giphy Dat left hook",
        "attachments": [
            {
                "fallback": "giphy: <http:\/\/giphy.com\/gifs\/d9bk06pB72I9y>",
                "image_url": "https:\/\/media1.giphy.com\/media\/d9bk06pB72I9y\/giphy.gif",
                "image_width": 500,
                "image_height": 248,
                "image_bytes": 1943952,
                "is_animated": true,
                "title": "Dat left hook",
                "id": 1,
                "title_link": "http:\/\/giphy.com\/gifs\/d9bk06pB72I9y"
            }
        ],
        "ts": "1475782044.000012"
    },
    {
        "type": "message",
        "user": "U0Q6DBY7Q",
        "text": "\/giphy sorry kid",
        "attachments": [
            {
                "fallback": "giphy: <http:\/\/giphy.com\/gifs\/soulpancake-kidpresident-ag414vKI3oseY>",
                "image_url": "https:\/\/media2.giphy.com\/media\/ag414vKI3oseY\/giphy.gif",
                "image_width": 480,
                "image_height": 270,
                "image_bytes": 746562,
                "is_animated": true,
                "title": "sorry kid",
                "id": 1,
                "title_link": "http:\/\/giphy.com\/gifs\/soulpancake-kidpresident-ag414vKI3oseY"
            }
        ],
        "ts": "1475782066.000013"
    },
    {
        "type": "message",
        "user": "U06TBPWAW",
        "text": "\/giphy Kid President",
        "attachments": [
            {
                "fallback": "giphy: <http:\/\/giphy.com\/gifs\/soulpancake-dance-kid-president-kidpresident-at6yMqw90cdu8>",
                "image_url": "http:\/\/media4.giphy.com\/media\/at6yMqw90cdu8\/giphy.gif",
                "image_width": 480,
                "image_height": 270,
                "image_bytes": 835487,
                "is_animated": true,
                "title": "Kid President",
                "id": 1,
                "title_link": "http:\/\/giphy.com\/gifs\/soulpancake-dance-kid-president-kidpresident-at6yMqw90cdu8"
            }
        ],
        "ts": "1475782095.000014"
    },
    {
        "type": "message",
        "user": "U0Q6DBY7Q",
        "text": "\/giphy dad dance moves",
        "attachments": [
            {
                "fallback": "giphy: <http:\/\/giphy.com\/gifs\/dance-tom-brady-3owyoZnkbxlzxbNEgU>",
                "image_url": "http:\/\/media.giphy.com\/media\/3owyoZnkbxlzxbNEgU\/giphy-tumblr.gif",
                "image_width": 250,
                "image_height": 140,
                "image_bytes": 1092001,
                "is_animated": true,
                "title": "dad dance moves",
                "id": 1,
                "title_link": "http:\/\/giphy.com\/gifs\/dance-tom-brady-3owyoZnkbxlzxbNEgU"
            }
        ],
        "ts": "1475782146.000015"
    },
    {
        "type": "message",
        "user": "U0L74J1CN",
        "text": "\/giphy white people dancing",
        "attachments": [
            {
                "fallback": "giphy: <http:\/\/giphy.com\/gifs\/ufc-dance-hit-the-quan-paige-vanzant-xThuWiqMCkx9lk3VbG>",
                "image_url": "http:\/\/media.giphy.com\/media\/xThuWiqMCkx9lk3VbG\/giphy-tumblr.gif",
                "image_width": 250,
                "image_height": 140,
                "image_bytes": 596381,
                "is_animated": true,
                "title": "white people dancing",
                "id": 1,
                "title_link": "http:\/\/giphy.com\/gifs\/ufc-dance-hit-the-quan-paige-vanzant-xThuWiqMCkx9lk3VbG"
            }
        ],
        "ts": "1475789034.000016",
        "reactions": [
            {
                "name": "joy",
                "users": [
                    "U0Q6DBY7Q"
                ],
                "count": 1
            },
            {
                "name": "party_parrot",
                "users": [
                    "U0Q6DBY7Q"
                ],
                "count": 1
            }
        ]
    },
    {
        "type": "message",
        "user": "U0Q6DBY7Q",
        "text": "\/giphy awkward hands",
        "attachments": [
            {
                "fallback": "giphy: <http:\/\/giphy.com\/gifs\/home-video-awkward-train-OKGKS9hAE6Nry>",
                "image_url": "http:\/\/media.giphy.com\/media\/OKGKS9hAE6Nry\/giphy-tumblr.gif",
                "image_width": 250,
                "image_height": 250,
                "image_bytes": 1592435,
                "is_animated": true,
                "title": "awkward hands",
                "id": 1,
                "title_link": "http:\/\/giphy.com\/gifs\/home-video-awkward-train-OKGKS9hAE6Nry"
            }
        ],
        "ts": "1475789107.000017"
    },
    {
        "type": "message",
        "user": "U06TD3AUW",
        "text": "\/giphy late reaction",
        "attachments": [
            {
                "fallback": "giphy: <http:\/\/giphy.com\/gifs\/cheezburger-cat-water-J2Z9Pflozn1rW>",
                "image_url": "http:\/\/media1.giphy.com\/media\/J2Z9Pflozn1rW\/giphy.gif",
                "image_width": 256,
                "image_height": 192,
                "image_bytes": 1709961,
                "is_animated": true,
                "title": "late reaction",
                "id": 1,
                "title_link": "http:\/\/giphy.com\/gifs\/cheezburger-cat-water-J2Z9Pflozn1rW"
            }
        ],
        "ts": "1475789169.000018"
    },
    {
        "type": "message",
        "user": "U0L74J1CN",
        "text": "\/giphy scaredy cat",
        "attachments": [
            {
                "fallback": "giphy: <http:\/\/giphy.com\/gifs\/lagalaxy-robbie-keane-gio-dos-santos-jovan-kirovski-3o85xy6RpH6NtToQVi>",
                "image_url": "http:\/\/media.giphy.com\/media\/3o85xy6RpH6NtToQVi\/giphy-tumblr.gif",
                "image_width": 250,
                "image_height": 250,
                "image_bytes": 1616132,
                "is_animated": true,
                "title": "scaredy cat",
                "id": 1,
                "title_link": "http:\/\/giphy.com\/gifs\/lagalaxy-robbie-keane-gio-dos-santos-jovan-kirovski-3o85xy6RpH6NtToQVi"
            }
        ],
        "ts": "1475796789.000019"
    },
    {
        "type": "message",
        "user": "U0Q6DBY7Q",
        "text": "\/giphy bad friend",
        "attachments": [
            {
                "fallback": "giphy: <http:\/\/giphy.com\/gifs\/girlshbo-girls-hannah-jessa-u354mY5mURxle>",
                "image_url": "http:\/\/media4.giphy.com\/media\/u354mY5mURxle\/giphy.gif",
                "image_width": 400,
                "image_height": 200,
                "image_bytes": 1021752,
                "is_animated": true,
                "title": "bad friend",
                "id": 1,
                "title_link": "http:\/\/giphy.com\/gifs\/girlshbo-girls-hannah-jessa-u354mY5mURxle"
            }
        ],
        "ts": "1475799017.000020"
    },
    {
        "type": "message",
        "user": "U06TD3AUW",
        "text": "\/giphy put your middle fingers high in the sky!",
        "attachments": [
            {
                "fallback": "giphy: <http:\/\/giphy.com\/gifs\/finger-middle-stealth-KTIdvQcLuSXfy>",
                "image_url": "http:\/\/media.giphy.com\/media\/KTIdvQcLuSXfy\/giphy-tumblr.gif",
                "image_width": 250,
                "image_height": 106,
                "image_bytes": 1192446,
                "is_animated": true,
                "title": "put your middle fingers high in the sky!",
                "id": 1,
                "title_link": "http:\/\/giphy.com\/gifs\/finger-middle-stealth-KTIdvQcLuSXfy"
            }
        ],
        "ts": "1475799390.000021"
    }
]