[
    {
        "type": "message",
        "user": "U0K96PWET",
        "text": "",
        "bot_id": "B1H8K1E14",
        "attachments": [
            {
                "fallback": "giphy: http:\/\/giphy.com\/gifs\/apple-ATzCAQ5YeSLm0",
                "image_url": "http:\/\/media.giphy.com\/media\/ATzCAQ5YeSLm0\/giphy-tumblr.gif",
                "image_width": 500,
                "image_height": 240,
                "image_bytes": 1397915,
                "is_animated": true,
                "title": "get an apple",
                "footer": "Posted using \/giphy",
                "id": 1,
                "title_link": "http:\/\/giphy.com\/gifs\/apple-ATzCAQ5YeSLm0"
            }
        ],
        "ts": "1482170309.000002"
    }
]