[
    {
        "type": "message",
        "user": "U0K96PWET",
        "text": "",
        "bot_id": "B1H8K1E14",
        "attachments": [
            {
                "fallback": "giphy: http:\/\/giphy.com\/gifs\/UjJ4GlWRt2uGY",
                "image_url": "https:\/\/media.giphy.com\/media\/UjJ4GlWRt2uGY\/giphy-tumblr.gif",
                "image_width": 175,
                "image_height": 250,
                "image_bytes": 1324353,
                "is_animated": true,
                "title": "salutations",
                "footer": "Posted using \/giphy",
                "id": 1,
                "title_link": "http:\/\/giphy.com\/gifs\/UjJ4GlWRt2uGY"
            }
        ],
        "ts": "1481222969.000002"
    }
]