[
    {
        "type": "message",
        "user": "U0K96PWET",
        "text": "",
        "bot_id": "B1H8K1E14",
        "attachments": [
            {
                "fallback": "giphy: http:\/\/giphy.com\/gifs\/Yg3u5U4nuRolO",
                "image_url": "https:\/\/media0.giphy.com\/media\/Yg3u5U4nuRolO\/giphy.gif",
                "image_width": 640,
                "image_height": 400,
                "image_bytes": 73854,
                "is_animated": true,
                "title": "shop till you drop",
                "footer": "Posted using \/giphy",
                "id": 1,
                "title_link": "http:\/\/giphy.com\/gifs\/Yg3u5U4nuRolO"
            }
        ],
        "ts": "1480641131.000002",
        "reactions": [
            {
                "name": "disappointed",
                "users": [
                    "U0K96PWET",
                    "U0Q6DBY7Q"
                ],
                "count": 2
            }
        ]
    },
    {
        "type": "message",
        "user": "U0Q6DBY7Q",
        "text": "",
        "bot_id": "B1H8K1E14",
        "attachments": [
            {
                "fallback": "giphy: http:\/\/giphy.com\/gifs\/depressed-6voSmjmP70hQk",
                "image_url": "http:\/\/media2.giphy.com\/media\/6voSmjmP70hQk\/giphy.gif",
                "image_width": 320,
                "image_height": 362,
                "image_bytes": 888189,
                "is_animated": true,
                "title": "surprisingly depressing",
                "footer": "Posted using \/giphy",
                "id": 1,
                "title_link": "http:\/\/giphy.com\/gifs\/depressed-6voSmjmP70hQk"
            }
        ],
        "ts": "1480648239.000003"
    },
    {
        "type": "message",
        "user": "U0K96PWET",
        "text": "so creepy...",
        "ts": "1480648263.000004"
    },
    {
        "type": "message",
        "user": "U0K96PWET",
        "text": "",
        "bot_id": "B1H8K1E14",
        "attachments": [
            {
                "fallback": "giphy: http:\/\/giphy.com\/gifs\/80s-psa-smokey-the-bear-AfR1bHjbJIJNu",
                "image_url": "http:\/\/media4.giphy.com\/media\/AfR1bHjbJIJNu\/giphy.gif",
                "image_width": 400,
                "image_height": 288,
                "image_bytes": 1845901,
                "is_animated": true,
                "title": "creepy bear",
                "footer": "Posted using \/giphy",
                "id": 1,
                "title_link": "http:\/\/giphy.com\/gifs\/80s-psa-smokey-the-bear-AfR1bHjbJIJNu"
            }
        ],
        "ts": "1480648271.000005"
    },
    {
        "type": "message",
        "user": "U0K96PWET",
        "text": "ahhhhhh",
        "ts": "1480648277.000006",
        "reactions": [
            {
                "name": "scream_cat",
                "users": [
                    "U0K96PWET",
                    "U0Q6DBY7Q"
                ],
                "count": 2
            }
        ]
    },
    {
        "type": "message",
        "user": "U0Q6DBY7Q",
        "text": "",
        "bot_id": "B1H8K1E14",
        "attachments": [
            {
                "fallback": "giphy: http:\/\/giphy.com\/gifs\/filmeditor-the-exorcist-possessed-l2YWv9DiSY5pX5LUc",
                "image_url": "http:\/\/media2.giphy.com\/media\/l2YWv9DiSY5pX5LUc\/giphy-tumblr.gif",
                "image_width": 250,
                "image_height": 139,
                "image_bytes": 759023,
                "is_animated": true,
                "title": "exorcist",
                "footer": "Posted using \/giphy",
                "id": 1,
                "title_link": "http:\/\/giphy.com\/gifs\/filmeditor-the-exorcist-possessed-l2YWv9DiSY5pX5LUc"
            }
        ],
        "ts": "1480648396.000007"
    },
    {
        "type": "message",
        "user": "U0K96PWET",
        "text": "psh that's just me when I wake up every morning",
        "ts": "1480648456.000008"
    }
]