[
    {
        "type": "message",
        "user": "U0Q6DBY7Q",
        "text": "\/giphy dark ages",
        "attachments": [
            {
                "fallback": "giphy: <http:\/\/giphy.com\/gifs\/3o72Fj9nGKpQPdJ6us>",
                "image_url": "http:\/\/media.giphy.com\/media\/3o72Fj9nGKpQPdJ6us\/giphy-tumblr.gif",
                "image_width": 250,
                "image_height": 163,
                "image_bytes": 784727,
                "is_animated": true,
                "title": "dark ages",
                "id": 1,
                "title_link": "http:\/\/giphy.com\/gifs\/3o72Fj9nGKpQPdJ6us"
            }
        ],
        "ts": "1476647944.000002"
    },
    {
        "type": "message",
        "user": "U0Q6DBY7Q",
        "text": "Wtf?",
        "ts": "1476647961.000003"
    },
    {
        "type": "message",
        "user": "U06TBPWAW",
        "text": "\/giphy Me without my makeup",
        "attachments": [
            {
                "fallback": "giphy: <http:\/\/giphy.com\/gifs\/eyebrows-on-fleek-13GKiYkfhCrWc8>",
                "image_url": "http:\/\/media0.giphy.com\/media\/13GKiYkfhCrWc8\/giphy.gif",
                "image_width": 360,
                "image_height": 285,
                "image_bytes": 752316,
                "is_animated": true,
                "title": "Me without my makeup",
                "id": 1,
                "title_link": "http:\/\/giphy.com\/gifs\/eyebrows-on-fleek-13GKiYkfhCrWc8"
            }
        ],
        "ts": "1476648285.000004"
    },
    {
        "type": "message",
        "user": "U0K96PWET",
        "text": "\/giphy eyebrows on fleek",
        "attachments": [
            {
                "fallback": "giphy: <http:\/\/giphy.com\/gifs\/shawbrothersuniverse-martial-arts-shaw-brothers-house-of-traps-9NldtmowSljsQ>",
                "image_url": "http:\/\/media0.giphy.com\/media\/9NldtmowSljsQ\/giphy.gif",
                "image_width": 480,
                "image_height": 240,
                "image_bytes": 514382,
                "is_animated": true,
                "title": "eyebrows on fleek",
                "id": 1,
                "title_link": "http:\/\/giphy.com\/gifs\/shawbrothersuniverse-martial-arts-shaw-brothers-house-of-traps-9NldtmowSljsQ"
            }
        ],
        "ts": "1476648392.000005"
    },
    {
        "type": "message",
        "user": "U0K96PWET",
        "text": "Bah!",
        "ts": "1476648396.000006"
    },
    {
        "type": "message",
        "user": "U0K96PWET",
        "text": "oh giphy you sly dog :dog:",
        "ts": "1476648420.000007"
    },
    {
        "type": "message",
        "user": "U0Q6DBY7Q",
        "text": "\/giphy intense brows",
        "attachments": [
            {
                "fallback": "giphy: <http:\/\/giphy.com\/gifs\/intense-nOf70Tsr9TxXW>",
                "image_url": "http:\/\/media3.giphy.com\/media\/nOf70Tsr9TxXW\/giphy.gif",
                "image_width": 320,
                "image_height": 240,
                "image_bytes": 1432601,
                "is_animated": true,
                "title": "intense brows",
                "id": 1,
                "title_link": "http:\/\/giphy.com\/gifs\/intense-nOf70Tsr9TxXW"
            }
        ],
        "ts": "1476653401.000008"
    },
    {
        "type": "message",
        "user": "U06TBPWAW",
        "text": "\/giphy Band name",
        "attachments": [
            {
                "fallback": "giphy: <http:\/\/giphy.com\/gifs\/band-9mzWq3x0Dhhte>",
                "image_url": "http:\/\/media3.giphy.com\/media\/9mzWq3x0Dhhte\/giphy.gif",
                "image_width": 139,
                "image_height": 265,
                "image_bytes": 23611,
                "is_animated": true,
                "title": "Band name",
                "id": 1,
                "title_link": "http:\/\/giphy.com\/gifs\/band-9mzWq3x0Dhhte"
            }
        ],
        "ts": "1476656563.000009"
    },
    {
        "type": "message",
        "user": "U0Q6DBY7Q",
        "text": "\/giphy so hardcore",
        "attachments": [
            {
                "fallback": "giphy: <http:\/\/giphy.com\/gifs\/RksTv0Nd9hBEk>",
                "image_url": "http:\/\/media2.giphy.com\/media\/RksTv0Nd9hBEk\/giphy.gif",
                "image_width": 160,
                "image_height": 180,
                "image_bytes": 1952263,
                "is_animated": true,
                "title": "so hardcore",
                "id": 1,
                "title_link": "http:\/\/giphy.com\/gifs\/RksTv0Nd9hBEk"
            }
        ],
        "ts": "1476676309.000010"
    }
]