[
    {
        "type": "message",
        "user": "U0Q6DBY7Q",
        "text": "",
        "bot_id": "B1H8K1E14",
        "attachments": [
            {
                "fallback": "giphy: http:\/\/giphy.com\/gifs\/ed-harris-K8KtAeRA1w44E",
                "image_url": "http:\/\/media0.giphy.com\/media\/K8KtAeRA1w44E\/giphy.gif",
                "image_width": 245,
                "image_height": 175,
                "image_bytes": 445881,
                "is_animated": true,
                "title": "goodnight",
                "footer": "Posted using \/giphy",
                "id": 1,
                "title_link": "http:\/\/giphy.com\/gifs\/ed-harris-K8KtAeRA1w44E"
            }
        ],
        "ts": "1480774031.000002"
    }
]