[
    {
        "type": "message",
        "user": "U06TBPWAW",
        "text": "\/giphy Mic throw",
        "attachments": [
            {
                "fallback": "giphy: <http:\/\/giphy.com\/gifs\/lil-wayne-7TeFY81wUM0fu>",
                "image_url": "http:\/\/media3.giphy.com\/media\/7TeFY81wUM0fu\/giphy.gif",
                "image_width": 135,
                "image_height": 135,
                "image_bytes": 1841004,
                "is_animated": true,
                "title": "Mic throw",
                "id": 1,
                "title_link": "http:\/\/giphy.com\/gifs\/lil-wayne-7TeFY81wUM0fu"
            }
        ],
        "ts": "1475504694.000002"
    },
    {
        "type": "message",
        "user": "U0LPKBHK2",
        "text": "\/giphy Obama out",
        "attachments": [
            {
                "fallback": "giphy: <http:\/\/giphy.com\/gifs\/obama-mic-drop-out-3o7qDSOvfaCO9b3MlO>",
                "image_url": "http:\/\/media.giphy.com\/media\/3o7qDSOvfaCO9b3MlO\/giphy-tumblr.gif",
                "image_width": 250,
                "image_height": 178,
                "image_bytes": 1155614,
                "is_animated": true,
                "title": "Obama out",
                "id": 1,
                "title_link": "http:\/\/giphy.com\/gifs\/obama-mic-drop-out-3o7qDSOvfaCO9b3MlO"
            }
        ],
        "ts": "1475507388.000003"
    },
    {
        "type": "message",
        "user": "U06TD3AUW",
        "text": "\/giphy thug president",
        "attachments": [
            {
                "fallback": "giphy: <http:\/\/giphy.com\/gifs\/thugs-tEbLgFQDZIqDm>",
                "image_url": "http:\/\/media2.giphy.com\/media\/tEbLgFQDZIqDm\/giphy.gif",
                "image_width": 319,
                "image_height": 179,
                "image_bytes": 455111,
                "is_animated": true,
                "title": "thug president",
                "id": 1,
                "title_link": "http:\/\/giphy.com\/gifs\/thugs-tEbLgFQDZIqDm"
            }
        ],
        "ts": "1475516793.000004"
    },
    {
        "type": "message",
        "user": "U06TD3AUW",
        "text": "sure",
        "ts": "1475516797.000005"
    },
    {
        "type": "message",
        "user": "U0Q6DBY7Q",
        "text": "\/giphy stop yelling",
        "attachments": [
            {
                "fallback": "giphy: <http:\/\/giphy.com\/gifs\/loop-stop-yelling-f9kWUiZYc4AgM>",
                "image_url": "http:\/\/media.giphy.com\/media\/f9kWUiZYc4AgM\/giphy-tumblr.gif",
                "image_width": 500,
                "image_height": 208,
                "image_bytes": 1810797,
                "is_animated": true,
                "title": "stop yelling",
                "id": 1,
                "title_link": "http:\/\/giphy.com\/gifs\/loop-stop-yelling-f9kWUiZYc4AgM"
            }
        ],
        "ts": "1475517912.000006"
    },
    {
        "type": "message",
        "user": "U0LPKBHK2",
        "text": "\/giphy leave mirror alone",
        "attachments": [
            {
                "fallback": "giphy: <http:\/\/giphy.com\/gifs\/man-in-the-mirror-T7CMDoCAuW7As>",
                "image_url": "http:\/\/media3.giphy.com\/media\/T7CMDoCAuW7As\/giphy.gif",
                "image_width": 500,
                "image_height": 509,
                "image_bytes": 175540,
                "is_animated": true,
                "title": "leave mirror alone",
                "id": 1,
                "title_link": "http:\/\/giphy.com\/gifs\/man-in-the-mirror-T7CMDoCAuW7As"
            }
        ],
        "ts": "1475523355.000002"
    },
    {
        "type": "message",
        "user": "U0LPKBHK2",
        "text": "Hmmm... I still like this",
        "ts": "1475523371.000003"
    },
    {
        "type": "message",
        "user": "U06TBPWAW",
        "text": "\/giphy mj",
        "attachments": [
            {
                "fallback": "giphy: <http:\/\/giphy.com\/gifs\/michael-jackson-mj-king-of-pop-lGkUyj3IrEcvu>",
                "image_url": "http:\/\/media0.giphy.com\/media\/lGkUyj3IrEcvu\/giphy.gif",
                "image_width": 400,
                "image_height": 224,
                "image_bytes": 1024486,
                "is_animated": true,
                "title": "mj",
                "id": 1,
                "title_link": "http:\/\/giphy.com\/gifs\/michael-jackson-mj-king-of-pop-lGkUyj3IrEcvu"
            }
        ],
        "ts": "1475554065.000002"
    },
    {
        "type": "message",
        "user": "U0K96PWET",
        "text": "that move has always creeped me out. Like it’s not real. Where are the wires?",
        "ts": "1475555104.000003"
    },
    {
        "type": "message",
        "user": "U0Q6DBY7Q",
        "text": "\/giphy creepy lean",
        "attachments": [
            {
                "fallback": "giphy: <http:\/\/giphy.com\/gifs\/season-12-the-simpsons-12x15-l2Je3zYMSubG0hzeo>",
                "image_url": "http:\/\/media.giphy.com\/media\/l2Je3zYMSubG0hzeo\/giphy-tumblr.gif",
                "image_width": 250,
                "image_height": 187,
                "image_bytes": 931748,
                "is_animated": true,
                "title": "creepy lean",
                "id": 1,
                "title_link": "http:\/\/giphy.com\/gifs\/season-12-the-simpsons-12x15-l2Je3zYMSubG0hzeo"
            }
        ],
        "ts": "1475556020.000004"
    }
]