[
    {
        "type": "message",
        "user": "U06TBPWAW",
        "text": "\/giphy Tommy is dreamy",
        "attachments": [
            {
                "fallback": "giphy: <http:\/\/giphy.com\/gifs\/iIJfnkoCiLOOQ>",
                "image_url": "https:\/\/media4.giphy.com\/media\/iIJfnkoCiLOOQ\/giphy.gif",
                "image_width": 500,
                "image_height": 324,
                "image_bytes": 497037,
                "is_animated": true,
                "title": "Tommy is dreamy",
                "id": 1,
                "title_link": "http:\/\/giphy.com\/gifs\/iIJfnkoCiLOOQ"
            }
        ],
        "ts": "1475592414.000002"
    },
    {
        "type": "message",
        "user": "U06TD3AUW",
        "text": "\/giphy black and white woman",
        "attachments": [
            {
                "fallback": "giphy: <http:\/\/giphy.com\/gifs\/10XQH016NJGvWo>",
                "image_url": "http:\/\/media2.giphy.com\/media\/10XQH016NJGvWo\/giphy.gif",
                "image_width": 300,
                "image_height": 169,
                "image_bytes": 1996788,
                "is_animated": true,
                "title": "black and white woman",
                "id": 1,
                "title_link": "http:\/\/giphy.com\/gifs\/10XQH016NJGvWo"
            }
        ],
        "ts": "1475603413.000005"
    },
    {
        "type": "message",
        "user": "U06TD3AUW",
        "text": "lmfao",
        "ts": "1475603417.000006"
    },
    {
        "type": "message",
        "user": "U06TD3AUW",
        "text": "giphy may have won me back with that gif",
        "ts": "1475603450.000007"
    },
    {
        "type": "message",
        "user": "U0Q6DBY7Q",
        "text": "\/giphy bear fight",
        "attachments": [
            {
                "fallback": "giphy: <http:\/\/giphy.com\/gifs\/cute-bear-fighting-tzNyMk9OxjDVu>",
                "image_url": "https:\/\/media.giphy.com\/media\/tzNyMk9OxjDVu\/giphy-tumblr.gif",
                "image_width": 250,
                "image_height": 140,
                "image_bytes": 977110,
                "is_animated": true,
                "title": "bear fight",
                "id": 1,
                "title_link": "http:\/\/giphy.com\/gifs\/cute-bear-fighting-tzNyMk9OxjDVu"
            }
        ],
        "ts": "1475603607.000008"
    },
    {
        "type": "message",
        "user": "U06TD3AUW",
        "text": "\/giphy the bernstein bears gone wild",
        "attachments": [
            {
                "fallback": "giphy: <http:\/\/giphy.com\/gifs\/mario-wild-gone-bxqMFveoUhy6c>",
                "image_url": "http:\/\/media.giphy.com\/media\/bxqMFveoUhy6c\/giphy-tumblr.gif",
                "image_width": 393,
                "image_height": 218,
                "image_bytes": 753617,
                "is_animated": true,
                "title": "the bernstein bears gone wild",
                "id": 1,
                "title_link": "http:\/\/giphy.com\/gifs\/mario-wild-gone-bxqMFveoUhy6c"
            }
        ],
        "ts": "1475604578.000009"
    },
    {
        "type": "message",
        "user": "U0L74J1CN",
        "text": "\/giphy mario mass murder",
        "attachments": [
            {
                "fallback": "giphy: <http:\/\/giphy.com\/gifs\/mario-Mzz3M7dfHEQVi>",
                "image_url": "http:\/\/media.giphy.com\/media\/Mzz3M7dfHEQVi\/giphy-tumblr.gif",
                "image_width": 300,
                "image_height": 191,
                "image_bytes": 1048353,
                "is_animated": true,
                "title": "mario mass murder",
                "id": 1,
                "title_link": "http:\/\/giphy.com\/gifs\/mario-Mzz3M7dfHEQVi"
            }
        ],
        "ts": "1475604853.000012"
    },
    {
        "type": "message",
        "user": "U0K96PWET",
        "text": "\/giphy super mario!",
        "attachments": [
            {
                "fallback": "giphy: <http:\/\/giphy.com\/gifs\/ZVZbyfM3eYrLi>",
                "image_url": "http:\/\/media0.giphy.com\/media\/ZVZbyfM3eYrLi\/giphy.gif",
                "image_width": 500,
                "image_height": 448,
                "image_bytes": 37033,
                "is_animated": true,
                "title": "super mario!",
                "id": 1,
                "title_link": "http:\/\/giphy.com\/gifs\/ZVZbyfM3eYrLi"
            }
        ],
        "ts": "1475606573.000013"
    },
    {
        "type": "message",
        "user": "U0L74J1CN",
        "text": "\/giphy moon prism power, make up!!",
        "attachments": [
            {
                "fallback": "giphy: <http:\/\/giphy.com\/gifs\/sailormoon-qOodGylRnUvSw>",
                "image_url": "http:\/\/media4.giphy.com\/media\/qOodGylRnUvSw\/giphy.gif",
                "image_width": 500,
                "image_height": 281,
                "image_bytes": 1006723,
                "is_animated": true,
                "title": "moon prism power, make up!!",
                "id": 1,
                "title_link": "http:\/\/giphy.com\/gifs\/sailormoon-qOodGylRnUvSw"
            }
        ],
        "ts": "1475606972.000014"
    },
    {
        "type": "message",
        "user": "U0LPKBHK2",
        "text": "\/giphy seilormoon shines",
        "attachments": [
            {
                "fallback": "giphy: <http:\/\/giphy.com\/gifs\/the-shining-2J7uV1kSMlaEg>",
                "image_url": "http:\/\/media0.giphy.com\/media\/2J7uV1kSMlaEg\/giphy.gif",
                "image_width": 245,
                "image_height": 138,
                "image_bytes": 859215,
                "is_animated": true,
                "title": "seilormoon shines",
                "id": 1,
                "title_link": "http:\/\/giphy.com\/gifs\/the-shining-2J7uV1kSMlaEg"
            }
        ],
        "ts": "1475608157.000015"
    },
    {
        "type": "message",
        "user": "U06TBPWAW",
        "text": "\/giphy dramatic zoom out",
        "attachments": [
            {
                "fallback": "giphy: <http:\/\/giphy.com\/gifs\/trippy-computer-zoom-out-msW3oA8bIeKhW>",
                "image_url": "http:\/\/media.giphy.com\/media\/msW3oA8bIeKhW\/giphy-tumblr.gif",
                "image_width": 250,
                "image_height": 187,
                "image_bytes": 1247036,
                "is_animated": true,
                "title": "dramatic zoom out",
                "id": 1,
                "title_link": "http:\/\/giphy.com\/gifs\/trippy-computer-zoom-out-msW3oA8bIeKhW"
            }
        ],
        "ts": "1475610300.000016"
    }
]