[
    {
        "type": "message",
        "user": "U0K96PWET",
        "text": "\/giphy sad clap",
        "attachments": [
            {
                "fallback": "giphy: <http:\/\/giphy.com\/gifs\/movie-higgs-boson-particle-fever-alPdQYfWJ6Aq4>",
                "image_url": "http:\/\/media4.giphy.com\/media\/alPdQYfWJ6Aq4\/giphy.gif",
                "image_width": 399,
                "image_height": 225,
                "image_bytes": 1136089,
                "is_animated": true,
                "title": "sad clap",
                "id": 1,
                "title_link": "http:\/\/giphy.com\/gifs\/movie-higgs-boson-particle-fever-alPdQYfWJ6Aq4"
            }
        ],
        "ts": "1474508637.000002"
    },
    {
        "type": "message",
        "user": "U06TD3AUW",
        "text": "\/giphy old men conference",
        "attachments": [
            {
                "fallback": "giphy: <http:\/\/giphy.com\/gifs\/thegoodfilms-no-country-for-old-men-cZZ88J7ksO3NC>",
                "image_url": "http:\/\/media3.giphy.com\/media\/cZZ88J7ksO3NC\/giphy.gif",
                "image_width": 160,
                "image_height": 135,
                "image_bytes": 966766,
                "is_animated": true,
                "title": "old men conference",
                "id": 1,
                "title_link": "http:\/\/giphy.com\/gifs\/thegoodfilms-no-country-for-old-men-cZZ88J7ksO3NC"
            }
        ],
        "ts": "1474525855.000003"
    },
    {
        "type": "message",
        "user": "U06TD3AUW",
        "text": "wat ",
        "ts": "1474525869.000004"
    }
]