[
    {
        "type": "message",
        "user": "U0Q6DBY7Q",
        "text": "\/giphy white glove",
        "attachments": [
            {
                "fallback": "giphy: <http:\/\/giphy.com\/gifs\/season-3-the-simpsons-3x2-xT5LMu5DJfheM4Dknm>",
                "image_url": "http:\/\/media.giphy.com\/media\/xT5LMu5DJfheM4Dknm\/giphy-tumblr.gif",
                "image_width": 250,
                "image_height": 191,
                "image_bytes": 813473,
                "is_animated": true,
                "title": "white glove",
                "id": 1,
                "title_link": "http:\/\/giphy.com\/gifs\/season-3-the-simpsons-3x2-xT5LMu5DJfheM4Dknm"
            }
        ],
        "ts": "1474638868.000037"
    },
    {
        "type": "message",
        "user": "U0Q6DBY7Q",
        "text": "Meh",
        "ts": "1474638883.000038"
    },
    {
        "type": "message",
        "user": "U06TD3AUW",
        "text": "\/giphy rich people problems",
        "attachments": [
            {
                "fallback": "giphy: <http:\/\/giphy.com\/gifs\/vUfYEBHdfA06s>",
                "image_url": "https:\/\/media.giphy.com\/media\/vUfYEBHdfA06s\/giphy-tumblr.gif",
                "image_width": 250,
                "image_height": 190,
                "image_bytes": 1597755,
                "is_animated": true,
                "title": "rich people problems",
                "id": 1,
                "title_link": "http:\/\/giphy.com\/gifs\/vUfYEBHdfA06s"
            }
        ],
        "ts": "1474643202.000039"
    },
    {
        "type": "message",
        "user": "U06TBPWAW",
        "text": "\/giphy short people problems",
        "attachments": [
            {
                "fallback": "giphy: <http:\/\/giphy.com\/gifs\/YXc2Z1ss71Lsk>",
                "image_url": "http:\/\/media.giphy.com\/media\/YXc2Z1ss71Lsk\/giphy-tumblr.gif",
                "image_width": 250,
                "image_height": 236,
                "image_bytes": 1861257,
                "is_animated": true,
                "title": "short people problems",
                "id": 1,
                "title_link": "http:\/\/giphy.com\/gifs\/YXc2Z1ss71Lsk"
            }
        ],
        "ts": "1474643254.000040"
    },
    {
        "type": "message",
        "user": "U0LPKBHK2",
        "text": "\/giphy bless your heart",
        "attachments": [
            {
                "fallback": "giphy: <http:\/\/giphy.com\/gifs\/thechive-no-facepalm-smh-xTiTnvhO05XbUEpqDK>",
                "image_url": "http:\/\/media.giphy.com\/media\/xTiTnvhO05XbUEpqDK\/giphy-tumblr.gif",
                "image_width": 500,
                "image_height": 280,
                "image_bytes": 1218884,
                "is_animated": true,
                "title": "bless your heart",
                "id": 1,
                "title_link": "http:\/\/giphy.com\/gifs\/thechive-no-facepalm-smh-xTiTnvhO05XbUEpqDK"
            }
        ],
        "ts": "1474649310.000041"
    },
    {
        "type": "message",
        "user": "U06TD3AUW",
        "text": "\/giphy girl shaking head",
        "attachments": [
            {
                "fallback": "giphy: <http:\/\/giphy.com\/gifs\/girl-jLFT4RK9dBkd2>",
                "image_url": "http:\/\/media0.giphy.com\/media\/jLFT4RK9dBkd2\/giphy.gif",
                "image_width": 500,
                "image_height": 282,
                "image_bytes": 1956036,
                "is_animated": true,
                "title": "girl shaking head",
                "id": 1,
                "title_link": "http:\/\/giphy.com\/gifs\/girl-jLFT4RK9dBkd2"
            }
        ],
        "ts": "1474649824.000042"
    },
    {
        "type": "message",
        "user": "U0Q6DBY7Q",
        "text": "\/giphy krispy kreme",
        "attachments": [
            {
                "fallback": "giphy: <http:\/\/giphy.com\/gifs\/food-donuts-krispy-kreme-b1ryJUma9MUs8>",
                "image_url": "https:\/\/media1.giphy.com\/media\/b1ryJUma9MUs8\/giphy.gif",
                "image_width": 576,
                "image_height": 311,
                "image_bytes": 978905,
                "is_animated": true,
                "title": "krispy kreme",
                "id": 1,
                "title_link": "http:\/\/giphy.com\/gifs\/food-donuts-krispy-kreme-b1ryJUma9MUs8"
            }
        ],
        "ts": "1474650076.000043"
    },
    {
        "type": "message",
        "user": "U06TBPWAW",
        "text": "\/giphy jelly filled",
        "attachments": [
            {
                "fallback": "giphy: <http:\/\/giphy.com\/gifs\/fourth-of-july-13F0vFM33Ya4cU>",
                "image_url": "http:\/\/media4.giphy.com\/media\/13F0vFM33Ya4cU\/giphy.gif",
                "image_width": 650,
                "image_height": 433,
                "image_bytes": 324073,
                "is_animated": true,
                "title": "jelly filled",
                "id": 1,
                "title_link": "http:\/\/giphy.com\/gifs\/fourth-of-july-13F0vFM33Ya4cU"
            }
        ],
        "ts": "1474651171.000044"
    },
    {
        "type": "message",
        "user": "U06TD3AUW",
        "text": "\/giphy starry eyes",
        "attachments": [
            {
                "fallback": "giphy: <http:\/\/giphy.com\/gifs\/ONSyPgNLzRz6o>",
                "image_url": "http:\/\/media1.giphy.com\/media\/ONSyPgNLzRz6o\/giphy.gif",
                "image_width": 250,
                "image_height": 124,
                "image_bytes": 1672593,
                "is_animated": true,
                "title": "starry eyes",
                "id": 1,
                "title_link": "http:\/\/giphy.com\/gifs\/ONSyPgNLzRz6o"
            }
        ],
        "ts": "1474651237.000045"
    },
    {
        "type": "message",
        "user": "U0K96PWET",
        "text": "\/giphy dramatic reading",
        "attachments": [
            {
                "fallback": "giphy: <http:\/\/giphy.com\/gifs\/neogaf-dramatic-popgaf-1r0hXV4Ju7Hwc>",
                "image_url": "http:\/\/media4.giphy.com\/media\/1r0hXV4Ju7Hwc\/giphy.gif",
                "image_width": 400,
                "image_height": 225,
                "image_bytes": 1841570,
                "is_animated": true,
                "title": "dramatic reading",
                "id": 1,
                "title_link": "http:\/\/giphy.com\/gifs\/neogaf-dramatic-popgaf-1r0hXV4Ju7Hwc"
            }
        ],
        "ts": "1474652256.000046"
    },
    {
        "type": "message",
        "user": "U06TBPWAW",
        "text": "\/giphy Dat Fall",
        "attachments": [
            {
                "fallback": "giphy: <http:\/\/giphy.com\/gifs\/6DXtnYxwJqwhy>",
                "image_url": "http:\/\/media2.giphy.com\/media\/6DXtnYxwJqwhy\/giphy.gif",
                "image_width": 300,
                "image_height": 168,
                "image_bytes": 1625811,
                "is_animated": true,
                "title": "Dat Fall",
                "id": 1,
                "title_link": "http:\/\/giphy.com\/gifs\/6DXtnYxwJqwhy"
            }
        ],
        "ts": "1474652361.000047"
    },
    {
        "type": "message",
        "user": "U0L74J1CN",
        "text": "\/giphy moonwalk",
        "attachments": [
            {
                "fallback": "giphy: <http:\/\/giphy.com\/gifs\/moonwalk-steal-yo-girl-pineapple-2weHbgTAeBbVe>",
                "image_url": "http:\/\/media0.giphy.com\/media\/2weHbgTAeBbVe\/giphy.gif",
                "image_width": 400,
                "image_height": 284,
                "image_bytes": 976917,
                "is_animated": true,
                "title": "moonwalk",
                "id": 1,
                "title_link": "http:\/\/giphy.com\/gifs\/moonwalk-steal-yo-girl-pineapple-2weHbgTAeBbVe"
            }
        ],
        "ts": "1474652421.000048"
    },
    {
        "type": "message",
        "user": "U0K96PWET",
        "text": "\/giphy dancing pineapple",
        "attachments": [
            {
                "fallback": "giphy: <http:\/\/giphy.com\/gifs\/season-13-the-simpsons-13x15-xT5LMx113mJzrxwjIs>",
                "image_url": "http:\/\/media.giphy.com\/media\/xT5LMx113mJzrxwjIs\/giphy-tumblr.gif",
                "image_width": 250,
                "image_height": 187,
                "image_bytes": 646163,
                "is_animated": true,
                "title": "dancing pineapple",
                "id": 1,
                "title_link": "http:\/\/giphy.com\/gifs\/season-13-the-simpsons-13x15-xT5LMx113mJzrxwjIs"
            }
        ],
        "ts": "1474652873.000049"
    },
    {
        "type": "message",
        "user": "U0L74J1CN",
        "text": "\/giphy nightmare fuel",
        "attachments": [
            {
                "fallback": "giphy: <http:\/\/giphy.com\/gifs\/cheezburger-baby-wtf-YhAfR9iHtuy40>",
                "image_url": "http:\/\/media1.giphy.com\/media\/YhAfR9iHtuy40\/giphy.gif",
                "image_width": 201,
                "image_height": 145,
                "image_bytes": 1734265,
                "is_animated": true,
                "title": "nightmare fuel",
                "id": 1,
                "title_link": "http:\/\/giphy.com\/gifs\/cheezburger-baby-wtf-YhAfR9iHtuy40"
            }
        ],
        "ts": "1474653069.000050"
    },
    {
        "type": "message",
        "user": "U0Q6DBY7Q",
        "text": "\/giphy evil children",
        "attachments": [
            {
                "fallback": "giphy: <http:\/\/giphy.com\/gifs\/retro-fiend-retrofiend-village-of-the-damned-f9vTgxDbwYOtO>",
                "image_url": "http:\/\/media2.giphy.com\/media\/f9vTgxDbwYOtO\/giphy.gif",
                "image_width": 511,
                "image_height": 352,
                "image_bytes": 851738,
                "is_animated": true,
                "title": "evil children",
                "id": 1,
                "title_link": "http:\/\/giphy.com\/gifs\/retro-fiend-retrofiend-village-of-the-damned-f9vTgxDbwYOtO"
            }
        ],
        "ts": "1474653145.000051"
    },
    {
        "type": "message",
        "user": "U06TBPWAW",
        "text": "\/giphy Fury!",
        "attachments": [
            {
                "fallback": "giphy: <http:\/\/giphy.com\/gifs\/charlize-theron-mad-max-fury-road-uNue9VQhkkXW8>",
                "image_url": "http:\/\/media0.giphy.com\/media\/uNue9VQhkkXW8\/giphy.gif",
                "image_width": 500,
                "image_height": 200,
                "image_bytes": 1758499,
                "is_animated": true,
                "title": "Fury!",
                "id": 1,
                "title_link": "http:\/\/giphy.com\/gifs\/charlize-theron-mad-max-fury-road-uNue9VQhkkXW8"
            }
        ],
        "ts": "1474655407.000052"
    },
    {
        "type": "message",
        "user": "U06TD3AUW",
        "text": "\/giphy me walking from the stadium to derrick for class",
        "attachments": [
            {
                "fallback": "giphy: <http:\/\/giphy.com\/gifs\/stadium-7xCrxSLY5MVRS>",
                "image_url": "http:\/\/media0.giphy.com\/media\/7xCrxSLY5MVRS\/giphy.gif",
                "image_width": 400,
                "image_height": 300,
                "image_bytes": 1909168,
                "is_animated": true,
                "title": "me walking from the stadium to derrick for class",
                "id": 1,
                "title_link": "http:\/\/giphy.com\/gifs\/stadium-7xCrxSLY5MVRS"
            }
        ],
        "ts": "1474655827.000053",
        "reactions": [
            {
                "name": "sweat",
                "users": [
                    "U0K96PWET"
                ],
                "count": 1
            }
        ]
    },
    {
        "type": "message",
        "user": "U06TBPWAW",
        "text": "\/giphy pokemon",
        "attachments": [
            {
                "fallback": "giphy: <http:\/\/giphy.com\/gifs\/pokemon-pokemongo-charmander-l3vRmK9WSNEnHDg2I>",
                "image_url": "http:\/\/media.giphy.com\/media\/l3vRmK9WSNEnHDg2I\/giphy-tumblr.gif",
                "image_width": 500,
                "image_height": 500,
                "image_bytes": 1926875,
                "is_animated": true,
                "title": "pokemon",
                "id": 1,
                "title_link": "http:\/\/giphy.com\/gifs\/pokemon-pokemongo-charmander-l3vRmK9WSNEnHDg2I"
            }
        ],
        "ts": "1474655917.000054",
        "reactions": [
            {
                "name": "party_parrot",
                "users": [
                    "U0K96PWET"
                ],
                "count": 1
            }
        ]
    },
    {
        "type": "message",
        "user": "U0Q6DBY7Q",
        "text": "\/giphy rainbow run",
        "attachments": [
            {
                "fallback": "giphy: <http:\/\/giphy.com\/gifs\/scared-suBSmKFJ5U6Mo>",
                "image_url": "http:\/\/media0.giphy.com\/media\/suBSmKFJ5U6Mo\/giphy.gif",
                "image_width": 500,
                "image_height": 281,
                "image_bytes": 793676,
                "is_animated": true,
                "title": "rainbow run",
                "id": 1,
                "title_link": "http:\/\/giphy.com\/gifs\/scared-suBSmKFJ5U6Mo"
            }
        ],
        "ts": "1474656219.000055"
    },
    {
        "type": "message",
        "user": "U06TD3AUW",
        "text": "\/giphy bronies",
        "attachments": [
            {
                "fallback": "giphy: <http:\/\/giphy.com\/gifs\/television-jon-stewart-the-daily-show-JjlUR550TAxqw>",
                "image_url": "http:\/\/media1.giphy.com\/media\/JjlUR550TAxqw\/giphy.gif",
                "image_width": 500,
                "image_height": 280,
                "image_bytes": 689913,
                "is_animated": true,
                "title": "bronies",
                "id": 1,
                "title_link": "http:\/\/giphy.com\/gifs\/television-jon-stewart-the-daily-show-JjlUR550TAxqw"
            }
        ],
        "ts": "1474658118.000056"
    },
    {
        "type": "message",
        "user": "U06TBPWAW",
        "text": "\/giphy Daily Show",
        "attachments": [
            {
                "fallback": "giphy: <http:\/\/giphy.com\/gifs\/jon-stewart-the-daily-show-jonvoyage-STAwQRR9GfmRa>",
                "image_url": "http:\/\/media3.giphy.com\/media\/STAwQRR9GfmRa\/giphy.gif",
                "image_width": 500,
                "image_height": 375,
                "image_bytes": 1982354,
                "is_animated": true,
                "title": "Daily Show",
                "id": 1,
                "title_link": "http:\/\/giphy.com\/gifs\/jon-stewart-the-daily-show-jonvoyage-STAwQRR9GfmRa"
            }
        ],
        "ts": "1474659634.000057"
    },
    {
        "type": "message",
        "user": "U0K96PWET",
        "text": "\/giphy shake what yo mama gave ya",
        "attachments": [
            {
                "fallback": "giphy: <http:\/\/giphy.com\/gifs\/myth-7qIbmZuYzffr2>",
                "image_url": "http:\/\/media4.giphy.com\/media\/7qIbmZuYzffr2\/giphy.gif",
                "image_width": 500,
                "image_height": 282,
                "image_bytes": 1032297,
                "is_animated": true,
                "title": "shake what yo mama gave ya",
                "id": 1,
                "title_link": "http:\/\/giphy.com\/gifs\/myth-7qIbmZuYzffr2"
            }
        ],
        "ts": "1474660354.000058"
    },
    {
        "type": "message",
        "user": "U0K96PWET",
        "text": "where did this originate from and how do i subscribe to it?",
        "ts": "1474660407.000059",
        "reactions": [
            {
                "name": "clap",
                "users": [
                    "U0Q6DBY7Q"
                ],
                "count": 1
            }
        ]
    },
    {
        "type": "message",
        "user": "U06TD3AUW",
        "text": "it's from Polar Bear Cafe",
        "ts": "1474660618.000060"
    },
    {
        "type": "message",
        "user": "U06TBPWAW",
        "text": "\/giphy All that junk inside my trunk",
        "attachments": [
            {
                "fallback": "giphy: <http:\/\/giphy.com\/gifs\/high-quality-junk-trunk-S3WmX0oqkOLZe>",
                "image_url": "http:\/\/media.giphy.com\/media\/S3WmX0oqkOLZe\/giphy-tumblr.gif",
                "image_width": 250,
                "image_height": 141,
                "image_bytes": 777692,
                "is_animated": true,
                "title": "All that junk inside my trunk",
                "id": 1,
                "title_link": "http:\/\/giphy.com\/gifs\/high-quality-junk-trunk-S3WmX0oqkOLZe"
            }
        ],
        "ts": "1474663769.000061"
    },
    {
        "type": "message",
        "user": "U0K96PWET",
        "text": "\/giphy truck twerk",
        "attachments": [
            {
                "fallback": "giphy: <http:\/\/giphy.com\/gifs\/better-even-heres-rwvugVb3SEVxu>",
                "image_url": "http:\/\/media1.giphy.com\/media\/rwvugVb3SEVxu\/giphy.gif",
                "image_width": 600,
                "image_height": 422,
                "image_bytes": 948561,
                "is_animated": true,
                "title": "truck twerk",
                "id": 1,
                "title_link": "http:\/\/giphy.com\/gifs\/better-even-heres-rwvugVb3SEVxu"
            }
        ],
        "ts": "1474664251.000062"
    },
    {
        "type": "message",
        "user": "U06TBPWAW",
        "text": "Adriana getting all the sexy ones",
        "ts": "1474664447.000063"
    },
    {
        "type": "message",
        "user": "U0K96PWET",
        "text": "you're welcome",
        "ts": "1474664523.000064"
    },
    {
        "type": "message",
        "user": "U0LPKBHK2",
        "text": "\/giphy what you gonna do with a big fat butt???",
        "attachments": [
            {
                "fallback": "giphy: <http:\/\/giphy.com\/gifs\/pizza-rizzles-gonna-be-fat-CARSzdxu6AmTm>",
                "image_url": "http:\/\/media4.giphy.com\/media\/CARSzdxu6AmTm\/giphy.gif",
                "image_width": 245,
                "image_height": 270,
                "image_bytes": 1032260,
                "is_animated": true,
                "title": "what you gonna do with a big fat butt???",
                "id": 1,
                "title_link": "http:\/\/giphy.com\/gifs\/pizza-rizzles-gonna-be-fat-CARSzdxu6AmTm"
            }
        ],
        "ts": "1474679300.000065",
        "reactions": [
            {
                "name": "joy",
                "users": [
                    "U06TD3AUW",
                    "U0Q6DBY7Q"
                ],
                "count": 2
            }
        ]
    },
    {
        "type": "message",
        "user": "U0LPKBHK2",
        "text": ":joy: :joy: :joy: :joy: :joy: :joy:  ahahahah",
        "ts": "1474679358.000068"
    }
]