[
    {
        "type": "message",
        "user": "U0K96PWET",
        "text": "",
        "bot_id": "B1H8K1E14",
        "attachments": [
            {
                "fallback": "giphy: http:\/\/giphy.com\/gifs\/dancing-with-the-stars-derek-hough-witney-carson-sQmjipOsHTyJq",
                "image_url": "http:\/\/media2.giphy.com\/media\/sQmjipOsHTyJq\/giphy.gif",
                "image_width": 392,
                "image_height": 226,
                "image_bytes": 1534697,
                "is_animated": true,
                "title": "flash dance mob",
                "footer": "Posted using \/giphy",
                "id": 1,
                "title_link": "http:\/\/giphy.com\/gifs\/dancing-with-the-stars-derek-hough-witney-carson-sQmjipOsHTyJq"
            }
        ],
        "ts": "1481651603.000002"
    },
    {
        "type": "message",
        "user": "U06TBPWAW",
        "text": "",
        "bot_id": "B1H8K1E14",
        "attachments": [
            {
                "fallback": "giphy: http:\/\/giphy.com\/gifs\/boy-band-one-direction-hug-CxuqYqMzrIkA8",
                "image_url": "http:\/\/media4.giphy.com\/media\/CxuqYqMzrIkA8\/giphy.gif",
                "image_width": 245,
                "image_height": 245,
                "image_bytes": 912524,
                "is_animated": true,
                "title": "boy band",
                "footer": "Posted using \/giphy",
                "id": 1,
                "title_link": "http:\/\/giphy.com\/gifs\/boy-band-one-direction-hug-CxuqYqMzrIkA8"
            }
        ],
        "ts": "1481651692.000003"
    },
    {
        "type": "message",
        "user": "U0K96PWET",
        "text": "",
        "bot_id": "B1H8K1E14",
        "attachments": [
            {
                "fallback": "giphy: http:\/\/giphy.com\/gifs\/sporzaredactie-knuffel-3oEjHG6BNeKNohrZiU",
                "image_url": "http:\/\/media.giphy.com\/media\/3oEjHG6BNeKNohrZiU\/giphy-tumblr.gif",
                "image_width": 250,
                "image_height": 136,
                "image_bytes": 1058160,
                "is_animated": true,
                "title": "bromance",
                "footer": "Posted using \/giphy | GIF by <https:\/\/giphy.com\/sporzaredactie\/|Sporza>",
                "id": 1,
                "title_link": "http:\/\/giphy.com\/gifs\/sporzaredactie-knuffel-3oEjHG6BNeKNohrZiU"
            }
        ],
        "ts": "1481651785.000004"
    },
    {
        "type": "message",
        "user": "U0Q6DBY7Q",
        "text": "",
        "bot_id": "B1H8K1E14",
        "attachments": [
            {
                "fallback": "giphy: http:\/\/giphy.com\/gifs\/love-hug-monkey-42YlR8u9gV5Cw",
                "image_url": "http:\/\/media0.giphy.com\/media\/42YlR8u9gV5Cw\/giphy.gif",
                "image_width": 250,
                "image_height": 162,
                "image_bytes": 965767,
                "is_animated": true,
                "title": "I love hugs",
                "footer": "Posted using \/giphy",
                "id": 1,
                "title_link": "http:\/\/giphy.com\/gifs\/love-hug-monkey-42YlR8u9gV5Cw"
            }
        ],
        "ts": "1481652195.000005"
    },
    {
        "type": "message",
        "user": "U06TBPWAW",
        "text": "",
        "bot_id": "B1H8K1E14",
        "attachments": [
            {
                "fallback": "giphy: http:\/\/giphy.com\/gifs\/90s-retro-commercials-26tPo9rksWnfPo4HS",
                "image_url": "http:\/\/media.giphy.com\/media\/26tPo9rksWnfPo4HS\/giphy-tumblr.gif",
                "image_width": 250,
                "image_height": 187,
                "image_bytes": 708127,
                "is_animated": true,
                "title": "monkeys",
                "footer": "Posted using \/giphy | GIF by <https:\/\/giphy.com\/yosub\/|Yosub Kim, Content Strategy Director>",
                "id": 1,
                "title_link": "http:\/\/giphy.com\/gifs\/90s-retro-commercials-26tPo9rksWnfPo4HS"
            }
        ],
        "ts": "1481652363.000006"
    },
    {
        "type": "message",
        "user": "U0K96PWET",
        "text": "",
        "bot_id": "B1H8K1E14",
        "attachments": [
            {
                "fallback": "giphy: http:\/\/giphy.com\/gifs\/jumanji-PtMOPw7UJyBJ6",
                "image_url": "http:\/\/media3.giphy.com\/media\/PtMOPw7UJyBJ6\/giphy.gif",
                "image_width": 320,
                "image_height": 172,
                "image_bytes": 695270,
                "is_animated": true,
                "title": "jumanji",
                "footer": "Posted using \/giphy",
                "id": 1,
                "title_link": "http:\/\/giphy.com\/gifs\/jumanji-PtMOPw7UJyBJ6"
            }
        ],
        "ts": "1481653707.000007"
    },
    {
        "type": "message",
        "user": "U0L74J1CN",
        "text": "",
        "bot_id": "B1H8K1E14",
        "attachments": [
            {
                "fallback": "giphy: http:\/\/giphy.com\/gifs\/90s-rap-snoop-dogg-oEijHWY6iB76U",
                "image_url": "http:\/\/media2.giphy.com\/media\/oEijHWY6iB76U\/giphy.gif",
                "image_width": 500,
                "image_height": 321,
                "image_bytes": 1018959,
                "is_animated": true,
                "title": "rip",
                "footer": "Posted using \/giphy",
                "id": 1,
                "title_link": "http:\/\/giphy.com\/gifs\/90s-rap-snoop-dogg-oEijHWY6iB76U"
            }
        ],
        "ts": "1481654842.000008"
    },
    {
        "type": "message",
        "user": "U0KR8R2P9",
        "text": "",
        "bot_id": "B1H8K1E14",
        "attachments": [
            {
                "fallback": "giphy: http:\/\/giphy.com\/gifs\/blackgirlmagic-black-girl-magic-nicole-beharie-l46CmqkLcgQzM9yBG",
                "image_url": "http:\/\/media.giphy.com\/media\/l46CmqkLcgQzM9yBG\/giphy-tumblr.gif",
                "image_width": 250,
                "image_height": 138,
                "image_bytes": 636333,
                "is_animated": true,
                "title": "snoop",
                "footer": "Posted using \/giphy",
                "id": 1,
                "title_link": "http:\/\/giphy.com\/gifs\/blackgirlmagic-black-girl-magic-nicole-beharie-l46CmqkLcgQzM9yBG"
            }
        ],
        "ts": "1481672466.000009"
    },
    {
        "type": "message",
        "user": "U0K96PWET",
        "text": "",
        "bot_id": "B1H8K1E14",
        "attachments": [
            {
                "fallback": "giphy: http:\/\/giphy.com\/gifs\/stalking-11sn0Lay5ZLpL2",
                "image_url": "http:\/\/media2.giphy.com\/media\/11sn0Lay5ZLpL2\/giphy-tumblr.gif",
                "image_width": 400,
                "image_height": 241,
                "image_bytes": 151575,
                "is_animated": true,
                "title": "cyberstalker",
                "footer": "Posted using \/giphy",
                "id": 1,
                "title_link": "http:\/\/giphy.com\/gifs\/stalking-11sn0Lay5ZLpL2"
            }
        ],
        "ts": "1481672781.000010"
    },
    {
        "type": "message",
        "user": "U0K96PWET",
        "text": "what... am i looking at?",
        "ts": "1481672798.000011"
    },
    {
        "type": "message",
        "user": "U0Q6DBY7Q",
        "text": "Lol ok giphy",
        "edited": {
            "user": "U0Q6DBY7Q",
            "ts": "1481691860.000000"
        },
        "ts": "1481691847.000012"
    },
    {
        "type": "message",
        "user": "U0Q6DBY7Q",
        "text": "",
        "bot_id": "B1H8K1E14",
        "attachments": [
            {
                "fallback": "giphy: http:\/\/giphy.com\/gifs\/safety-4k1RTm66UczPW",
                "image_url": "http:\/\/media0.giphy.com\/media\/4k1RTm66UczPW\/giphy-tumblr.gif",
                "image_width": 170,
                "image_height": 144,
                "image_bytes": 14705,
                "is_animated": true,
                "title": "no safety",
                "footer": "Posted using \/giphy",
                "id": 1,
                "title_link": "http:\/\/giphy.com\/gifs\/safety-4k1RTm66UczPW"
            }
        ],
        "ts": "1481691887.000014"
    }
]