[
    {
        "type": "message",
        "user": "U0Q6DBY7Q",
        "text": "\/giphy high on life",
        "attachments": [
            {
                "fallback": "giphy: <http:\/\/giphy.com\/gifs\/happy-dance-gif-woohoo-Y5fnH9N1jnafu>",
                "image_url": "http:\/\/media3.giphy.com\/media\/Y5fnH9N1jnafu\/giphy.gif",
                "image_width": 500,
                "image_height": 220,
                "image_bytes": 663860,
                "is_animated": true,
                "title": "high on life",
                "id": 1,
                "title_link": "http:\/\/giphy.com\/gifs\/happy-dance-gif-woohoo-Y5fnH9N1jnafu"
            }
        ],
        "ts": "1475197546.000003"
    },
    {
        "type": "message",
        "user": "U0K96PWET",
        "text": "\/giphy everybody dance now",
        "attachments": [
            {
                "fallback": "giphy: <http:\/\/giphy.com\/gifs\/holiday-vacation-vacances-TXrm00Yl03f68>",
                "image_url": "http:\/\/media4.giphy.com\/media\/TXrm00Yl03f68\/giphy.gif",
                "image_width": 500,
                "image_height": 220,
                "image_bytes": 469567,
                "is_animated": true,
                "title": "everybody dance now",
                "id": 1,
                "title_link": "http:\/\/giphy.com\/gifs\/holiday-vacation-vacances-TXrm00Yl03f68"
            }
        ],
        "ts": "1475200578.000004"
    },
    {
        "type": "message",
        "user": "U0K96PWET",
        "text": "OoOoOoOo",
        "ts": "1475200593.000005"
    },
    {
        "type": "message",
        "user": "U0Q6DBY7Q",
        "text": "Hahaha",
        "ts": "1475200601.000006"
    },
    {
        "type": "message",
        "user": "U0Q6DBY7Q",
        "text": "\/giphy dance box",
        "attachments": [
            {
                "fallback": "giphy: <http:\/\/giphy.com\/gifs\/games-mind-mostly-bXE0HQksUgbm0>",
                "image_url": "http:\/\/media.giphy.com\/media\/bXE0HQksUgbm0\/giphy-tumblr.gif",
                "image_width": 480,
                "image_height": 320,
                "image_bytes": 1643573,
                "is_animated": true,
                "title": "dance box",
                "id": 1,
                "title_link": "http:\/\/giphy.com\/gifs\/games-mind-mostly-bXE0HQksUgbm0"
            }
        ],
        "ts": "1475200629.000007"
    },
    {
        "type": "message",
        "user": "U0Q6DBY7Q",
        "text": "Ooh I like this one!",
        "ts": "1475200642.000008"
    },
    {
        "type": "message",
        "user": "U0K96PWET",
        "text": "\/giphy fancy feet",
        "attachments": [
            {
                "fallback": "giphy: <http:\/\/giphy.com\/gifs\/maudit-feet-lri79eFSQyUuI>",
                "image_url": "http:\/\/media1.giphy.com\/media\/lri79eFSQyUuI\/giphy.gif",
                "image_width": 500,
                "image_height": 281,
                "image_bytes": 761275,
                "is_animated": true,
                "title": "fancy feet",
                "id": 1,
                "title_link": "http:\/\/giphy.com\/gifs\/maudit-feet-lri79eFSQyUuI"
            }
        ],
        "ts": "1475200666.000009"
    },
    {
        "type": "message",
        "user": "U0Q6DBY7Q",
        "text": "\/giphy toe tap",
        "attachments": [
            {
                "fallback": "giphy: <http:\/\/giphy.com\/gifs\/vhs-positive-vhspositive-l0K3Yz9VLgU9TNbgI>",
                "image_url": "http:\/\/media2.giphy.com\/media\/l0K3Yz9VLgU9TNbgI\/giphy.gif",
                "image_width": 500,
                "image_height": 375,
                "image_bytes": 1919731,
                "is_animated": true,
                "title": "toe tap",
                "id": 1,
                "title_link": "http:\/\/giphy.com\/gifs\/vhs-positive-vhspositive-l0K3Yz9VLgU9TNbgI"
            }
        ],
        "ts": "1475201521.000010"
    },
    {
        "type": "message",
        "user": "U0K96PWET",
        "text": "\/giphy peek-a-boo foot",
        "attachments": [
            {
                "fallback": "giphy: <http:\/\/giphy.com\/gifs\/G0jO7z0F3KFtS>",
                "image_url": "https:\/\/media3.giphy.com\/media\/G0jO7z0F3KFtS\/giphy.gif",
                "image_width": 500,
                "image_height": 278,
                "image_bytes": 776481,
                "is_animated": true,
                "title": "peek-a-boo foot",
                "id": 1,
                "title_link": "http:\/\/giphy.com\/gifs\/G0jO7z0F3KFtS"
            }
        ],
        "ts": "1475204633.000011"
    },
    {
        "type": "message",
        "user": "U0LPKBHK2",
        "text": "\/giphy not me please",
        "attachments": [
            {
                "fallback": "giphy: <http:\/\/giphy.com\/gifs\/bro-hang-9T68WIV5TasjS>",
                "image_url": "http:\/\/media.giphy.com\/media\/9T68WIV5TasjS\/giphy-tumblr.gif",
                "image_width": 310,
                "image_height": 232,
                "image_bytes": 1057201,
                "is_animated": true,
                "title": "not me please",
                "id": 1,
                "title_link": "http:\/\/giphy.com\/gifs\/bro-hang-9T68WIV5TasjS"
            }
        ],
        "ts": "1475214417.000012"
    }
]