[
    {
        "type": "message",
        "user": "U0Q6DBY7Q",
        "text": "\/giphy crazy eyes",
        "bot_id": "B1H8K1E14",
        "attachments": [
            {
                "fallback": "giphy: <http:\/\/giphy.com\/gifs\/advice-crazy-eyes-icEKqWbHBxSXS>",
                "image_url": "http:\/\/media3.giphy.com\/media\/icEKqWbHBxSXS\/giphy.gif",
                "image_width": 245,
                "image_height": 180,
                "image_bytes": 1687105,
                "is_animated": true,
                "title": "crazy eyes",
                "id": 1,
                "title_link": "http:\/\/giphy.com\/gifs\/advice-crazy-eyes-icEKqWbHBxSXS"
            }
        ],
        "ts": "1478798961.000002"
    },
    {
        "type": "message",
        "user": "U0K96PWET",
        "text": "\/giphy unsolicited advice",
        "bot_id": "B1H8K1E14",
        "attachments": [
            {
                "fallback": "giphy: <http:\/\/giphy.com\/gifs\/force-jenner-unsolicited-tXf2gLe1T1ees>",
                "image_url": "http:\/\/media1.giphy.com\/media\/tXf2gLe1T1ees\/giphy.gif",
                "image_width": 500,
                "image_height": 281,
                "image_bytes": 606243,
                "is_animated": true,
                "title": "unsolicited advice",
                "id": 1,
                "title_link": "http:\/\/giphy.com\/gifs\/force-jenner-unsolicited-tXf2gLe1T1ees"
            }
        ],
        "ts": "1478799390.000003"
    }
]