[
    {
        "type": "message",
        "user": "U0Q6DBY7Q",
        "text": "\/giphy mash up",
        "attachments": [
            {
                "fallback": "giphy: <http:\/\/giphy.com\/gifs\/xT1XGVp95GDPgFYmUE>",
                "image_url": "http:\/\/media.giphy.com\/media\/xT1XGVp95GDPgFYmUE\/giphy-tumblr.gif",
                "image_width": 250,
                "image_height": 140,
                "image_bytes": 801312,
                "is_animated": true,
                "title": "mash up",
                "id": 1,
                "title_link": "http:\/\/giphy.com\/gifs\/xT1XGVp95GDPgFYmUE"
            }
        ],
        "ts": "1476126479.000002"
    },
    {
        "type": "message",
        "user": "U0L74J1CN",
        "text": "\/giphy Super Saiyan",
        "attachments": [
            {
                "fallback": "giphy: <http:\/\/giphy.com\/gifs\/funny-john-cena-super-saiyan-Vzku9jyuef09G>",
                "image_url": "http:\/\/media4.giphy.com\/media\/Vzku9jyuef09G\/giphy.gif",
                "image_width": 480,
                "image_height": 270,
                "image_bytes": 1209331,
                "is_animated": true,
                "title": "Super Saiyan",
                "id": 1,
                "title_link": "http:\/\/giphy.com\/gifs\/funny-john-cena-super-saiyan-Vzku9jyuef09G"
            }
        ],
        "ts": "1476126845.000003"
    },
    {
        "type": "message",
        "user": "U06TBPWAW",
        "text": "\/giphy John Cena",
        "attachments": [
            {
                "fallback": "giphy: <http:\/\/giphy.com\/gifs\/teen-choice-teen-choice-awards-2016-l46CxafbKFZaK4q5y>",
                "image_url": "http:\/\/media.giphy.com\/media\/l46CxafbKFZaK4q5y\/giphy-tumblr.gif",
                "image_width": 250,
                "image_height": 134,
                "image_bytes": 921426,
                "is_animated": true,
                "title": "John Cena",
                "id": 1,
                "title_link": "http:\/\/giphy.com\/gifs\/teen-choice-teen-choice-awards-2016-l46CxafbKFZaK4q5y"
            }
        ],
        "ts": "1476127237.000004"
    },
    {
        "type": "message",
        "user": "U0Q6DBY7Q",
        "text": "\/giphy sassy selfie",
        "attachments": [
            {
                "fallback": "giphy: <http:\/\/giphy.com\/gifs\/love-funny-animation-EkZyCQz7OqOkM>",
                "image_url": "http:\/\/media2.giphy.com\/media\/EkZyCQz7OqOkM\/giphy.gif",
                "image_width": 245,
                "image_height": 200,
                "image_bytes": 1198025,
                "is_animated": true,
                "title": "sassy selfie",
                "id": 1,
                "title_link": "http:\/\/giphy.com\/gifs\/love-funny-animation-EkZyCQz7OqOkM"
            }
        ],
        "ts": "1476129467.000005"
    },
    {
        "type": "message",
        "user": "U0K96PWET",
        "text": "\/giphy no comment",
        "attachments": [
            {
                "fallback": "giphy: <http:\/\/giphy.com\/gifs\/vh1-tiny-ti-family-hustle-3owyoZBhqKbpzPXxfy>",
                "image_url": "http:\/\/media0.giphy.com\/media\/3owyoZBhqKbpzPXxfy\/giphy.gif",
                "image_width": 880,
                "image_height": 440,
                "image_bytes": 1375758,
                "is_animated": true,
                "title": "no comment",
                "id": 1,
                "title_link": "http:\/\/giphy.com\/gifs\/vh1-tiny-ti-family-hustle-3owyoZBhqKbpzPXxfy"
            }
        ],
        "ts": "1476134443.000002"
    },
    {
        "type": "message",
        "user": "U06TD3AUW",
        "text": "\/giphy snitches get stitches",
        "attachments": [
            {
                "fallback": "giphy: <http:\/\/giphy.com\/gifs\/lol-scream-queens-snitches-get-stitches-tRWVnptzMssW4>",
                "image_url": "http:\/\/media1.giphy.com\/media\/tRWVnptzMssW4\/giphy.gif",
                "image_width": 540,
                "image_height": 300,
                "image_bytes": 1847562,
                "is_animated": true,
                "title": "snitches get stitches",
                "id": 1,
                "title_link": "http:\/\/giphy.com\/gifs\/lol-scream-queens-snitches-get-stitches-tRWVnptzMssW4"
            }
        ],
        "ts": "1476135998.000003"
    },
    {
        "type": "message",
        "user": "U0LPKBHK2",
        "text": "\/giphy dead",
        "attachments": [
            {
                "fallback": "giphy: <http:\/\/giphy.com\/gifs\/stacerizz-l0K45sTcSWa9OzSfu>",
                "image_url": "http:\/\/media3.giphy.com\/media\/l0K45sTcSWa9OzSfu\/giphy.gif",
                "image_width": 480,
                "image_height": 234,
                "image_bytes": 919896,
                "is_animated": true,
                "title": "dead",
                "id": 1,
                "title_link": "http:\/\/giphy.com\/gifs\/stacerizz-l0K45sTcSWa9OzSfu"
            }
        ],
        "ts": "1476136721.000004"
    },
    {
        "type": "message",
        "user": "U0L74J1CN",
        "text": "\/giphy cutthroat",
        "attachments": [
            {
                "fallback": "giphy: <http:\/\/giphy.com\/gifs\/smith-maggie-dowager-cLRFh4cpN7Tmo>",
                "image_url": "http:\/\/media.giphy.com\/media\/cLRFh4cpN7Tmo\/giphy-tumblr.gif",
                "image_width": 250,
                "image_height": 187,
                "image_bytes": 649104,
                "is_animated": true,
                "title": "cutthroat",
                "id": 1,
                "title_link": "http:\/\/giphy.com\/gifs\/smith-maggie-dowager-cLRFh4cpN7Tmo"
            }
        ],
        "ts": "1476154450.000005"
    },
    {
        "type": "message",
        "user": "U0K96PWET",
        "text": "\/giphy cold hearted",
        "attachments": [
            {
                "fallback": "giphy: <http:\/\/giphy.com\/gifs\/music-video-zayn-like-i-would-l0K4ewOccisw05Pm8>",
                "image_url": "http:\/\/media.giphy.com\/media\/l0K4ewOccisw05Pm8\/giphy-tumblr.gif",
                "image_width": 250,
                "image_height": 137,
                "image_bytes": 726771,
                "is_animated": true,
                "title": "cold hearted",
                "id": 1,
                "title_link": "http:\/\/giphy.com\/gifs\/music-video-zayn-like-i-would-l0K4ewOccisw05Pm8"
            }
        ],
        "ts": "1476154867.000006"
    },
    {
        "type": "message",
        "user": "U06TD3AUW",
        "text": "\/giphy sasuke uchiha sharingan",
        "attachments": [
            {
                "fallback": "giphy: <http:\/\/giphy.com\/gifs\/naruto-sasuke-12pwt3qlbVVBfy>",
                "image_url": "http:\/\/media1.giphy.com\/media\/12pwt3qlbVVBfy\/giphy.gif",
                "image_width": 500,
                "image_height": 281,
                "image_bytes": 998253,
                "is_animated": true,
                "title": "sasuke uchiha sharingun",
                "id": 1,
                "title_link": "http:\/\/giphy.com\/gifs\/naruto-sasuke-12pwt3qlbVVBfy"
            }
        ],
        "edited": {
            "user": "U06TD3AUW",
            "ts": "1476155153.000000"
        },
        "ts": "1476154997.000007"
    },
    {
        "type": "message",
        "user": "U0LPKBHK2",
        "text": "\/giphy Tien Nguyen",
        "attachments": [
            {
                "fallback": "giphy: <http:\/\/giphy.com\/gifs\/tiene-1337Jq9OS38aje>",
                "image_url": "http:\/\/media.giphy.com\/media\/1337Jq9OS38aje\/giphy-tumblr.gif",
                "image_width": 250,
                "image_height": 133,
                "image_bytes": 1006719,
                "is_animated": true,
                "title": "Tien Nguyen",
                "id": 1,
                "title_link": "http:\/\/giphy.com\/gifs\/tiene-1337Jq9OS38aje"
            }
        ],
        "ts": "1476155310.000009"
    },
    {
        "type": "message",
        "user": "U0LPKBHK2",
        "text": "Whaaaaaat????",
        "ts": "1476155332.000010"
    }
]