[
    {
        "type": "message",
        "user": "U06TBPWAW",
        "text": "\/giphy face plant",
        "attachments": [
            {
                "fallback": "giphy: <http:\/\/giphy.com\/gifs\/flip-penny-face-plant-10nYOwd6wG9mlW>",
                "image_url": "http:\/\/media2.giphy.com\/media\/10nYOwd6wG9mlW\/giphy.gif",
                "image_width": 400,
                "image_height": 229,
                "image_bytes": 1774662,
                "is_animated": true,
                "title": "face plant",
                "id": 1,
                "title_link": "http:\/\/giphy.com\/gifs\/flip-penny-face-plant-10nYOwd6wG9mlW"
            }
        ],
        "ts": "1475247237.000013"
    },
    {
        "type": "message",
        "user": "U0LPKBHK2",
        "text": "\/giphy golovkin",
        "attachments": [
            {
                "fallback": "giphy: <http:\/\/giphy.com\/gifs\/rlwSDgrLMhn5m>",
                "image_url": "http:\/\/media.giphy.com\/media\/rlwSDgrLMhn5m\/giphy-tumblr.gif",
                "image_width": 250,
                "image_height": 140,
                "image_bytes": 930252,
                "is_animated": true,
                "title": "golovkin",
                "id": 1,
                "title_link": "http:\/\/giphy.com\/gifs\/rlwSDgrLMhn5m"
            }
        ],
        "ts": "1475263624.000014"
    },
    {
        "type": "message",
        "user": "U06TBPWAW",
        "text": "\/giphy quick jab",
        "attachments": [
            {
                "fallback": "giphy: <http:\/\/giphy.com\/gifs\/knockouts-CjFjbvib23NaE>",
                "image_url": "http:\/\/media.giphy.com\/media\/CjFjbvib23NaE\/giphy-tumblr.gif",
                "image_width": 250,
                "image_height": 140,
                "image_bytes": 754376,
                "is_animated": true,
                "title": "quick jab",
                "id": 1,
                "title_link": "http:\/\/giphy.com\/gifs\/knockouts-CjFjbvib23NaE"
            }
        ],
        "ts": "1475263963.000015"
    },
    {
        "type": "message",
        "user": "U0LPKBHK2",
        "text": "\/giphy end of nice",
        "attachments": [
            {
                "fallback": "giphy: <http:\/\/giphy.com\/gifs\/how-i-met-your-mother-barney-stinson-himymedit-dY95TkTiDXtyU>",
                "image_url": "http:\/\/media2.giphy.com\/media\/dY95TkTiDXtyU\/giphy.gif",
                "image_width": 245,
                "image_height": 140,
                "image_bytes": 1732763,
                "is_animated": true,
                "title": "end of nice",
                "id": 1,
                "title_link": "http:\/\/giphy.com\/gifs\/how-i-met-your-mother-barney-stinson-himymedit-dY95TkTiDXtyU"
            }
        ],
        "ts": "1475264136.000016"
    },
    {
        "type": "message",
        "user": "U0Q6DBY7Q",
        "text": "\/giphy robin is a liar",
        "attachments": [
            {
                "fallback": "giphy: <http:\/\/giphy.com\/gifs\/ashley-benson-KSj7BE8oO6Lug>",
                "image_url": "http:\/\/media4.giphy.com\/media\/KSj7BE8oO6Lug\/giphy.gif",
                "image_width": 245,
                "image_height": 245,
                "image_bytes": 940237,
                "is_animated": true,
                "title": "robin is a liar",
                "id": 1,
                "title_link": "http:\/\/giphy.com\/gifs\/ashley-benson-KSj7BE8oO6Lug"
            }
        ],
        "ts": "1475264476.000017"
    },
    {
        "type": "message",
        "user": "U0K96PWET",
        "text": "\/giphy oh no she didn't",
        "attachments": [
            {
                "fallback": "giphy: <http:\/\/giphy.com\/gifs\/what-tv-show-orange-is-the-new-black-xeEvpyI6pA11e>",
                "image_url": "http:\/\/media3.giphy.com\/media\/xeEvpyI6pA11e\/giphy.gif",
                "image_width": 260,
                "image_height": 147,
                "image_bytes": 1359891,
                "is_animated": true,
                "title": "oh no she didn't",
                "id": 1,
                "title_link": "http:\/\/giphy.com\/gifs\/what-tv-show-orange-is-the-new-black-xeEvpyI6pA11e"
            }
        ],
        "ts": "1475264914.000018"
    },
    {
        "type": "message",
        "user": "U0LPKBHK2",
        "text": "\/giphy orange is the new black disgusting",
        "attachments": [
            {
                "fallback": "giphy: <http:\/\/giphy.com\/gifs\/oitnb-orange-is-the-new-black-netflix-ixMKiPQb60eCk>",
                "image_url": "http:\/\/media1.giphy.com\/media\/ixMKiPQb60eCk\/giphy.gif",
                "image_width": 245,
                "image_height": 245,
                "image_bytes": 997798,
                "is_animated": true,
                "title": "orange is the new black disgusting",
                "id": 1,
                "title_link": "http:\/\/giphy.com\/gifs\/oitnb-orange-is-the-new-black-netflix-ixMKiPQb60eCk"
            }
        ],
        "ts": "1475265062.000019"
    },
    {
        "type": "message",
        "user": "U0LPKBHK2",
        "text": "How did we get so quickly from boxing to lesbian talk?",
        "ts": "1475265151.000020"
    },
    {
        "type": "message",
        "user": "U06TBPWAW",
        "text": "\/giphy Dont remind me of spanish",
        "attachments": [
            {
                "fallback": "giphy: <http:\/\/giphy.com\/gifs\/this-always-reminds-me-of-tonya-SXlDqfj2TIBm8>",
                "image_url": "http:\/\/media0.giphy.com\/media\/SXlDqfj2TIBm8\/giphy.gif",
                "image_width": 160,
                "image_height": 282,
                "image_bytes": 1016444,
                "is_animated": true,
                "title": "Dont remind me of spanish",
                "id": 1,
                "title_link": "http:\/\/giphy.com\/gifs\/this-always-reminds-me-of-tonya-SXlDqfj2TIBm8"
            }
        ],
        "ts": "1475269633.000021"
    },
    {
        "type": "message",
        "user": "U0Q6DBY7Q",
        "text": "\/giphy shimmy",
        "attachments": [
            {
                "fallback": "giphy: <http:\/\/giphy.com\/gifs\/paleycenter-l2SpLea2bk0IDtWBq>",
                "image_url": "http:\/\/media2.giphy.com\/media\/l2SpLea2bk0IDtWBq\/giphy.gif",
                "image_width": 480,
                "image_height": 480,
                "image_bytes": 1688347,
                "is_animated": true,
                "title": "shimmy",
                "id": 1,
                "title_link": "http:\/\/giphy.com\/gifs\/paleycenter-l2SpLea2bk0IDtWBq"
            }
        ],
        "ts": "1475289064.000022"
    }
]