[
    {
        "type": "message",
        "user": "U0K96PWET",
        "text": "\/giphy confetti drop",
        "attachments": [
            {
                "fallback": "giphy: <http:\/\/giphy.com\/gifs\/mic-zEhFZNFxrLKLe>",
                "image_url": "http:\/\/media.giphy.com\/media\/zEhFZNFxrLKLe\/giphy-tumblr.gif",
                "image_width": 250,
                "image_height": 140,
                "image_bytes": 1018924,
                "is_animated": true,
                "title": "confetti drop",
                "id": 1,
                "title_link": "http:\/\/giphy.com\/gifs\/mic-zEhFZNFxrLKLe"
            }
        ],
        "ts": "1475456769.000002"
    },
    {
        "type": "message",
        "user": "U0K96PWET",
        "text": "I said confetti not mic",
        "ts": "1475456786.000003"
    },
    {
        "type": "message",
        "user": "U0K96PWET",
        "text": "honestly giphy it’s like you’re not even listening to me",
        "ts": "1475456797.000004"
    },
    {
        "type": "message",
        "user": "U0K96PWET",
        "text": "I thought we had a connection",
        "ts": "1475456806.000005",
        "reactions": [
            {
                "name": "broken_heart",
                "users": [
                    "U0K96PWET",
                    "U06TD3AUW",
                    "U0Q6DBY7Q"
                ],
                "count": 3
            }
        ]
    }
]