[
    {
        "user": "U06TD3AUW",
        "text": "<@U06TD3AUW|jcflinn> has left the channel",
        "type": "message",
        "subtype": "channel_leave",
        "ts": "1476712080.000011",
        "reactions": [
            {
                "name": "fb_sad",
                "users": [
                    "U0Q6DBY7Q"
                ],
                "count": 1
            }
        ]
    },
    {
        "type": "message",
        "user": "U06TBPWAW",
        "text": "\/giphy tiger monk",
        "attachments": [
            {
                "fallback": "giphy: <http:\/\/giphy.com\/gifs\/tv-show-theme-13JJkdlu3rAgU0>",
                "image_url": "http:\/\/media2.giphy.com\/media\/13JJkdlu3rAgU0\/giphy.gif",
                "image_width": 245,
                "image_height": 135,
                "image_bytes": 441054,
                "is_animated": true,
                "title": "tiger monk",
                "id": 1,
                "title_link": "http:\/\/giphy.com\/gifs\/tv-show-theme-13JJkdlu3rAgU0"
            }
        ],
        "ts": "1476718464.000002"
    },
    {
        "type": "message",
        "user": "U0K96PWET",
        "text": "\/giphy ocd",
        "attachments": [
            {
                "fallback": "giphy: <http:\/\/giphy.com\/gifs\/iTOSoEs4eFwqs>",
                "image_url": "http:\/\/media1.giphy.com\/media\/iTOSoEs4eFwqs\/giphy.gif",
                "image_width": 500,
                "image_height": 374,
                "image_bytes": 273086,
                "is_animated": true,
                "title": "ocd",
                "id": 1,
                "title_link": "http:\/\/giphy.com\/gifs\/iTOSoEs4eFwqs"
            }
        ],
        "ts": "1476738099.000002"
    },
    {
        "type": "message",
        "user": "U0L74J1CN",
        "text": "\/giphy eye twitch",
        "attachments": [
            {
                "fallback": "giphy: <http:\/\/giphy.com\/gifs\/work-monday-bobs-burgers-tlmYrzj5Are7e>",
                "image_url": "https:\/\/media2.giphy.com\/media\/tlmYrzj5Are7e\/giphy.gif",
                "image_width": 500,
                "image_height": 237,
                "image_bytes": 476684,
                "is_animated": true,
                "title": "eye twitch",
                "id": 1,
                "title_link": "http:\/\/giphy.com\/gifs\/work-monday-bobs-burgers-tlmYrzj5Are7e"
            }
        ],
        "ts": "1476738147.000003"
    },
    {
        "type": "message",
        "user": "U0Q6DBY7Q",
        "text": "\/giphy louise",
        "attachments": [
            {
                "fallback": "giphy: <http:\/\/giphy.com\/gifs\/reaction-random-bobs-burgers-uA6sERHUlCXYI>",
                "image_url": "http:\/\/media0.giphy.com\/media\/uA6sERHUlCXYI\/giphy.gif",
                "image_width": 467,
                "image_height": 352,
                "image_bytes": 499524,
                "is_animated": true,
                "title": "louise",
                "id": 1,
                "title_link": "http:\/\/giphy.com\/gifs\/reaction-random-bobs-burgers-uA6sERHUlCXYI"
            }
        ],
        "ts": "1476744242.000004"
    },
    {
        "type": "message",
        "user": "U06TBPWAW",
        "text": "\/giphy bobs burgers",
        "attachments": [
            {
                "fallback": "giphy: <http:\/\/giphy.com\/gifs\/hair-flip-bobs-burgers-flirt-dyG6hBlZrGY2k>",
                "image_url": "http:\/\/media3.giphy.com\/media\/dyG6hBlZrGY2k\/giphy.gif",
                "image_width": 500,
                "image_height": 279,
                "image_bytes": 389064,
                "is_animated": true,
                "title": "bobs burgers",
                "id": 1,
                "title_link": "http:\/\/giphy.com\/gifs\/hair-flip-bobs-burgers-flirt-dyG6hBlZrGY2k"
            }
        ],
        "ts": "1476744906.000005"
    },
    {
        "type": "message",
        "user": "U0Q6DBY7Q",
        "text": "\/giphy exploding charm",
        "attachments": [
            {
                "fallback": "giphy: <http:\/\/giphy.com\/gifs\/funny-harry-potter-8Yyk9RtfERlRu>",
                "image_url": "http:\/\/media0.giphy.com\/media\/8Yyk9RtfERlRu\/giphy.gif",
                "image_width": 370,
                "image_height": 185,
                "image_bytes": 1041639,
                "is_animated": true,
                "title": "exploding charm",
                "id": 1,
                "title_link": "http:\/\/giphy.com\/gifs\/funny-harry-potter-8Yyk9RtfERlRu"
            }
        ],
        "ts": "1476760944.000006"
    },
    {
        "type": "message",
        "user": "U0K96PWET",
        "text": "\/giphy well that didn’t go as planned",
        "attachments": [
            {
                "fallback": "giphy: <http:\/\/giphy.com\/gifs\/descendants-MWawAJ8pkRLu8>",
                "image_url": "http:\/\/media2.giphy.com\/media\/MWawAJ8pkRLu8\/giphy.gif",
                "image_width": 500,
                "image_height": 227,
                "image_bytes": 930059,
                "is_animated": true,
                "title": "well that didn't go as planned",
                "id": 1,
                "title_link": "http:\/\/giphy.com\/gifs\/descendants-MWawAJ8pkRLu8"
            }
        ],
        "ts": "1476761228.000007"
    },
    {
        "type": "message",
        "user": "U0K96PWET",
        "text": "neither did that",
        "ts": "1476761235.000008",
        "reactions": [
            {
                "name": "deal_with_it_parrot",
                "users": [
                    "U0Q6DBY7Q"
                ],
                "count": 1
            },
            {
                "name": "confusedparrot",
                "users": [
                    "U0Q6DBY7Q"
                ],
                "count": 1
            }
        ]
    },
    {
        "type": "message",
        "user": "U0Q6DBY7Q",
        "text": "\/giphy shiny jacket",
        "attachments": [
            {
                "fallback": "giphy: <http:\/\/giphy.com\/gifs\/hands-gzOTVb4ub6E8M>",
                "image_url": "http:\/\/media.giphy.com\/media\/gzOTVb4ub6E8M\/giphy-tumblr.gif",
                "image_width": 250,
                "image_height": 140,
                "image_bytes": 1089578,
                "is_animated": true,
                "title": "shiny jacket",
                "id": 1,
                "title_link": "http:\/\/giphy.com\/gifs\/hands-gzOTVb4ub6E8M"
            }
        ],
        "ts": "1476765329.000009"
    }
]