[
    {
        "type": "message",
        "user": "U0Q6DBY7Q",
        "text": "\/giphy yes",
        "bot_id": "B1H8K1E14",
        "attachments": [
            {
                "fallback": "giphy: <http:\/\/giphy.com\/gifs\/latina-latinawomen-la-india-3o6ZtbEILAn3AlhuJq>",
                "image_url": "http:\/\/media4.giphy.com\/media\/3o6ZtbEILAn3AlhuJq\/giphy-tumblr.gif",
                "image_width": 468,
                "image_height": 336,
                "image_bytes": 1676387,
                "is_animated": true,
                "title": "yes",
                "id": 1,
                "title_link": "http:\/\/giphy.com\/gifs\/latina-latinawomen-la-india-3o6ZtbEILAn3AlhuJq"
            }
        ],
        "ts": "1478264800.000002"
    },
    {
        "type": "message",
        "user": "U06TBPWAW",
        "text": "\/giphy Dat smell",
        "bot_id": "B1H8K1E14",
        "attachments": [
            {
                "fallback": "giphy: <http:\/\/giphy.com\/gifs\/avatar-dat-smell-uaamSCkXV7cbK>",
                "image_url": "http:\/\/media3.giphy.com\/media\/uaamSCkXV7cbK\/giphy.gif",
                "image_width": 500,
                "image_height": 719,
                "image_bytes": 554671,
                "is_animated": true,
                "title": "Dat smell",
                "id": 1,
                "title_link": "http:\/\/giphy.com\/gifs\/avatar-dat-smell-uaamSCkXV7cbK"
            }
        ],
        "ts": "1478269701.000002"
    },
    {
        "type": "message",
        "user": "U0K96PWET",
        "text": "\/giphy he who smelt it",
        "bot_id": "B1H8K1E14",
        "attachments": [
            {
                "fallback": "giphy: <http:\/\/giphy.com\/gifs\/k9rD97s4p2g9i>",
                "image_url": "https:\/\/media3.giphy.com\/media\/k9rD97s4p2g9i\/giphy.gif",
                "image_width": 792,
                "image_height": 450,
                "image_bytes": 416220,
                "is_animated": true,
                "title": "he who smelt it",
                "id": 1,
                "title_link": "http:\/\/giphy.com\/gifs\/k9rD97s4p2g9i"
            }
        ],
        "ts": "1478274636.000003"
    },
    {
        "type": "message",
        "user": "U0K96PWET",
        "text": "well that took a dark and twisted turn",
        "ts": "1478274650.000004"
    },
    {
        "type": "message",
        "user": "U0Q6DBY7Q",
        "text": "\/giphy that escalated quickly",
        "bot_id": "B1H8K1E14",
        "attachments": [
            {
                "fallback": "giphy: <http:\/\/giphy.com\/gifs\/Ev8KI8quNd5PG>",
                "image_url": "https:\/\/media3.giphy.com\/media\/Ev8KI8quNd5PG\/giphy.gif",
                "image_width": 422,
                "image_height": 237,
                "image_bytes": 840215,
                "is_animated": true,
                "title": "that escalated quickly",
                "id": 1,
                "title_link": "http:\/\/giphy.com\/gifs\/Ev8KI8quNd5PG"
            }
        ],
        "ts": "1478274707.000005"
    },
    {
        "type": "message",
        "user": "U0Q6DBY7Q",
        "text": "Aww cute",
        "ts": "1478274725.000006"
    },
    {
        "type": "message",
        "user": "U0K96PWET",
        "text": "i see that they did there",
        "ts": "1478274747.000007"
    },
    {
        "type": "message",
        "user": "U0K96PWET",
        "text": "most literal thing giphy has ever done",
        "ts": "1478274773.000008",
        "reactions": [
            {
                "name": "+1",
                "users": [
                    "U0Q6DBY7Q"
                ],
                "count": 1
            }
        ]
    },
    {
        "type": "message",
        "user": "U06TBPWAW",
        "text": "\/giphy that escalator is too fast",
        "bot_id": "B1H8K1E14",
        "attachments": [
            {
                "fallback": "giphy: <http:\/\/giphy.com\/gifs\/escalator-Q0Gj1kURXswhO>",
                "image_url": "http:\/\/media.giphy.com\/media\/Q0Gj1kURXswhO\/giphy-tumblr.gif",
                "image_width": 320,
                "image_height": 240,
                "image_bytes": 1200007,
                "is_animated": true,
                "title": "that escalator is too fast",
                "id": 1,
                "title_link": "http:\/\/giphy.com\/gifs\/escalator-Q0Gj1kURXswhO"
            }
        ],
        "ts": "1478280435.000009"
    },
    {
        "type": "message",
        "user": "U0K96PWET",
        "text": "\/giphy wrong way",
        "bot_id": "B1H8K1E14",
        "attachments": [
            {
                "fallback": "giphy: <http:\/\/giphy.com\/gifs\/drinking-ways-wrong-8LuMb09xGYz2o>",
                "image_url": "http:\/\/media0.giphy.com\/media\/8LuMb09xGYz2o\/giphy.gif",
                "image_width": 640,
                "image_height": 421,
                "image_bytes": 790716,
                "is_animated": true,
                "title": "wrong way",
                "id": 1,
                "title_link": "http:\/\/giphy.com\/gifs\/drinking-ways-wrong-8LuMb09xGYz2o"
            }
        ],
        "ts": "1478281005.000010"
    },
    {
        "type": "message",
        "user": "U0Q6DBY7Q",
        "text": "\/giphy life hacks",
        "bot_id": "B1H8K1E14",
        "attachments": [
            {
                "fallback": "giphy: <http:\/\/giphy.com\/gifs\/mindwarp-knives-tomatoes-6EepcNn8rqLBK>",
                "image_url": "http:\/\/media.giphy.com\/media\/6EepcNn8rqLBK\/giphy-tumblr.gif",
                "image_width": 320,
                "image_height": 180,
                "image_bytes": 1842470,
                "is_animated": true,
                "title": "life hacks",
                "id": 1,
                "title_link": "http:\/\/giphy.com\/gifs\/mindwarp-knives-tomatoes-6EepcNn8rqLBK"
            }
        ],
        "ts": "1478283612.000011"
    },
    {
        "type": "message",
        "user": "U0Q6DBY7Q",
        "text": "That's actually pretty cool",
        "ts": "1478283699.000012"
    },
    {
        "type": "message",
        "user": "U0LPKBHK2",
        "text": "i'll try tomorrow",
        "ts": "1478322311.000002"
    }
]