[
    {
        "type": "message",
        "user": "U0Q6DBY7Q",
        "text": "",
        "bot_id": "B1H8K1E14",
        "attachments": [
            {
                "fallback": "giphy: <http:\/\/giphy.com\/gifs\/mtvhomecoming-11eZx23sVTy0SI>",
                "image_url": "http:\/\/media3.giphy.com\/media\/11eZx23sVTy0SI\/giphy.gif",
                "image_width": 500,
                "image_height": 572,
                "image_bytes": 970998,
                "is_animated": true,
                "title": "homecoming date",
                "footer": "Posted using \/giphy",
                "id": 1,
                "title_link": "http:\/\/giphy.com\/gifs\/mtvhomecoming-11eZx23sVTy0SI"
            }
        ],
        "ts": "1480433959.000002"
    },
    {
        "type": "message",
        "user": "U0KR8R2P9",
        "text": "",
        "bot_id": "B1H8K1E14",
        "attachments": [
            {
                "fallback": "giphy: http:\/\/giphy.com\/gifs\/filmeditor-the-legend-of-sleepy-hollow-l2YWkOwzJmmuM8Fws",
                "image_url": "http:\/\/media2.giphy.com\/media\/l2YWkOwzJmmuM8Fws\/giphy-tumblr.gif",
                "image_width": 250,
                "image_height": 186,
                "image_bytes": 890011,
                "is_animated": true,
                "title": "chivalry",
                "footer": "Posted using \/giphy",
                "id": 1,
                "title_link": "http:\/\/giphy.com\/gifs\/filmeditor-the-legend-of-sleepy-hollow-l2YWkOwzJmmuM8Fws"
            }
        ],
        "ts": "1480470315.000004"
    }
]