[
    {
        "type": "message",
        "user": "U06TBPWAW",
        "text": "\/giphy I think im in love",
        "attachments": [
            {
                "fallback": "giphy: <http:\/\/giphy.com\/gifs\/joel-mchale-blended-and-the-cutest-smile-ever-iJchUXMszZUsg>",
                "image_url": "http:\/\/media3.giphy.com\/media\/iJchUXMszZUsg\/giphy.gif",
                "image_width": 362,
                "image_height": 352,
                "image_bytes": 763668,
                "is_animated": true,
                "title": "I think im in love",
                "id": 1,
                "title_link": "http:\/\/giphy.com\/gifs\/joel-mchale-blended-and-the-cutest-smile-ever-iJchUXMszZUsg"
            }
        ],
        "ts": "1476797999.000002"
    },
    {
        "type": "message",
        "user": "U0L74J1CN",
        "text": "\/giphy I cant stop staring at his teeth",
        "attachments": [
            {
                "fallback": "giphy: <http:\/\/giphy.com\/gifs\/6rmcnGhzGFgTS>",
                "image_url": "http:\/\/media.giphy.com\/media\/6rmcnGhzGFgTS\/giphy-tumblr.gif",
                "image_width": 250,
                "image_height": 250,
                "image_bytes": 1069541,
                "is_animated": true,
                "title": "I cant stop staring at his teeth",
                "id": 1,
                "title_link": "http:\/\/giphy.com\/gifs\/6rmcnGhzGFgTS"
            }
        ],
        "ts": "1476799162.000003"
    },
    {
        "type": "message",
        "user": "U06TBPWAW",
        "text": "\/giphy baby laugh",
        "attachments": [
            {
                "fallback": "giphy: <http:\/\/giphy.com\/gifs\/90s-baby-T3Vx6sVAXzuG4>",
                "image_url": "http:\/\/media1.giphy.com\/media\/T3Vx6sVAXzuG4\/giphy.gif",
                "image_width": 300,
                "image_height": 182,
                "image_bytes": 320611,
                "is_animated": true,
                "title": "baby laugh",
                "id": 1,
                "title_link": "http:\/\/giphy.com\/gifs\/90s-baby-T3Vx6sVAXzuG4"
            }
        ],
        "ts": "1476799333.000004"
    },
    {
        "type": "message",
        "user": "U0Q6DBY7Q",
        "text": "That went from charming to creepy real fast.",
        "ts": "1476800645.000005"
    },
    {
        "type": "message",
        "user": "U0Q6DBY7Q",
        "text": "\/giphy creepy af",
        "attachments": [
            {
                "fallback": "giphy: <http:\/\/giphy.com\/gifs\/ghost-adventures-gac-the-b-roll-for-this-episode-was-a-pleasant-mixture-of-gorgeous-2l5wVovaZiFvq>",
                "image_url": "http:\/\/media1.giphy.com\/media\/2l5wVovaZiFvq\/giphy.gif",
                "image_width": 245,
                "image_height": 138,
                "image_bytes": 955917,
                "is_animated": true,
                "title": "creepy af",
                "id": 1,
                "title_link": "http:\/\/giphy.com\/gifs\/ghost-adventures-gac-the-b-roll-for-this-episode-was-a-pleasant-mixture-of-gorgeous-2l5wVovaZiFvq"
            }
        ],
        "ts": "1476800714.000006"
    },
    {
        "type": "message",
        "user": "U0K96PWET",
        "text": "\/giphy ghost pedestrian",
        "attachments": [
            {
                "fallback": "giphy: <http:\/\/giphy.com\/gifs\/IYPz0hJjeIc80>",
                "image_url": "https:\/\/media0.giphy.com\/media\/IYPz0hJjeIc80\/giphy.gif",
                "image_width": 394,
                "image_height": 186,
                "image_bytes": 1959365,
                "is_animated": true,
                "title": "ghost pedestrian",
                "id": 1,
                "title_link": "http:\/\/giphy.com\/gifs\/IYPz0hJjeIc80"
            }
        ],
        "ts": "1476807236.000007"
    },
    {
        "type": "message",
        "user": "U06TBPWAW",
        "text": "\/giphy new iphone rush",
        "attachments": [
            {
                "fallback": "giphy: <http:\/\/giphy.com\/gifs\/new-computer-iphone-qa75Mz5f6UYzm>",
                "image_url": "http:\/\/media2.giphy.com\/media\/qa75Mz5f6UYzm\/giphy.gif",
                "image_width": 280,
                "image_height": 280,
                "image_bytes": 27021,
                "is_animated": true,
                "title": "new iphone rush",
                "id": 1,
                "title_link": "http:\/\/giphy.com\/gifs\/new-computer-iphone-qa75Mz5f6UYzm"
            }
        ],
        "ts": "1476807455.000008"
    }
]