[
    {
        "type": "message",
        "user": "U06TBPWAW",
        "text": "",
        "bot_id": "B1H8K1E14",
        "attachments": [
            {
                "fallback": "giphy: http:\/\/giphy.com\/gifs\/music-video-chris-brown-dont-wake-me-up-FVLEivXPVT4WI",
                "image_url": "http:\/\/media0.giphy.com\/media\/FVLEivXPVT4WI\/giphy.gif",
                "image_width": 245,
                "image_height": 250,
                "image_bytes": 914589,
                "is_animated": true,
                "title": "Dont wake me up",
                "footer": "Posted using \/giphy",
                "id": 1,
                "title_link": "http:\/\/giphy.com\/gifs\/music-video-chris-brown-dont-wake-me-up-FVLEivXPVT4WI"
            }
        ],
        "ts": "1480691356.000002"
    }
]