[
    {
        "type": "message",
        "user": "U0Q6DBY7Q",
        "text": "\/giphy tearful goodbye",
        "attachments": [
            {
                "fallback": "giphy: <http:\/\/giphy.com\/gifs\/southparkgifs-l2SqgNdGXJIMYpl4Y>",
                "image_url": "https:\/\/media3.giphy.com\/media\/l2SqgNdGXJIMYpl4Y\/giphy.gif",
                "image_width": 480,
                "image_height": 270,
                "image_bytes": 657968,
                "is_animated": true,
                "title": "tearful goodbye",
                "id": 1,
                "title_link": "http:\/\/giphy.com\/gifs\/southparkgifs-l2SqgNdGXJIMYpl4Y"
            }
        ],
        "ts": "1474759699.000002"
    }
]