[
    {
        "user": "U06TD3AUW",
        "text": "<@U06TD3AUW|jcflinn> has joined the channel",
        "type": "message",
        "subtype": "channel_join",
        "ts": "1474060489.000002"
    },
    {
        "user": "U06TBPWAW",
        "text": "<@U06TBPWAW|splitix> has joined the channel",
        "type": "message",
        "subtype": "channel_join",
        "ts": "1474060502.000003"
    },
    {
        "user": "U06TD3AUW",
        "purpose": "A game where you describe the last giphy with a new giphy and see if you can end up back at the same one.",
        "text": "<@U06TD3AUW|jcflinn> set the channel purpose: A game where you describe the last giphy with a new giphy and see if you can end up back at the same one.",
        "type": "message",
        "subtype": "channel_purpose",
        "ts": "1474060530.000005"
    },
    {
        "user": "U0K96PWET",
        "inviter": "U06TD3AUW",
        "text": "<@U0K96PWET|stpcollabr8nlstn> has joined the channel",
        "type": "message",
        "subtype": "channel_join",
        "ts": "1474060546.000007"
    },
    {
        "type": "message",
        "user": "U0K96PWET",
        "text": "\/giphy wooohoooo",
        "attachments": [
            {
                "fallback": "giphy: <http:\/\/giphy.com\/gifs\/fc-barcelona-mcfc-offtopic-84QOn8kod5RLy>",
                "image_url": "http:\/\/media4.giphy.com\/media\/84QOn8kod5RLy\/giphy.gif",
                "image_width": 500,
                "image_height": 386,
                "image_bytes": 1513625,
                "is_animated": true,
                "title": "wooohoooo",
                "id": 1,
                "title_link": "http:\/\/giphy.com\/gifs\/fc-barcelona-mcfc-offtopic-84QOn8kod5RLy"
            }
        ],
        "ts": "1474060556.000008"
    },
    {
        "type": "message",
        "user": "U06TBPWAW",
        "text": "\/giphy ball face",
        "attachments": [
            {
                "fallback": "giphy: <http:\/\/giphy.com\/gifs\/6ohix6d2d5IYw>",
                "image_url": "https:\/\/media.giphy.com\/media\/6ohix6d2d5IYw\/giphy-tumblr.gif",
                "image_width": 397,
                "image_height": 223,
                "image_bytes": 256828,
                "is_animated": true,
                "title": "ball face",
                "id": 1,
                "title_link": "http:\/\/giphy.com\/gifs\/6ohix6d2d5IYw"
            }
        ],
        "ts": "1474060572.000009"
    },
    {
        "user": "U06TD3AUW",
        "topic": "The Devil's Loops",
        "text": "<@U06TD3AUW|jcflinn> set the channel topic: The Devil's Loops",
        "type": "message",
        "subtype": "channel_topic",
        "ts": "1474060581.000010"
    },
    {
        "type": "message",
        "user": "U06TD3AUW",
        "text": "\/giphy meatballs",
        "attachments": [
            {
                "fallback": "giphy: <http:\/\/giphy.com\/gifs\/adam-sandler-steve-buscemi-spaghetti-LfEDjt1JdQKkw>",
                "image_url": "https:\/\/media2.giphy.com\/media\/LfEDjt1JdQKkw\/giphy.gif",
                "image_width": 500,
                "image_height": 269,
                "image_bytes": 455196,
                "is_animated": true,
                "title": "meatballs",
                "id": 1,
                "title_link": "http:\/\/giphy.com\/gifs\/adam-sandler-steve-buscemi-spaghetti-LfEDjt1JdQKkw"
            }
        ],
        "ts": "1474060601.000011"
    },
    {
        "type": "message",
        "user": "U0K96PWET",
        "text": "well that got awkward real fast",
        "ts": "1474060607.000012"
    },
    {
        "type": "message",
        "user": "U06TBPWAW",
        "text": "\/giphy crazy eyes",
        "attachments": [
            {
                "fallback": "giphy: <http:\/\/giphy.com\/gifs\/happy-smile-smiling-fSpT0LvGm8JG>",
                "image_url": "http:\/\/media4.giphy.com\/media\/fSpT0LvGm8JG\/giphy.gif",
                "image_width": 274,
                "image_height": 277,
                "image_bytes": 1402470,
                "is_animated": true,
                "title": "crazy eyes",
                "id": 1,
                "title_link": "http:\/\/giphy.com\/gifs\/happy-smile-smiling-fSpT0LvGm8JG"
            }
        ],
        "ts": "1474060622.000013"
    },
    {
        "type": "message",
        "user": "U06TD3AUW",
        "text": "\/giphy she wants the d",
        "attachments": [
            {
                "fallback": "giphy: <http:\/\/giphy.com\/gifs\/matthew-perry-courteney-cox-go-on-7oIgutKogXlPG>",
                "image_url": "http:\/\/media4.giphy.com\/media\/7oIgutKogXlPG\/giphy.gif",
                "image_width": 245,
                "image_height": 225,
                "image_bytes": 895512,
                "is_animated": true,
                "title": "she wants the d",
                "id": 1,
                "title_link": "http:\/\/giphy.com\/gifs\/matthew-perry-courteney-cox-go-on-7oIgutKogXlPG"
            }
        ],
        "ts": "1474060634.000014"
    },
    {
        "type": "message",
        "user": "U06TBPWAW",
        "text": "\/giphy woman feelings",
        "attachments": [
            {
                "fallback": "giphy: <http:\/\/giphy.com\/gifs\/life-woman-old-BDFbo4RYT7vzi>",
                "image_url": "https:\/\/media3.giphy.com\/media\/BDFbo4RYT7vzi\/giphy.gif",
                "image_width": 500,
                "image_height": 320,
                "image_bytes": 474612,
                "is_animated": true,
                "title": "woman feelings",
                "id": 1,
                "title_link": "http:\/\/giphy.com\/gifs\/life-woman-old-BDFbo4RYT7vzi"
            }
        ],
        "ts": "1474060677.000015"
    },
    {
        "type": "message",
        "user": "U0K96PWET",
        "text": "\/giphy story of my life",
        "attachments": [
            {
                "fallback": "giphy: <http:\/\/giphy.com\/gifs\/cheezburger-hot-humpday-xHsTgAQE48288>",
                "image_url": "http:\/\/media3.giphy.com\/media\/xHsTgAQE48288\/giphy.gif",
                "image_width": 350,
                "image_height": 244,
                "image_bytes": 1218638,
                "is_animated": true,
                "title": "story of my life",
                "id": 1,
                "title_link": "http:\/\/giphy.com\/gifs\/cheezburger-hot-humpday-xHsTgAQE48288"
            }
        ],
        "ts": "1474060704.000016"
    },
    {
        "type": "message",
        "user": "U06TD3AUW",
        "text": "\/giphy birthcontrol for the hoes",
        "attachments": [
            {
                "fallback": "giphy: <http:\/\/giphy.com\/gifs\/hoe-10fWgq0yJcjCKY>",
                "image_url": "http:\/\/media.giphy.com\/media\/10fWgq0yJcjCKY\/giphy-tumblr.gif",
                "image_width": 250,
                "image_height": 140,
                "image_bytes": 1198669,
                "is_animated": true,
                "title": "birthcontrol for the hoes",
                "id": 1,
                "title_link": "http:\/\/giphy.com\/gifs\/hoe-10fWgq0yJcjCKY"
            }
        ],
        "ts": "1474060755.000017"
    },
    {
        "type": "message",
        "user": "U06TBPWAW",
        "text": "\/giphy golf",
        "attachments": [
            {
                "fallback": "giphy: <http:\/\/giphy.com\/gifs\/3oEjHJZT3q9EdNEnAY>",
                "image_url": "https:\/\/media.giphy.com\/media\/3oEjHJZT3q9EdNEnAY\/giphy-tumblr.gif",
                "image_width": 250,
                "image_height": 135,
                "image_bytes": 1161489,
                "is_animated": true,
                "title": "golf",
                "id": 1,
                "title_link": "http:\/\/giphy.com\/gifs\/3oEjHJZT3q9EdNEnAY"
            }
        ],
        "ts": "1474060769.000018"
    },
    {
        "type": "message",
        "user": "U06TD3AUW",
        "text": "\/giphy the devil's loop",
        "attachments": [
            {
                "fallback": "giphy: <http:\/\/giphy.com\/gifs\/loop-UJA22V7UAfJ5e>",
                "image_url": "http:\/\/media.giphy.com\/media\/UJA22V7UAfJ5e\/giphy-tumblr.gif",
                "image_width": 500,
                "image_height": 280,
                "image_bytes": 754021,
                "is_animated": true,
                "title": "the devil's loop",
                "id": 1,
                "title_link": "http:\/\/giphy.com\/gifs\/loop-UJA22V7UAfJ5e"
            }
        ],
        "ts": "1474060781.000019"
    },
    {
        "type": "message",
        "user": "U0K96PWET",
        "text": "\/giphy evil eye",
        "attachments": [
            {
                "fallback": "giphy: <http:\/\/giphy.com\/gifs\/the-incredibles-doug-walker-disneycember-cdhHG6aUtCCWY>",
                "image_url": "http:\/\/media1.giphy.com\/media\/cdhHG6aUtCCWY\/giphy.gif",
                "image_width": 500,
                "image_height": 357,
                "image_bytes": 502159,
                "is_animated": true,
                "title": "evil eye",
                "id": 1,
                "title_link": "http:\/\/giphy.com\/gifs\/the-incredibles-doug-walker-disneycember-cdhHG6aUtCCWY"
            }
        ],
        "ts": "1474060794.000020"
    },
    {
        "type": "message",
        "user": "U06TBPWAW",
        "text": "\/giphy old",
        "attachments": [
            {
                "fallback": "giphy: <http:\/\/giphy.com\/gifs\/ifc-danny-glover-lethal-weapon-U0zjzTCmGuUKc>",
                "image_url": "http:\/\/media4.giphy.com\/media\/U0zjzTCmGuUKc\/giphy.gif",
                "image_width": 500,
                "image_height": 200,
                "image_bytes": 1322025,
                "is_animated": true,
                "title": "old",
                "id": 1,
                "title_link": "http:\/\/giphy.com\/gifs\/ifc-danny-glover-lethal-weapon-U0zjzTCmGuUKc"
            }
        ],
        "ts": "1474060806.000021"
    },
    {
        "type": "message",
        "user": "U06TD3AUW",
        "text": "\/giphy black actor",
        "attachments": [
            {
                "fallback": "giphy: <http:\/\/giphy.com\/gifs\/black-and-white-amazing-121MTTEc4clBV6>",
                "image_url": "http:\/\/media2.giphy.com\/media\/121MTTEc4clBV6\/giphy.gif",
                "image_width": 500,
                "image_height": 285,
                "image_bytes": 1015547,
                "is_animated": true,
                "title": "black actory",
                "id": 1,
                "title_link": "http:\/\/giphy.com\/gifs\/black-and-white-amazing-121MTTEc4clBV6"
            }
        ],
        "edited": {
            "user": "U06TD3AUW",
            "ts": "1474060824.000000"
        },
        "ts": "1474060822.000022"
    },
    {
        "type": "message",
        "user": "U06TD3AUW",
        "text": "crap",
        "ts": "1474060827.000024"
    },
    {
        "type": "message",
        "user": "U06TD3AUW",
        "text": "\"actory\"",
        "ts": "1474060834.000025"
    },
    {
        "type": "message",
        "user": "U0K96PWET",
        "text": "\/giphy coked out ballerina",
        "attachments": [
            {
                "fallback": "giphy: <http:\/\/giphy.com\/gifs\/bird-coke-cocaine-3o7abxe3aqxwbmZyso>",
                "image_url": "http:\/\/media3.giphy.com\/media\/3o7abxe3aqxwbmZyso\/giphy.gif",
                "image_width": 480,
                "image_height": 272,
                "image_bytes": 660501,
                "is_animated": true,
                "title": "coked out ballerina",
                "id": 1,
                "title_link": "http:\/\/giphy.com\/gifs\/bird-coke-cocaine-3o7abxe3aqxwbmZyso"
            }
        ],
        "ts": "1474060849.000026"
    },
    {
        "type": "message",
        "user": "U06TBPWAW",
        "text": "\/giphy bird",
        "attachments": [
            {
                "fallback": "giphy: <http:\/\/giphy.com\/gifs\/cheezburger-bird-gBZcV5cRmx8nm>",
                "image_url": "https:\/\/media3.giphy.com\/media\/gBZcV5cRmx8nm\/giphy.gif",
                "image_width": 500,
                "image_height": 260,
                "image_bytes": 908332,
                "is_animated": true,
                "title": "bird",
                "id": 1,
                "title_link": "http:\/\/giphy.com\/gifs\/cheezburger-bird-gBZcV5cRmx8nm"
            }
        ],
        "ts": "1474060866.000027"
    },
    {
        "type": "message",
        "user": "U06TD3AUW",
        "text": "\/giphy bird kicking other birds",
        "attachments": [
            {
                "fallback": "giphy: <http:\/\/giphy.com\/gifs\/bird-pearly-conure-KpNyL9LpxTTnq>",
                "image_url": "http:\/\/media1.giphy.com\/media\/KpNyL9LpxTTnq\/giphy.gif",
                "image_width": 250,
                "image_height": 188,
                "image_bytes": 499598,
                "is_animated": true,
                "title": "bird kicking other birds",
                "id": 1,
                "title_link": "http:\/\/giphy.com\/gifs\/bird-pearly-conure-KpNyL9LpxTTnq"
            }
        ],
        "ts": "1474060889.000028"
    },
    {
        "type": "message",
        "user": "U06TD3AUW",
        "text": "cute",
        "ts": "1474060894.000029"
    },
    {
        "type": "message",
        "user": "U06TBPWAW",
        "text": "\/giphy finger shake",
        "attachments": [
            {
                "fallback": "giphy: <http:\/\/giphy.com\/gifs\/taylor-off-O1sV7XpJbJVUA>",
                "image_url": "http:\/\/media1.giphy.com\/media\/O1sV7XpJbJVUA\/giphy.gif",
                "image_width": 400,
                "image_height": 225,
                "image_bytes": 977307,
                "is_animated": true,
                "title": "finger shake",
                "id": 1,
                "title_link": "http:\/\/giphy.com\/gifs\/taylor-off-O1sV7XpJbJVUA"
            }
        ],
        "ts": "1474060928.000030"
    },
    {
        "type": "message",
        "user": "U06TBPWAW",
        "text": "oh tswift",
        "ts": "1474060940.000031"
    },
    {
        "type": "message",
        "user": "U0K96PWET",
        "text": "\/giphy tswizzle",
        "attachments": [
            {
                "fallback": "giphy: <http:\/\/giphy.com\/gifs\/taylor-swift-13-tswizzle-EoM4h9gG0nVzq>",
                "image_url": "https:\/\/media0.giphy.com\/media\/EoM4h9gG0nVzq\/giphy.gif",
                "image_width": 500,
                "image_height": 264,
                "image_bytes": 665592,
                "is_animated": true,
                "title": "tswizzle",
                "id": 1,
                "title_link": "http:\/\/giphy.com\/gifs\/taylor-swift-13-tswizzle-EoM4h9gG0nVzq"
            }
        ],
        "ts": "1474060945.000032"
    },
    {
        "type": "message",
        "user": "U06TD3AUW",
        "text": "\/giphy swift laugh",
        "attachments": [
            {
                "fallback": "giphy: <http:\/\/giphy.com\/gifs\/smile-taylor-swift-laughing-YDMAYrUr83kSk>",
                "image_url": "http:\/\/media4.giphy.com\/media\/YDMAYrUr83kSk\/giphy.gif",
                "image_width": 245,
                "image_height": 300,
                "image_bytes": 1537493,
                "is_animated": true,
                "title": "swift laugh",
                "id": 1,
                "title_link": "http:\/\/giphy.com\/gifs\/smile-taylor-swift-laughing-YDMAYrUr83kSk"
            }
        ],
        "ts": "1474060965.000033"
    },
    {
        "type": "message",
        "user": "U06TD3AUW",
        "text": "close",
        "ts": "1474060967.000034"
    },
    {
        "type": "message",
        "user": "U0K96PWET",
        "text": "\/giphy bowties are cool",
        "attachments": [
            {
                "fallback": "giphy: <http:\/\/giphy.com\/gifs\/doctor-who-matt-smith-11th-ud8TY5jTVTsuk>",
                "image_url": "https:\/\/media2.giphy.com\/media\/ud8TY5jTVTsuk\/giphy.gif",
                "image_width": 500,
                "image_height": 250,
                "image_bytes": 511151,
                "is_animated": true,
                "title": "bowties are cool",
                "id": 1,
                "title_link": "http:\/\/giphy.com\/gifs\/doctor-who-matt-smith-11th-ud8TY5jTVTsuk"
            }
        ],
        "ts": "1474060979.000035"
    },
    {
        "type": "message",
        "user": "U06TBPWAW",
        "text": "\/giphy hottie",
        "attachments": [
            {
                "fallback": "giphy: <http:\/\/giphy.com\/gifs\/flavor-of-love-hottie-schatar-f99boRKRNK3Je>",
                "image_url": "http:\/\/media.giphy.com\/media\/f99boRKRNK3Je\/giphy-tumblr.gif",
                "image_width": 250,
                "image_height": 197,
                "image_bytes": 1759908,
                "is_animated": true,
                "title": "hottie",
                "id": 1,
                "title_link": "http:\/\/giphy.com\/gifs\/flavor-of-love-hottie-schatar-f99boRKRNK3Je"
            }
        ],
        "ts": "1474060982.000036"
    },
    {
        "type": "message",
        "user": "U06TD3AUW",
        "text": "\/giphy ghetto fabulous",
        "attachments": [
            {
                "fallback": "giphy: <http:\/\/giphy.com\/gifs\/ghetto-beverly-hills-fabulous-92sLbtIy7CZmU>",
                "image_url": "https:\/\/media4.giphy.com\/media\/92sLbtIy7CZmU\/giphy.gif",
                "image_width": 500,
                "image_height": 194,
                "image_bytes": 502591,
                "is_animated": true,
                "title": "ghetto fabulous",
                "id": 1,
                "title_link": "http:\/\/giphy.com\/gifs\/ghetto-beverly-hills-fabulous-92sLbtIy7CZmU"
            }
        ],
        "ts": "1474061015.000037"
    },
    {
        "type": "message",
        "user": "U06TBPWAW",
        "text": "\/giphy fake",
        "attachments": [
            {
                "fallback": "giphy: <http:\/\/giphy.com\/gifs\/machinehead-nuclear-blast-recordings-l0CRAEsDFMOKmyvqE>",
                "image_url": "http:\/\/media.giphy.com\/media\/l0CRAEsDFMOKmyvqE\/giphy-tumblr.gif",
                "image_width": 250,
                "image_height": 185,
                "image_bytes": 626376,
                "is_animated": true,
                "title": "fake",
                "id": 1,
                "title_link": "http:\/\/giphy.com\/gifs\/machinehead-nuclear-blast-recordings-l0CRAEsDFMOKmyvqE"
            }
        ],
        "ts": "1474061072.000038"
    },
    {
        "type": "message",
        "user": "U06TD3AUW",
        "text": "\/giphy angry white woman",
        "attachments": [
            {
                "fallback": "giphy: <http:\/\/giphy.com\/gifs\/black-and-white-nina-dobrev-the-vampire-diaries-qgWGecqkkXhyo>",
                "image_url": "https:\/\/media2.giphy.com\/media\/qgWGecqkkXhyo\/giphy.gif",
                "image_width": 500,
                "image_height": 261,
                "image_bytes": 1014156,
                "is_animated": true,
                "title": "angry white woman",
                "id": 1,
                "title_link": "http:\/\/giphy.com\/gifs\/black-and-white-nina-dobrev-the-vampire-diaries-qgWGecqkkXhyo"
            }
        ],
        "ts": "1474061090.000039"
    },
    {
        "type": "message",
        "user": "U06TD3AUW",
        "text": "ha black and white at least",
        "ts": "1474061097.000040"
    },
    {
        "type": "message",
        "user": "U0K96PWET",
        "text": "\/giphy pillow fight",
        "attachments": [
            {
                "fallback": "giphy: <http:\/\/giphy.com\/gifs\/rickandmorty-adult-swim-rick-and-morty-02x04-eGe59ekUJEll6>",
                "image_url": "http:\/\/media3.giphy.com\/media\/eGe59ekUJEll6\/giphy.gif",
                "image_width": 480,
                "image_height": 264,
                "image_bytes": 930183,
                "is_animated": true,
                "title": "pillow fight",
                "id": 1,
                "title_link": "http:\/\/giphy.com\/gifs\/rickandmorty-adult-swim-rick-and-morty-02x04-eGe59ekUJEll6"
            }
        ],
        "ts": "1474061103.000041"
    },
    {
        "type": "message",
        "user": "U06TBPWAW",
        "text": "\/giphy fighting",
        "attachments": [
            {
                "fallback": "giphy: <http:\/\/giphy.com\/gifs\/13NGnjve8XVTC8>",
                "image_url": "http:\/\/media.giphy.com\/media\/13NGnjve8XVTC8\/giphy-tumblr.gif",
                "image_width": 250,
                "image_height": 237,
                "image_bytes": 1310022,
                "is_animated": true,
                "title": "fighting",
                "id": 1,
                "title_link": "http:\/\/giphy.com\/gifs\/13NGnjve8XVTC8"
            }
        ],
        "ts": "1474061124.000042"
    },
    {
        "type": "message",
        "user": "U06TBPWAW",
        "text": "thats dope",
        "ts": "1474061142.000043"
    },
    {
        "type": "message",
        "user": "U06TD3AUW",
        "text": "\/giphy badass martial arts shoulder takedown",
        "attachments": [
            {
                "fallback": "giphy: <http:\/\/giphy.com\/gifs\/badass-martial-arts-bruce-lee-q2kSxNBUGtHbO>",
                "image_url": "http:\/\/media1.giphy.com\/media\/q2kSxNBUGtHbO\/giphy.gif",
                "image_width": 500,
                "image_height": 224,
                "image_bytes": 1019430,
                "is_animated": true,
                "title": "badass martial arts shoulder takedown",
                "id": 1,
                "title_link": "http:\/\/giphy.com\/gifs\/badass-martial-arts-bruce-lee-q2kSxNBUGtHbO"
            }
        ],
        "ts": "1474061145.000044"
    },
    {
        "type": "message",
        "user": "U06TD3AUW",
        "text": "not quite",
        "ts": "1474061152.000045"
    },
    {
        "type": "message",
        "user": "U0K96PWET",
        "text": "\/giphy bitch please",
        "attachments": [
            {
                "fallback": "giphy: <http:\/\/giphy.com\/gifs\/VfqpaHAKkGvbG>",
                "image_url": "http:\/\/media0.giphy.com\/media\/VfqpaHAKkGvbG\/giphy.gif",
                "image_width": 336,
                "image_height": 328,
                "image_bytes": 1175643,
                "is_animated": true,
                "title": "bitch please",
                "id": 1,
                "title_link": "http:\/\/giphy.com\/gifs\/VfqpaHAKkGvbG"
            }
        ],
        "ts": "1474061162.000046"
    },
    {
        "type": "message",
        "user": "U06TD3AUW",
        "text": "\/giphy confused bernie",
        "attachments": [
            {
                "fallback": "giphy: <http:\/\/giphy.com\/gifs\/travolta-bernie-sanders-aut0w0s0WJdPW>",
                "image_url": "http:\/\/media.giphy.com\/media\/aut0w0s0WJdPW\/giphy-tumblr.gif",
                "image_width": 500,
                "image_height": 251,
                "image_bytes": 1056565,
                "is_animated": true,
                "title": "confused bernie",
                "id": 1,
                "title_link": "http:\/\/giphy.com\/gifs\/travolta-bernie-sanders-aut0w0s0WJdPW"
            }
        ],
        "ts": "1474061173.000047"
    },
    {
        "type": "message",
        "user": "U0K96PWET",
        "text": "\/giphy confused travolta",
        "attachments": [
            {
                "fallback": "giphy: <http:\/\/giphy.com\/gifs\/john-travolta-confused-ginger-ale-l0OWjE8Lu7552e0lq>",
                "image_url": "http:\/\/media.giphy.com\/media\/l0OWjE8Lu7552e0lq\/giphy-tumblr.gif",
                "image_width": 250,
                "image_height": 250,
                "image_bytes": 1535171,
                "is_animated": true,
                "title": "confused travolta",
                "id": 1,
                "title_link": "http:\/\/giphy.com\/gifs\/john-travolta-confused-ginger-ale-l0OWjE8Lu7552e0lq"
            }
        ],
        "ts": "1474061188.000048"
    },
    {
        "type": "message",
        "user": "U06TD3AUW",
        "text": "\/giphy confused ginger ale",
        "attachments": [
            {
                "fallback": "giphy: <http:\/\/giphy.com\/gifs\/john-travolta-confused-ginger-ale-l0OWjE8Lu7552e0lq>",
                "image_url": "http:\/\/media.giphy.com\/media\/l0OWjE8Lu7552e0lq\/giphy-tumblr.gif",
                "image_width": 250,
                "image_height": 250,
                "image_bytes": 1535171,
                "is_animated": true,
                "title": "confused ginger ale",
                "id": 1,
                "title_link": "http:\/\/giphy.com\/gifs\/john-travolta-confused-ginger-ale-l0OWjE8Lu7552e0lq"
            }
        ],
        "ts": "1474061211.000049"
    },
    {
        "type": "message",
        "user": "U06TD3AUW",
        "text": "yes",
        "ts": "1474061212.000050"
    },
    {
        "type": "message",
        "user": "U06TBPWAW",
        "text": "how do we get back from here",
        "ts": "1474061216.000051"
    },
    {
        "type": "message",
        "user": "U06TD3AUW",
        "text": "oh wait",
        "ts": "1474061220.000052"
    },
    {
        "type": "message",
        "user": "U06TD3AUW",
        "text": "we go back to the very beginning?",
        "ts": "1474061226.000053"
    },
    {
        "type": "message",
        "user": "U06TBPWAW",
        "text": "yeah",
        "ts": "1474061230.000054"
    },
    {
        "type": "message",
        "user": "U06TD3AUW",
        "text": "or just the previous one with a different description",
        "ts": "1474061232.000055"
    },
    {
        "type": "message",
        "user": "U06TD3AUW",
        "text": "oh",
        "ts": "1474061234.000056"
    },
    {
        "type": "message",
        "user": "U06TD3AUW",
        "text": "lol",
        "ts": "1474061234.000057"
    },
    {
        "type": "message",
        "user": "U06TD3AUW",
        "text": "I was playing wrong this whole time",
        "ts": "1474061240.000058"
    },
    {
        "type": "message",
        "user": "U06TBPWAW",
        "text": "\/giphy white guy",
        "attachments": [
            {
                "fallback": "giphy: <http:\/\/giphy.com\/gifs\/race-dating-black-girls-g0jOWXIgFEwQo>",
                "image_url": "https:\/\/media4.giphy.com\/media\/g0jOWXIgFEwQo\/giphy.gif",
                "image_width": 350,
                "image_height": 197,
                "image_bytes": 1189326,
                "is_animated": true,
                "title": "white guy",
                "id": 1,
                "title_link": "http:\/\/giphy.com\/gifs\/race-dating-black-girls-g0jOWXIgFEwQo"
            }
        ],
        "ts": "1474061252.000059"
    },
    {
        "type": "message",
        "user": "U0K96PWET",
        "text": "\/giphy awkward date",
        "attachments": [
            {
                "fallback": "giphy: <http:\/\/giphy.com\/gifs\/reaction-FlQT9XwaGaDEA>",
                "image_url": "http:\/\/media.giphy.com\/media\/FlQT9XwaGaDEA\/giphy-tumblr.gif",
                "image_width": 250,
                "image_height": 140,
                "image_bytes": 1096650,
                "is_animated": true,
                "title": "awkward date",
                "id": 1,
                "title_link": "http:\/\/giphy.com\/gifs\/reaction-FlQT9XwaGaDEA"
            }
        ],
        "ts": "1474061282.000060"
    },
    {
        "type": "message",
        "user": "U06TBPWAW",
        "text": "\/giphy not going well",
        "attachments": [
            {
                "fallback": "giphy: <http:\/\/giphy.com\/gifs\/emma-stone-costume-pDMwdSG86csNO>",
                "image_url": "http:\/\/media2.giphy.com\/media\/pDMwdSG86csNO\/giphy.gif",
                "image_width": 250,
                "image_height": 150,
                "image_bytes": 746905,
                "is_animated": true,
                "title": "not going well",
                "id": 1,
                "title_link": "http:\/\/giphy.com\/gifs\/emma-stone-costume-pDMwdSG86csNO"
            }
        ],
        "ts": "1474061312.000061"
    },
    {
        "type": "message",
        "user": "U06TD3AUW",
        "text": "\/giphy ouch",
        "attachments": [
            {
                "fallback": "giphy: <http:\/\/giphy.com\/gifs\/3d-weird-awkward-JX63sWkDB6mPe>",
                "image_url": "https:\/\/media2.giphy.com\/media\/JX63sWkDB6mPe\/giphy.gif",
                "image_width": 314,
                "image_height": 212,
                "image_bytes": 599336,
                "is_animated": true,
                "title": "ouch",
                "id": 1,
                "title_link": "http:\/\/giphy.com\/gifs\/3d-weird-awkward-JX63sWkDB6mPe"
            }
        ],
        "ts": "1474061346.000062"
    },
    {
        "type": "message",
        "user": "U06TD3AUW",
        "text": "lmao",
        "ts": "1474061349.000063"
    },
    {
        "type": "message",
        "user": "U06TD3AUW",
        "text": "his shoe fell off",
        "ts": "1474061365.000064"
    },
    {
        "type": "message",
        "user": "U06TD3AUW",
        "text": "he ded",
        "ts": "1474061367.000065"
    },
    {
        "type": "message",
        "user": "U0K96PWET",
        "text": "\/giphy lost pink slipper",
        "attachments": [
            {
                "fallback": "giphy: <http:\/\/giphy.com\/gifs\/slippers-1c49mRFgYLfUI>",
                "image_url": "http:\/\/media4.giphy.com\/media\/1c49mRFgYLfUI\/giphy.gif",
                "image_width": 500,
                "image_height": 281,
                "image_bytes": 662076,
                "is_animated": true,
                "title": "lost pink slipper",
                "id": 1,
                "title_link": "http:\/\/giphy.com\/gifs\/slippers-1c49mRFgYLfUI"
            }
        ],
        "ts": "1474061379.000066"
    },
    {
        "type": "message",
        "user": "U06TD3AUW",
        "text": "got dangerously close to nsfw haha",
        "ts": "1474061394.000067"
    },
    {
        "type": "message",
        "user": "U06TBPWAW",
        "text": "\/giphy models",
        "attachments": [
            {
                "fallback": "giphy: <http:\/\/giphy.com\/gifs\/models-fashion-week-modeling-l0HlLO5kE2kOZivew>",
                "image_url": "http:\/\/media3.giphy.com\/media\/l0HlLO5kE2kOZivew\/giphy.gif",
                "image_width": 500,
                "image_height": 224,
                "image_bytes": 1280566,
                "is_animated": true,
                "title": "models",
                "id": 1,
                "title_link": "http:\/\/giphy.com\/gifs\/models-fashion-week-modeling-l0HlLO5kE2kOZivew"
            }
        ],
        "ts": "1474061418.000068"
    },
    {
        "type": "message",
        "user": "U06TD3AUW",
        "text": "\/giphy wipeout",
        "attachments": [
            {
                "fallback": "giphy: <http:\/\/giphy.com\/gifs\/year-wipeout-ORrYBSp0nLDBS>",
                "image_url": "http:\/\/media.giphy.com\/media\/ORrYBSp0nLDBS\/giphy-tumblr.gif",
                "image_width": 250,
                "image_height": 140,
                "image_bytes": 1046425,
                "is_animated": true,
                "title": "wipeout",
                "id": 1,
                "title_link": "http:\/\/giphy.com\/gifs\/year-wipeout-ORrYBSp0nLDBS"
            }
        ],
        "ts": "1474061432.000069"
    },
    {
        "type": "message",
        "user": "U0K96PWET",
        "text": "\/giphy wave of doom",
        "attachments": [
            {
                "fallback": "giphy: <http:\/\/giphy.com\/gifs\/doctor-who-confused-waving-fm5qkwA853FK0>",
                "image_url": "http:\/\/media1.giphy.com\/media\/fm5qkwA853FK0\/giphy.gif",
                "image_width": 245,
                "image_height": 188,
                "image_bytes": 969305,
                "is_animated": true,
                "title": "wave of doom",
                "id": 1,
                "title_link": "http:\/\/giphy.com\/gifs\/doctor-who-confused-waving-fm5qkwA853FK0"
            }
        ],
        "ts": "1474061444.000070"
    },
    {
        "type": "message",
        "user": "U0K96PWET",
        "text": "it's like it knows I'm a whovian",
        "ts": "1474061458.000071"
    },
    {
        "type": "message",
        "user": "U06TBPWAW",
        "text": "\/giphy whats that",
        "attachments": [
            {
                "fallback": "giphy: <http:\/\/giphy.com\/gifs\/hulu-tv-land-young-hercules-universal-television-l0MYwPC2SQ6T11dcY>",
                "image_url": "http:\/\/media3.giphy.com\/media\/l0MYwPC2SQ6T11dcY\/giphy.gif",
                "image_width": 400,
                "image_height": 275,
                "image_bytes": 1174676,
                "is_animated": true,
                "title": "whats that",
                "id": 1,
                "title_link": "http:\/\/giphy.com\/gifs\/hulu-tv-land-young-hercules-universal-television-l0MYwPC2SQ6T11dcY"
            }
        ],
        "ts": "1474061512.000072"
    },
    {
        "type": "message",
        "user": "U06TD3AUW",
        "text": "\/giphy butt ugly",
        "attachments": [
            {
                "fallback": "giphy: <http:\/\/giphy.com\/gifs\/thesimpsons-xT5LMQR1JdBRHYMLf2>",
                "image_url": "http:\/\/media.giphy.com\/media\/xT5LMQR1JdBRHYMLf2\/giphy-tumblr.gif",
                "image_width": 250,
                "image_height": 188,
                "image_bytes": 666106,
                "is_animated": true,
                "title": "butt ugly",
                "id": 1,
                "title_link": "http:\/\/giphy.com\/gifs\/thesimpsons-xT5LMQR1JdBRHYMLf2"
            }
        ],
        "ts": "1474061543.000073"
    },
    {
        "type": "message",
        "user": "U0K96PWET",
        "text": "\/giphy turn around",
        "attachments": [
            {
                "fallback": "giphy: <http:\/\/giphy.com\/gifs\/thelastwitchhunter-trailer-the-last-witchhunter-xTiTnuTnq8rJbMaSxq>",
                "image_url": "http:\/\/media2.giphy.com\/media\/xTiTnuTnq8rJbMaSxq\/giphy.gif",
                "image_width": 480,
                "image_height": 200,
                "image_bytes": 1313346,
                "is_animated": true,
                "title": "turn around",
                "id": 1,
                "title_link": "http:\/\/giphy.com\/gifs\/thelastwitchhunter-trailer-the-last-witchhunter-xTiTnuTnq8rJbMaSxq"
            }
        ],
        "ts": "1474061544.000074"
    },
    {
        "type": "message",
        "user": "U06TD3AUW",
        "text": "\/giphy badass",
        "attachments": [
            {
                "fallback": "giphy: <http:\/\/giphy.com\/gifs\/spice-girls-geri-halliwell-ginger-6xcL2KWPT4fq8>",
                "image_url": "http:\/\/media4.giphy.com\/media\/6xcL2KWPT4fq8\/giphy.gif",
                "image_width": 300,
                "image_height": 225,
                "image_bytes": 935960,
                "is_animated": true,
                "title": "badass",
                "id": 1,
                "title_link": "http:\/\/giphy.com\/gifs\/spice-girls-geri-halliwell-ginger-6xcL2KWPT4fq8"
            }
        ],
        "ts": "1474061558.000075"
    },
    {
        "type": "message",
        "user": "U0K96PWET",
        "text": "\/giphy BABY SPICE",
        "attachments": [
            {
                "fallback": "giphy: <http:\/\/giphy.com\/gifs\/90s-girl-bands-PSfMwrLPXUtrO>",
                "image_url": "http:\/\/media4.giphy.com\/media\/PSfMwrLPXUtrO\/giphy.gif",
                "image_width": 300,
                "image_height": 225,
                "image_bytes": 507761,
                "is_animated": true,
                "title": "BABY SPICE",
                "id": 1,
                "title_link": "http:\/\/giphy.com\/gifs\/90s-girl-bands-PSfMwrLPXUtrO"
            }
        ],
        "ts": "1474061570.000076"
    },
    {
        "type": "message",
        "user": "U0K96PWET",
        "text": "oh wait it was ginger",
        "ts": "1474061576.000077"
    },
    {
        "type": "message",
        "user": "U06TBPWAW",
        "text": "\/giphy tiger claws",
        "attachments": [
            {
                "fallback": "giphy: <http:\/\/giphy.com\/gifs\/lari-V5e5f0PRyIxj2>",
                "image_url": "http:\/\/media0.giphy.com\/media\/V5e5f0PRyIxj2\/giphy.gif",
                "image_width": 420,
                "image_height": 236,
                "image_bytes": 1808857,
                "is_animated": true,
                "title": "tiger claws",
                "id": 1,
                "title_link": "http:\/\/giphy.com\/gifs\/lari-V5e5f0PRyIxj2"
            }
        ],
        "ts": "1474061586.000078"
    },
    {
        "type": "message",
        "user": "U06TD3AUW",
        "text": "\/giphy disappear",
        "attachments": [
            {
                "fallback": "giphy: <http:\/\/giphy.com\/gifs\/suicide-isolation-dissolving-3oGRFjVH1Q0fETpMAw>",
                "image_url": "http:\/\/media.giphy.com\/media\/3oGRFjVH1Q0fETpMAw\/giphy-tumblr.gif",
                "image_width": 250,
                "image_height": 172,
                "image_bytes": 1499240,
                "is_animated": true,
                "title": "disappear",
                "id": 1,
                "title_link": "http:\/\/giphy.com\/gifs\/suicide-isolation-dissolving-3oGRFjVH1Q0fETpMAw"
            }
        ],
        "ts": "1474061597.000079"
    },
    {
        "type": "message",
        "user": "U0K96PWET",
        "text": "\/giphy fade away",
        "attachments": [
            {
                "fallback": "giphy: <http:\/\/giphy.com\/gifs\/nba-basketball-yao-ming-3oGNDn9EfYjzxqt9gA>",
                "image_url": "http:\/\/media.giphy.com\/media\/3oGNDn9EfYjzxqt9gA\/giphy-tumblr.gif",
                "image_width": 250,
                "image_height": 140,
                "image_bytes": 1325708,
                "is_animated": true,
                "title": "fade away",
                "id": 1,
                "title_link": "http:\/\/giphy.com\/gifs\/nba-basketball-yao-ming-3oGNDn9EfYjzxqt9gA"
            }
        ],
        "ts": "1474061629.000080"
    },
    {
        "type": "message",
        "user": "U06TBPWAW",
        "text": "\/giphy sports",
        "attachments": [
            {
                "fallback": "giphy: <http:\/\/giphy.com\/gifs\/vintage-football-kED33TVwtp5le>",
                "image_url": "http:\/\/media0.giphy.com\/media\/kED33TVwtp5le\/giphy.gif",
                "image_width": 450,
                "image_height": 254,
                "image_bytes": 1011102,
                "is_animated": true,
                "title": "sports",
                "id": 1,
                "title_link": "http:\/\/giphy.com\/gifs\/vintage-football-kED33TVwtp5le"
            }
        ],
        "ts": "1474061638.000081"
    },
    {
        "type": "message",
        "user": "U0K96PWET",
        "text": "\/giphy throw catch",
        "attachments": [
            {
                "fallback": "giphy: <http:\/\/giphy.com\/gifs\/catch-throw-eaf-BG4kOV15hoZHO>",
                "image_url": "http:\/\/media.giphy.com\/media\/BG4kOV15hoZHO\/giphy-tumblr.gif",
                "image_width": 250,
                "image_height": 140,
                "image_bytes": 734521,
                "is_animated": true,
                "title": "throw catch",
                "id": 1,
                "title_link": "http:\/\/giphy.com\/gifs\/catch-throw-eaf-BG4kOV15hoZHO"
            }
        ],
        "ts": "1474061691.000082"
    },
    {
        "type": "message",
        "user": "U06TBPWAW",
        "text": "\/giphy frisbee",
        "attachments": [
            {
                "fallback": "giphy: <http:\/\/giphy.com\/gifs\/afv-funny-fail-lol-3o7ZeAgHVHDH0jCTN6>",
                "image_url": "http:\/\/media.giphy.com\/media\/3o7ZeAgHVHDH0jCTN6\/giphy-tumblr.gif",
                "image_width": 250,
                "image_height": 250,
                "image_bytes": 1817694,
                "is_animated": true,
                "title": "frisbee",
                "id": 1,
                "title_link": "http:\/\/giphy.com\/gifs\/afv-funny-fail-lol-3o7ZeAgHVHDH0jCTN6"
            }
        ],
        "ts": "1474061710.000083"
    },
    {
        "type": "message",
        "user": "U06TD3AUW",
        "text": "\/giphy long pass",
        "attachments": [
            {
                "fallback": "giphy: <http:\/\/giphy.com\/gifs\/chris-paul-rOjRCF9yEj0vm>",
                "image_url": "http:\/\/media.giphy.com\/media\/rOjRCF9yEj0vm\/giphy-tumblr.gif",
                "image_width": 250,
                "image_height": 140,
                "image_bytes": 1233568,
                "is_animated": true,
                "title": "long pass",
                "id": 1,
                "title_link": "http:\/\/giphy.com\/gifs\/chris-paul-rOjRCF9yEj0vm"
            }
        ],
        "ts": "1474061711.000084"
    },
    {
        "user": "U0L74J1CN",
        "text": "<@U0L74J1CN|m.fast1995> has joined the channel",
        "type": "message",
        "subtype": "channel_join",
        "ts": "1474061789.000085"
    },
    {
        "type": "message",
        "user": "U0K96PWET",
        "text": "\/giphy basketball ew",
        "attachments": [
            {
                "fallback": "giphy: <http:\/\/giphy.com\/gifs\/basketball-nba-CztfbmrccjbH2>",
                "image_url": "http:\/\/media0.giphy.com\/media\/CztfbmrccjbH2\/giphy.gif",
                "image_width": 300,
                "image_height": 217,
                "image_bytes": 507719,
                "is_animated": true,
                "title": "basketball ew",
                "id": 1,
                "title_link": "http:\/\/giphy.com\/gifs\/basketball-nba-CztfbmrccjbH2"
            }
        ],
        "ts": "1474061826.000086"
    },
    {
        "type": "message",
        "user": "U06TBPWAW",
        "text": "\/giphy slam dunk",
        "attachments": [
            {
                "fallback": "giphy: <http:\/\/giphy.com\/gifs\/3o7TKGe0OlrYlTYayI>",
                "image_url": "http:\/\/media.giphy.com\/media\/3o7TKGe0OlrYlTYayI\/giphy-tumblr.gif",
                "image_width": 250,
                "image_height": 130,
                "image_bytes": 1016404,
                "is_animated": true,
                "title": "slam dunk",
                "id": 1,
                "title_link": "http:\/\/giphy.com\/gifs\/3o7TKGe0OlrYlTYayI"
            }
        ],
        "ts": "1474061844.000087"
    },
    {
        "type": "message",
        "user": "U06TD3AUW",
        "text": "\/giphy easy goal",
        "attachments": [
            {
                "fallback": "giphy: <http:\/\/giphy.com\/gifs\/avatar-zoe-saldana-neytiri-118j8BCbFUvfLW>",
                "image_url": "http:\/\/media4.giphy.com\/media\/118j8BCbFUvfLW\/giphy.gif",
                "image_width": 245,
                "image_height": 312,
                "image_bytes": 120056,
                "is_animated": true,
                "title": "easy goal",
                "id": 1,
                "title_link": "http:\/\/giphy.com\/gifs\/avatar-zoe-saldana-neytiri-118j8BCbFUvfLW"
            }
        ],
        "ts": "1474061853.000088"
    },
    {
        "type": "message",
        "user": "U06TD3AUW",
        "text": "lol",
        "ts": "1474061856.000089"
    },
    {
        "type": "message",
        "user": "U0K96PWET",
        "text": "well that took an awkward turn",
        "ts": "1474061872.000090"
    },
    {
        "type": "message",
        "user": "U0L74J1CN",
        "text": "New favorite channel",
        "ts": "1474061874.000091",
        "reactions": [
            {
                "name": "party_parrot",
                "users": [
                    "U0K96PWET"
                ],
                "count": 1
            }
        ]
    },
    {
        "type": "message",
        "user": "U06TBPWAW",
        "text": "\/giphy zoey",
        "attachments": [
            {
                "fallback": "giphy: <http:\/\/giphy.com\/gifs\/blog-zoey-teennickcom-kv3Pr0a82vQiI>",
                "image_url": "http:\/\/media0.giphy.com\/media\/kv3Pr0a82vQiI\/giphy.gif",
                "image_width": 400,
                "image_height": 270,
                "image_bytes": 749628,
                "is_animated": true,
                "title": "zoey",
                "id": 1,
                "title_link": "http:\/\/giphy.com\/gifs\/blog-zoey-teennickcom-kv3Pr0a82vQiI"
            }
        ],
        "ts": "1474061889.000092"
    },
    {
        "type": "message",
        "user": "U0K96PWET",
        "text": "\/giphy bromance",
        "attachments": [
            {
                "fallback": "giphy: <http:\/\/giphy.com\/gifs\/CgWjC2dbH61vq>",
                "image_url": "https:\/\/media0.giphy.com\/media\/CgWjC2dbH61vq\/giphy.gif",
                "image_width": 500,
                "image_height": 267,
                "image_bytes": 283242,
                "is_animated": true,
                "title": "bromance",
                "id": 1,
                "title_link": "http:\/\/giphy.com\/gifs\/CgWjC2dbH61vq"
            }
        ],
        "ts": "1474061902.000093"
    },
    {
        "type": "message",
        "user": "U06TBPWAW",
        "text": "\/giphy No emotion batman",
        "attachments": [
            {
                "fallback": "giphy: <http:\/\/giphy.com\/gifs\/argh-8T1rxkriA7NvO>",
                "image_url": "http:\/\/media2.giphy.com\/media\/8T1rxkriA7NvO\/giphy.gif",
                "image_width": 200,
                "image_height": 200,
                "image_bytes": 626601,
                "is_animated": true,
                "title": "No emotion batman",
                "id": 1,
                "title_link": "http:\/\/giphy.com\/gifs\/argh-8T1rxkriA7NvO"
            }
        ],
        "ts": "1474061945.000094"
    },
    {
        "type": "message",
        "user": "U0K96PWET",
        "text": "\/giphy batman is da bomb",
        "attachments": [
            {
                "fallback": "giphy: <http:\/\/giphy.com\/gifs\/picture-bomb-calabria-8sb9EfNYitY2s>",
                "image_url": "http:\/\/media3.giphy.com\/media\/8sb9EfNYitY2s\/giphy.gif",
                "image_width": 90,
                "image_height": 68,
                "image_bytes": 56667,
                "is_animated": true,
                "title": "batman is da bomb",
                "id": 1,
                "title_link": "http:\/\/giphy.com\/gifs\/picture-bomb-calabria-8sb9EfNYitY2s"
            }
        ],
        "ts": "1474061974.000095"
    },
    {
        "type": "message",
        "user": "U06TD3AUW",
        "text": "\/giphy awkward hold",
        "attachments": [
            {
                "fallback": "giphy: <http:\/\/giphy.com\/gifs\/tech-ywez1cqitaYGA>",
                "image_url": "https:\/\/media.giphy.com\/media\/ywez1cqitaYGA\/giphy-tumblr.gif",
                "image_width": 250,
                "image_height": 126,
                "image_bytes": 825854,
                "is_animated": true,
                "title": "awkward hold",
                "id": 1,
                "title_link": "http:\/\/giphy.com\/gifs\/tech-ywez1cqitaYGA"
            }
        ],
        "ts": "1474061986.000096"
    },
    {
        "type": "message",
        "user": "U06TD3AUW",
        "text": "oh snap",
        "ts": "1474061992.000097"
    },
    {
        "type": "message",
        "user": "U06TD3AUW",
        "text": "I didn't scroll down lol",
        "ts": "1474061996.000098"
    },
    {
        "type": "message",
        "user": "U06TD3AUW",
        "text": "ignore mine",
        "ts": "1474061998.000099"
    },
    {
        "type": "message",
        "user": "U06TBPWAW",
        "text": "\/giphy Kayla’s snaps",
        "attachments": [
            {
                "fallback": "giphy: <http:\/\/giphy.com\/gifs\/4GiqyDJY5c0V2>",
                "image_url": "https:\/\/media1.giphy.com\/media\/4GiqyDJY5c0V2\/giphy.gif",
                "image_width": 300,
                "image_height": 264,
                "image_bytes": 1005604,
                "is_animated": true,
                "title": "Kayla's snaps",
                "id": 1,
                "title_link": "http:\/\/giphy.com\/gifs\/4GiqyDJY5c0V2"
            }
        ],
        "ts": "1474062012.000100"
    },
    {
        "type": "message",
        "user": "U0K96PWET",
        "text": "bahahahahahaaha",
        "ts": "1474062021.000101"
    },
    {
        "type": "message",
        "user": "U06TD3AUW",
        "text": "\/giphy surprise splits",
        "attachments": [
            {
                "fallback": "giphy: <http:\/\/giphy.com\/gifs\/split-fcE3Lt4Bsr6BG>",
                "image_url": "http:\/\/media.giphy.com\/media\/fcE3Lt4Bsr6BG\/giphy-tumblr.gif",
                "image_width": 250,
                "image_height": 139,
                "image_bytes": 1557919,
                "is_animated": true,
                "title": "surprise splits",
                "id": 1,
                "title_link": "http:\/\/giphy.com\/gifs\/split-fcE3Lt4Bsr6BG"
            }
        ],
        "ts": "1474062034.000102"
    },
    {
        "type": "message",
        "user": "U0K96PWET",
        "text": "\/giphy white girl wasted",
        "attachments": [
            {
                "fallback": "giphy: <http:\/\/giphy.com\/gifs\/partydownsouth-cmt-party-down-south-3osxYzizWGfFenmX1m>",
                "image_url": "http:\/\/media.giphy.com\/media\/3osxYzizWGfFenmX1m\/giphy-tumblr.gif",
                "image_width": 250,
                "image_height": 140,
                "image_bytes": 653783,
                "is_animated": true,
                "title": "white girl wasted",
                "id": 1,
                "title_link": "http:\/\/giphy.com\/gifs\/partydownsouth-cmt-party-down-south-3osxYzizWGfFenmX1m"
            }
        ],
        "ts": "1474062054.000103"
    },
    {
        "type": "message",
        "user": "U06TBPWAW",
        "text": "\/giphy mom throw",
        "attachments": [
            {
                "fallback": "giphy: <http:\/\/giphy.com\/gifs\/editor-Q4WQviUKgbfZm>",
                "image_url": "http:\/\/media.giphy.com\/media\/Q4WQviUKgbfZm\/giphy-tumblr.gif",
                "image_width": 250,
                "image_height": 222,
                "image_bytes": 1909002,
                "is_animated": true,
                "title": "mom throw",
                "id": 1,
                "title_link": "http:\/\/giphy.com\/gifs\/editor-Q4WQviUKgbfZm"
            }
        ],
        "ts": "1474062070.000104"
    },
    {
        "type": "message",
        "user": "U0K96PWET",
        "text": "wat",
        "ts": "1474062086.000105"
    },
    {
        "type": "message",
        "user": "U0K96PWET",
        "text": "\/giphy ross gellar",
        "attachments": [
            {
                "fallback": "giphy: <http:\/\/giphy.com\/gifs\/ross-gellar-1gLcjxjbtuNeo>",
                "image_url": "http:\/\/media1.giphy.com\/media\/1gLcjxjbtuNeo\/giphy.gif",
                "image_width": 500,
                "image_height": 375,
                "image_bytes": 510614,
                "is_animated": true,
                "title": "ross gellar",
                "id": 1,
                "title_link": "http:\/\/giphy.com\/gifs\/ross-gellar-1gLcjxjbtuNeo"
            }
        ],
        "ts": "1474062100.000106"
    },
    {
        "type": "message",
        "user": "U06TBPWAW",
        "text": "\/giphy fake dinosaur",
        "attachments": [
            {
                "fallback": "giphy: <http:\/\/giphy.com\/gifs\/television-doctor-who-the-8Anv5VHRlm5vG>",
                "image_url": "http:\/\/media3.giphy.com\/media\/8Anv5VHRlm5vG\/giphy.gif",
                "image_width": 500,
                "image_height": 252,
                "image_bytes": 884798,
                "is_animated": true,
                "title": "fake dinosaur",
                "id": 1,
                "title_link": "http:\/\/giphy.com\/gifs\/television-doctor-who-the-8Anv5VHRlm5vG"
            }
        ],
        "ts": "1474062124.000107"
    },
    {
        "type": "message",
        "user": "U06TD3AUW",
        "text": "\/giphy tap tap",
        "attachments": [
            {
                "fallback": "giphy: <http:\/\/giphy.com\/gifs\/britney-spears-pop-bored-AzgoVxAQvgm52>",
                "image_url": "http:\/\/media3.giphy.com\/media\/AzgoVxAQvgm52\/giphy.gif",
                "image_width": 350,
                "image_height": 241,
                "image_bytes": 208952,
                "is_animated": true,
                "title": "tap tap",
                "id": 1,
                "title_link": "http:\/\/giphy.com\/gifs\/britney-spears-pop-bored-AzgoVxAQvgm52"
            }
        ],
        "ts": "1474062135.000108"
    },
    {
        "type": "message",
        "user": "U06TBPWAW",
        "text": "you and your black and white ones",
        "ts": "1474062147.000109"
    },
    {
        "type": "message",
        "user": "U0K96PWET",
        "text": "\/giphy hit me baby one more time",
        "attachments": [
            {
                "fallback": "giphy: <http:\/\/giphy.com\/gifs\/90s-basketball-spin-MsbgD5k1gPlZu>",
                "image_url": "https:\/\/media2.giphy.com\/media\/MsbgD5k1gPlZu\/giphy.gif",
                "image_width": 190,
                "image_height": 139,
                "image_bytes": 529388,
                "is_animated": true,
                "title": "hit me baby one more time",
                "id": 1,
                "title_link": "http:\/\/giphy.com\/gifs\/90s-basketball-spin-MsbgD5k1gPlZu"
            }
        ],
        "ts": "1474062156.000110"
    },
    {
        "type": "message",
        "user": "U06TD3AUW",
        "text": "what do you have against black and white things, huh? huh?!",
        "ts": "1474062169.000111"
    },
    {
        "type": "message",
        "user": "U0K96PWET",
        "text": "he's a colorist",
        "ts": "1474062178.000112"
    },
    {
        "type": "message",
        "user": "U06TD3AUW",
        "text": "so he's a colorist, floorist, and a channelist",
        "ts": "1474062196.000113"
    },
    {
        "type": "message",
        "user": "U06TD3AUW",
        "text": "that's a lot of prejudice, josh",
        "ts": "1474062212.000114",
        "reactions": [
            {
                "name": "joy",
                "users": [
                    "U0LPKBHK2"
                ],
                "count": 1
            },
            {
                "name": "+1",
                "users": [
                    "U0LPKBHK2"
                ],
                "count": 1
            }
        ]
    },
    {
        "type": "message",
        "user": "U06TBPWAW",
        "text": "im about to be a punch you in the faceist",
        "ts": "1474062224.000115"
    },
    {
        "type": "message",
        "user": "U06TBPWAW",
        "text": "lol",
        "ts": "1474062230.000116"
    },
    {
        "type": "message",
        "user": "U0K96PWET",
        "text": "way harsh",
        "ts": "1474062234.000117"
    },
    {
        "type": "message",
        "user": "U06TBPWAW",
        "text": "\/giphy britney basketball",
        "attachments": [
            {
                "fallback": "giphy: <http:\/\/giphy.com\/gifs\/wnba-phoenix-mercury-britney-griner-d3v7jBALldHAk>",
                "image_url": "http:\/\/media2.giphy.com\/media\/d3v7jBALldHAk\/giphy.gif",
                "image_width": 247,
                "image_height": 137,
                "image_bytes": 886044,
                "is_animated": true,
                "title": "britney basketball",
                "id": 1,
                "title_link": "http:\/\/giphy.com\/gifs\/wnba-phoenix-mercury-britney-griner-d3v7jBALldHAk"
            }
        ],
        "ts": "1474062287.000118"
    },
    {
        "type": "message",
        "user": "U06TD3AUW",
        "text": "lol",
        "ts": "1474062294.000119"
    },
    {
        "type": "message",
        "user": "U06TD3AUW",
        "text": "\/giphy feeling the music",
        "attachments": [
            {
                "fallback": "giphy: <http:\/\/giphy.com\/gifs\/vmas-mtv-video-music-awards-vmas-2016-l2Sq4YyLldPpiHAiI>",
                "image_url": "http:\/\/media4.giphy.com\/media\/l2Sq4YyLldPpiHAiI\/giphy.gif",
                "image_width": 480,
                "image_height": 256,
                "image_bytes": 1101362,
                "is_animated": true,
                "title": "feeling the music",
                "id": 1,
                "title_link": "http:\/\/giphy.com\/gifs\/vmas-mtv-video-music-awards-vmas-2016-l2Sq4YyLldPpiHAiI"
            }
        ],
        "ts": "1474062305.000120"
    },
    {
        "type": "message",
        "user": "U0K96PWET",
        "text": "\/giphy yeezy",
        "attachments": [
            {
                "fallback": "giphy: <http:\/\/giphy.com\/gifs\/foxadhd-artists-on-tumblr-demi-adejuyigbe-qanP5x3ddvIk0>",
                "image_url": "http:\/\/media2.giphy.com\/media\/qanP5x3ddvIk0\/giphy.gif",
                "image_width": 500,
                "image_height": 500,
                "image_bytes": 72362,
                "is_animated": true,
                "title": "yeezy",
                "id": 1,
                "title_link": "http:\/\/giphy.com\/gifs\/foxadhd-artists-on-tumblr-demi-adejuyigbe-qanP5x3ddvIk0"
            }
        ],
        "ts": "1474062343.000121"
    },
    {
        "type": "message",
        "user": "U06TD3AUW",
        "text": "\/giphy black man drawing",
        "attachments": [
            {
                "fallback": "giphy: <http:\/\/giphy.com\/gifs\/channelfrederator-avengers-age-of-ultron-2-5c3OiSry16ndu>",
                "image_url": "http:\/\/media2.giphy.com\/media\/5c3OiSry16ndu\/giphy.gif",
                "image_width": 500,
                "image_height": 281,
                "image_bytes": 1932476,
                "is_animated": true,
                "title": "black man drawing",
                "id": 1,
                "title_link": "http:\/\/giphy.com\/gifs\/channelfrederator-avengers-age-of-ultron-2-5c3OiSry16ndu"
            }
        ],
        "ts": "1474062359.000122"
    },
    {
        "type": "message",
        "user": "U06TD3AUW",
        "text": "sure",
        "ts": "1474062366.000123"
    },
    {
        "type": "message",
        "user": "U0K96PWET",
        "text": "hahaha",
        "ts": "1474062370.000124"
    },
    {
        "type": "message",
        "user": "U06TBPWAW",
        "text": "\/giphy avengers",
        "attachments": [
            {
                "fallback": "giphy: <http:\/\/giphy.com\/gifs\/the-avengers-PpeGK6edBWAxi>",
                "image_url": "http:\/\/media1.giphy.com\/media\/PpeGK6edBWAxi\/giphy.gif",
                "image_width": 245,
                "image_height": 130,
                "image_bytes": 1243301,
                "is_animated": true,
                "title": "avengers",
                "id": 1,
                "title_link": "http:\/\/giphy.com\/gifs\/the-avengers-PpeGK6edBWAxi"
            }
        ],
        "ts": "1474062377.000125"
    },
    {
        "type": "message",
        "user": "U06TD3AUW",
        "text": "\/giphy super person team",
        "attachments": [
            {
                "fallback": "giphy: <http:\/\/giphy.com\/gifs\/person-WbnRNlZesmajK>",
                "image_url": "http:\/\/media3.giphy.com\/media\/WbnRNlZesmajK\/giphy.gif",
                "image_width": 320,
                "image_height": 180,
                "image_bytes": 1330555,
                "is_animated": true,
                "title": "super person team",
                "id": 1,
                "title_link": "http:\/\/giphy.com\/gifs\/person-WbnRNlZesmajK"
            }
        ],
        "ts": "1474062389.000126"
    },
    {
        "type": "message",
        "user": "U0K96PWET",
        "text": "\/giphy family guy blinds",
        "attachments": [
            {
                "fallback": "giphy: <http:\/\/giphy.com\/gifs\/lol-humor-family-guy-ftaIVdDaYU0co>",
                "image_url": "https:\/\/media1.giphy.com\/media\/ftaIVdDaYU0co\/giphy.gif",
                "image_width": 500,
                "image_height": 350,
                "image_bytes": 432587,
                "is_animated": true,
                "title": "family guy blinds",
                "id": 1,
                "title_link": "http:\/\/giphy.com\/gifs\/lol-humor-family-guy-ftaIVdDaYU0co"
            }
        ],
        "ts": "1474062410.000127"
    },
    {
        "type": "message",
        "user": "U0L74J1CN",
        "text": "\/giphy da struggle",
        "attachments": [
            {
                "fallback": "giphy: <http:\/\/giphy.com\/gifs\/comedy-central-lil-wayne-key-and-peele-VUOWlHMZIWhVu>",
                "image_url": "http:\/\/media4.giphy.com\/media\/VUOWlHMZIWhVu\/giphy.gif",
                "image_width": 300,
                "image_height": 169,
                "image_bytes": 985843,
                "is_animated": true,
                "title": "da struggle",
                "id": 1,
                "title_link": "http:\/\/giphy.com\/gifs\/comedy-central-lil-wayne-key-and-peele-VUOWlHMZIWhVu"
            }
        ],
        "ts": "1474062411.000128"
    },
    {
        "type": "message",
        "user": "U0K96PWET",
        "text": "sooooo close!",
        "ts": "1474062414.000129"
    },
    {
        "type": "message",
        "user": "U06TBPWAW",
        "text": "\/giphy kony 2012",
        "attachments": [
            {
                "fallback": "giphy: <http:\/\/giphy.com\/gifs\/cheezburger-video-games-wtf-e7eMIay6E11QI>",
                "image_url": "http:\/\/media.giphy.com\/media\/e7eMIay6E11QI\/giphy-tumblr.gif",
                "image_width": 300,
                "image_height": 169,
                "image_bytes": 1061635,
                "is_animated": true,
                "title": "kony 2012",
                "id": 1,
                "title_link": "http:\/\/giphy.com\/gifs\/cheezburger-video-games-wtf-e7eMIay6E11QI"
            }
        ],
        "ts": "1474062433.000130"
    },
    {
        "user": "U2A88PJ3X",
        "text": "<@U2A88PJ3X|mikalail> has joined the channel",
        "type": "message",
        "subtype": "channel_join",
        "ts": "1474062447.000131"
    },
    {
        "type": "message",
        "user": "U06TD3AUW",
        "text": "\/giphy fighting babies",
        "attachments": [
            {
                "fallback": "giphy: <http:\/\/giphy.com\/gifs\/cute-bear-fighting-tzNyMk9OxjDVu>",
                "image_url": "https:\/\/media.giphy.com\/media\/tzNyMk9OxjDVu\/giphy-tumblr.gif",
                "image_width": 250,
                "image_height": 140,
                "image_bytes": 977110,
                "is_animated": true,
                "title": "fighting babies",
                "id": 1,
                "title_link": "http:\/\/giphy.com\/gifs\/cute-bear-fighting-tzNyMk9OxjDVu"
            }
        ],
        "ts": "1474062451.000132"
    },
    {
        "type": "message",
        "user": "U06TD3AUW",
        "text": "wait are we trying to get back to that soccer guy in the very beginning still?",
        "ts": "1474062515.000133"
    },
    {
        "type": "message",
        "user": "U06TBPWAW",
        "text": "\/giphy wrestling",
        "attachments": [
            {
                "fallback": "giphy: <http:\/\/giphy.com\/gifs\/wrestling-woo-ric-flair-sWBOpINwXnW7K>",
                "image_url": "http:\/\/media.giphy.com\/media\/sWBOpINwXnW7K\/giphy-tumblr.gif",
                "image_width": 250,
                "image_height": 197,
                "image_bytes": 1740422,
                "is_animated": true,
                "title": "wrestling",
                "id": 1,
                "title_link": "http:\/\/giphy.com\/gifs\/wrestling-woo-ric-flair-sWBOpINwXnW7K"
            }
        ],
        "ts": "1474062522.000134"
    },
    {
        "type": "message",
        "user": "U06TBPWAW",
        "text": "yeah",
        "ts": "1474062529.000135"
    },
    {
        "type": "message",
        "user": "U06TBPWAW",
        "text": "by describing the newest gif",
        "ts": "1474062545.000136"
    },
    {
        "type": "message",
        "user": "U0K96PWET",
        "text": "\/giphy whoa",
        "attachments": [
            {
                "fallback": "giphy: <http:\/\/giphy.com\/gifs\/monstercat-edm-electronic-music-xT8qB3CNXEP6uK1S4o>",
                "image_url": "http:\/\/media3.giphy.com\/media\/xT8qB3CNXEP6uK1S4o\/giphy.gif",
                "image_width": 480,
                "image_height": 200,
                "image_bytes": 1843347,
                "is_animated": true,
                "title": "whoa",
                "id": 1,
                "title_link": "http:\/\/giphy.com\/gifs\/monstercat-edm-electronic-music-xT8qB3CNXEP6uK1S4o"
            }
        ],
        "ts": "1474062582.000137"
    },
    {
        "type": "message",
        "user": "U06TD3AUW",
        "text": "\/giphy surprised",
        "attachments": [
            {
                "fallback": "giphy: <http:\/\/giphy.com\/gifs\/hulu-cbs-everybody-hates-chris-3o7TKFtloXXPVspOWk>",
                "image_url": "http:\/\/media1.giphy.com\/media\/3o7TKFtloXXPVspOWk\/giphy.gif",
                "image_width": 400,
                "image_height": 275,
                "image_bytes": 1735417,
                "is_animated": true,
                "title": "surprised",
                "id": 1,
                "title_link": "http:\/\/giphy.com\/gifs\/hulu-cbs-everybody-hates-chris-3o7TKFtloXXPVspOWk"
            }
        ],
        "ts": "1474062605.000138"
    },
    {
        "type": "message",
        "user": "U06TBPWAW",
        "text": "\/giphy shocked",
        "attachments": [
            {
                "fallback": "giphy: <http:\/\/giphy.com\/gifs\/colbertlateshow-stephen-colbert-late-show-millie-bobby-brown-3o6Zt6wCXPJNlJGgh2>",
                "image_url": "http:\/\/media1.giphy.com\/media\/3o6Zt6wCXPJNlJGgh2\/giphy.gif",
                "image_width": 480,
                "image_height": 270,
                "image_bytes": 1983297,
                "is_animated": true,
                "title": "shocked",
                "id": 1,
                "title_link": "http:\/\/giphy.com\/gifs\/colbertlateshow-stephen-colbert-late-show-millie-bobby-brown-3o6Zt6wCXPJNlJGgh2"
            }
        ],
        "ts": "1474062609.000139"
    },
    {
        "type": "message",
        "user": "U06TD3AUW",
        "text": "\/giphy eleven",
        "attachments": [
            {
                "fallback": "giphy: <http:\/\/giphy.com\/gifs\/weekends-nxJKWaaA3Dnfa>",
                "image_url": "http:\/\/media3.giphy.com\/media\/nxJKWaaA3Dnfa\/giphy.gif",
                "image_width": 575,
                "image_height": 281,
                "image_bytes": 474668,
                "is_animated": true,
                "title": "eleven",
                "id": 1,
                "title_link": "http:\/\/giphy.com\/gifs\/weekends-nxJKWaaA3Dnfa"
            }
        ],
        "ts": "1474062615.000140"
    },
    {
        "type": "message",
        "user": "U06TBPWAW",
        "text": "\/giphy zoom out",
        "attachments": [
            {
                "fallback": "giphy: <http:\/\/giphy.com\/gifs\/reactiongifs-2XlbS6M2rvrgY>",
                "image_url": "http:\/\/media.giphy.com\/media\/2XlbS6M2rvrgY\/giphy-tumblr.gif",
                "image_width": 250,
                "image_height": 106,
                "image_bytes": 575144,
                "is_animated": true,
                "title": "zoom out",
                "id": 1,
                "title_link": "http:\/\/giphy.com\/gifs\/reactiongifs-2XlbS6M2rvrgY"
            }
        ],
        "ts": "1474062637.000141"
    },
    {
        "type": "message",
        "user": "U0L74J1CN",
        "text": "\/giphy sensory deprivation",
        "attachments": [
            {
                "fallback": "giphy: <http:\/\/giphy.com\/gifs\/season-10-the-simpsons-10x16-l2Je8wM3mLPKF58sM>",
                "image_url": "http:\/\/media.giphy.com\/media\/l2Je8wM3mLPKF58sM\/giphy-tumblr.gif",
                "image_width": 250,
                "image_height": 190,
                "image_bytes": 1314708,
                "is_animated": true,
                "title": "sensory deprivation",
                "id": 1,
                "title_link": "http:\/\/giphy.com\/gifs\/season-10-the-simpsons-10x16-l2Je8wM3mLPKF58sM"
            }
        ],
        "ts": "1474062642.000142"
    },
    {
        "type": "message",
        "user": "U0L74J1CN",
        "text": "Damn",
        "ts": "1474062647.000143"
    },
    {
        "type": "message",
        "user": "U06TD3AUW",
        "text": "\/giphy homer in water",
        "attachments": [
            {
                "fallback": "giphy: <http:\/\/giphy.com\/gifs\/season-11-the-simpsons-11x6-l2JehhFwMjwuCZAC4>",
                "image_url": "http:\/\/media.giphy.com\/media\/l2JehhFwMjwuCZAC4\/giphy-tumblr.gif",
                "image_width": 250,
                "image_height": 190,
                "image_bytes": 872016,
                "is_animated": true,
                "title": "homer in water",
                "id": 1,
                "title_link": "http:\/\/giphy.com\/gifs\/season-11-the-simpsons-11x6-l2JehhFwMjwuCZAC4"
            }
        ],
        "ts": "1474062664.000144"
    },
    {
        "type": "message",
        "user": "U06TBPWAW",
        "text": "\/giphy drowning",
        "attachments": [
            {
                "fallback": "giphy: <http:\/\/giphy.com\/gifs\/gene-tierney-leave-her-to-heaven-esB20S2G29w1G>",
                "image_url": "http:\/\/media1.giphy.com\/media\/esB20S2G29w1G\/giphy.gif",
                "image_width": 245,
                "image_height": 180,
                "image_bytes": 569127,
                "is_animated": true,
                "title": "drowning",
                "id": 1,
                "title_link": "http:\/\/giphy.com\/gifs\/gene-tierney-leave-her-to-heaven-esB20S2G29w1G"
            }
        ],
        "ts": "1474062677.000145"
    },
    {
        "type": "message",
        "user": "U06TD3AUW",
        "text": "\/giphy dying",
        "attachments": [
            {
                "fallback": "giphy: <http:\/\/giphy.com\/gifs\/crazy-insane-5vsp9FqLBVk4g>",
                "image_url": "http:\/\/media0.giphy.com\/media\/5vsp9FqLBVk4g\/giphy.gif",
                "image_width": 479,
                "image_height": 359,
                "image_bytes": 371865,
                "is_animated": true,
                "title": "dying",
                "id": 1,
                "title_link": "http:\/\/giphy.com\/gifs\/crazy-insane-5vsp9FqLBVk4g"
            }
        ],
        "ts": "1474062683.000146"
    },
    {
        "type": "message",
        "user": "U06TD3AUW",
        "text": "lmao",
        "ts": "1474062686.000147"
    },
    {
        "type": "message",
        "user": "U0K96PWET",
        "text": "\/giphy floor twerk",
        "attachments": [
            {
                "fallback": "giphy: <http:\/\/giphy.com\/gifs\/birthday-katy-perry-PU0jga4E9GbiU>",
                "image_url": "http:\/\/media1.giphy.com\/media\/PU0jga4E9GbiU\/giphy.gif",
                "image_width": 605,
                "image_height": 340,
                "image_bytes": 1655644,
                "is_animated": true,
                "title": "floor twerk",
                "id": 1,
                "title_link": "http:\/\/giphy.com\/gifs\/birthday-katy-perry-PU0jga4E9GbiU"
            }
        ],
        "ts": "1474062702.000148"
    },
    {
        "type": "message",
        "user": "U06TD3AUW",
        "text": "\/giphy me_irl",
        "attachments": [
            {
                "fallback": "giphy: <http:\/\/giphy.com\/gifs\/AgJFG9Y1gOPqo>",
                "image_url": "https:\/\/media3.giphy.com\/media\/AgJFG9Y1gOPqo\/giphy.gif",
                "image_width": 500,
                "image_height": 281,
                "image_bytes": 1896331,
                "is_animated": true,
                "title": "me_irl",
                "id": 1,
                "title_link": "http:\/\/giphy.com\/gifs\/AgJFG9Y1gOPqo"
            }
        ],
        "ts": "1474062712.000149"
    },
    {
        "type": "message",
        "user": "U0K96PWET",
        "text": "hahahaha best timing ever",
        "ts": "1474062727.000150"
    },
    {
        "type": "message",
        "user": "U06TBPWAW",
        "text": "\/giphy that drool",
        "attachments": [
            {
                "fallback": "giphy: <http:\/\/giphy.com\/gifs\/the-simpsons-homer-simpson-mmm-ZIaHApfoneZZ6>",
                "image_url": "http:\/\/media3.giphy.com\/media\/ZIaHApfoneZZ6\/giphy.gif",
                "image_width": 260,
                "image_height": 195,
                "image_bytes": 577149,
                "is_animated": true,
                "title": "that drool",
                "id": 1,
                "title_link": "http:\/\/giphy.com\/gifs\/the-simpsons-homer-simpson-mmm-ZIaHApfoneZZ6"
            }
        ],
        "ts": "1474062753.000151"
    },
    {
        "type": "message",
        "user": "U0K96PWET",
        "text": "\/giphy homer drool",
        "attachments": [
            {
                "fallback": "giphy: <http:\/\/giphy.com\/gifs\/homer-simpson-sleepy-AVilYmB74xhK>",
                "image_url": "http:\/\/media4.giphy.com\/media\/AVilYmB74xhK\/giphy.gif",
                "image_width": 500,
                "image_height": 327,
                "image_bytes": 507710,
                "is_animated": true,
                "title": "homer drool",
                "id": 1,
                "title_link": "http:\/\/giphy.com\/gifs\/homer-simpson-sleepy-AVilYmB74xhK"
            }
        ],
        "ts": "1474062819.000152"
    },
    {
        "type": "message",
        "user": "U06TD3AUW",
        "text": "close",
        "ts": "1474062838.000153"
    },
    {
        "type": "message",
        "user": "U0K96PWET",
        "text": "I somehow find the cropped versions",
        "ts": "1474062850.000154"
    },
    {
        "type": "message",
        "user": "U06TBPWAW",
        "text": "\/giphy Work life",
        "attachments": [
            {
                "fallback": "giphy: <http:\/\/giphy.com\/gifs\/570uJDKF9NHyM>",
                "image_url": "http:\/\/media.giphy.com\/media\/570uJDKF9NHyM\/giphy-tumblr.gif",
                "image_width": 250,
                "image_height": 140,
                "image_bytes": 1055038,
                "is_animated": true,
                "title": "Work life",
                "id": 1,
                "title_link": "http:\/\/giphy.com\/gifs\/570uJDKF9NHyM"
            }
        ],
        "ts": "1474062856.000155"
    },
    {
        "type": "message",
        "user": "U06TD3AUW",
        "text": "lol such is giphy",
        "ts": "1474062858.000156"
    },
    {
        "type": "message",
        "user": "U06TD3AUW",
        "text": "\/giphy OH SHIT VR",
        "attachments": [
            {
                "fallback": "giphy: <http:\/\/giphy.com\/gifs\/oh-12zmNeambDnbkA>",
                "image_url": "http:\/\/media4.giphy.com\/media\/12zmNeambDnbkA\/giphy.gif",
                "image_width": 360,
                "image_height": 260,
                "image_bytes": 1814161,
                "is_animated": true,
                "title": "OH SHIT VR",
                "id": 1,
                "title_link": "http:\/\/giphy.com\/gifs\/oh-12zmNeambDnbkA"
            }
        ],
        "ts": "1474062864.000157"
    },
    {
        "type": "message",
        "user": "U06TD3AUW",
        "text": ".....",
        "ts": "1474062869.000158"
    },
    {
        "type": "message",
        "user": "U0K96PWET",
        "text": "\/giphy coke bottle rocket",
        "attachments": [
            {
                "fallback": "giphy: <http:\/\/giphy.com\/gifs\/wes-anderson-bottle-rocket-ejQ9TOtplEl20>",
                "image_url": "http:\/\/media2.giphy.com\/media\/ejQ9TOtplEl20\/giphy.gif",
                "image_width": 245,
                "image_height": 147,
                "image_bytes": 617491,
                "is_animated": true,
                "title": "coke bottle rocket",
                "id": 1,
                "title_link": "http:\/\/giphy.com\/gifs\/wes-anderson-bottle-rocket-ejQ9TOtplEl20"
            }
        ],
        "ts": "1474062892.000159"
    },
    {
        "type": "message",
        "user": "U06TD3AUW",
        "text": "wat",
        "ts": "1474062908.000160"
    },
    {
        "type": "message",
        "user": "U0K96PWET",
        "text": "...uh...yeah",
        "ts": "1474062916.000161"
    },
    {
        "type": "message",
        "user": "U06TBPWAW",
        "text": "\/giphy Surfer life",
        "attachments": [
            {
                "fallback": "giphy: <http:\/\/giphy.com\/gifs\/story-jeff-coming-6WAO7JzfiVDQk>",
                "image_url": "http:\/\/media4.giphy.com\/media\/6WAO7JzfiVDQk\/giphy.gif",
                "image_width": 566,
                "image_height": 704,
                "image_bytes": 1555310,
                "is_animated": true,
                "title": "Surfer life",
                "id": 1,
                "title_link": "http:\/\/giphy.com\/gifs\/story-jeff-coming-6WAO7JzfiVDQk"
            }
        ],
        "ts": "1474062916.000162"
    },
    {
        "type": "message",
        "user": "U06TD3AUW",
        "text": "literally none of those words were relevant lol",
        "ts": "1474062920.000163"
    },
    {
        "type": "message",
        "user": "U06TD3AUW",
        "text": "\/giphy trippy art",
        "attachments": [
            {
                "fallback": "giphy: <http:\/\/giphy.com\/gifs\/psychedelic-psychedelia-phazed-ltMLWLHyjuHkY>",
                "image_url": "http:\/\/media0.giphy.com\/media\/ltMLWLHyjuHkY\/giphy.gif",
                "image_width": 500,
                "image_height": 366,
                "image_bytes": 395729,
                "is_animated": true,
                "title": "trippy art",
                "id": 1,
                "title_link": "http:\/\/giphy.com\/gifs\/psychedelic-psychedelia-phazed-ltMLWLHyjuHkY"
            }
        ],
        "ts": "1474062927.000164"
    },
    {
        "type": "message",
        "user": "U0K96PWET",
        "text": "\/giphy psychadelic hands",
        "attachments": [
            {
                "fallback": "giphy: <http:\/\/giphy.com\/gifs\/fashion-glitch-sci-fi-KPqF5eZmwJIdi>",
                "image_url": "http:\/\/media0.giphy.com\/media\/KPqF5eZmwJIdi\/giphy.gif",
                "image_width": 337,
                "image_height": 750,
                "image_bytes": 570342,
                "is_animated": true,
                "title": "psychadelic hands",
                "id": 1,
                "title_link": "http:\/\/giphy.com\/gifs\/fashion-glitch-sci-fi-KPqF5eZmwJIdi"
            }
        ],
        "ts": "1474062942.000165"
    },
    {
        "type": "message",
        "user": "U06TBPWAW",
        "text": "\/giphy acid trips",
        "attachments": [
            {
                "fallback": "giphy: <http:\/\/giphy.com\/gifs\/trippy-cat-OhEWDytX1xcg8>",
                "image_url": "http:\/\/media3.giphy.com\/media\/OhEWDytX1xcg8\/giphy.gif",
                "image_width": 500,
                "image_height": 504,
                "image_bytes": 118078,
                "is_animated": true,
                "title": "acid trips",
                "id": 1,
                "title_link": "http:\/\/giphy.com\/gifs\/trippy-cat-OhEWDytX1xcg8"
            }
        ],
        "ts": "1474062954.000166"
    },
    {
        "type": "message",
        "user": "U0K96PWET",
        "text": "\/giphy dizzy cat",
        "attachments": [
            {
                "fallback": "giphy: <http:\/\/giphy.com\/gifs\/romy-dizzy-cat-11tltJahTdU4TK>",
                "image_url": "https:\/\/media.giphy.com\/media\/11tltJahTdU4TK\/giphy-tumblr.gif",
                "image_width": 250,
                "image_height": 140,
                "image_bytes": 591243,
                "is_animated": true,
                "title": "dizzy cat",
                "id": 1,
                "title_link": "http:\/\/giphy.com\/gifs\/romy-dizzy-cat-11tltJahTdU4TK"
            }
        ],
        "ts": "1474062967.000167"
    },
    {
        "type": "message",
        "user": "U06TBPWAW",
        "text": "\/giphy crazy cat",
        "attachments": [
            {
                "fallback": "giphy: <http:\/\/giphy.com\/gifs\/cat-funny-goofy-118lTJFyUJYyze>",
                "image_url": "https:\/\/media2.giphy.com\/media\/118lTJFyUJYyze\/giphy.gif",
                "image_width": 395,
                "image_height": 199,
                "image_bytes": 1022932,
                "is_animated": true,
                "title": "crazy cat",
                "id": 1,
                "title_link": "http:\/\/giphy.com\/gifs\/cat-funny-goofy-118lTJFyUJYyze"
            }
        ],
        "ts": "1474063009.000168"
    },
    {
        "type": "message",
        "user": "U06TD3AUW",
        "text": "\/giphy retarded cat",
        "attachments": [
            {
                "fallback": "giphy: <http:\/\/giphy.com\/gifs\/113-13qP9zD66FTEdy>",
                "image_url": "http:\/\/media.giphy.com\/media\/13qP9zD66FTEdy\/giphy-tumblr.gif",
                "image_width": 250,
                "image_height": 209,
                "image_bytes": 1487370,
                "is_animated": true,
                "title": "retarded cat",
                "id": 1,
                "title_link": "http:\/\/giphy.com\/gifs\/113-13qP9zD66FTEdy"
            }
        ],
        "ts": "1474063037.000169"
    },
    {
        "type": "message",
        "user": "U06TD3AUW",
        "text": "we're going to be stuck on cats for a while",
        "ts": "1474063044.000170"
    },
    {
        "type": "message",
        "user": "U06TBPWAW",
        "text": "\/giphy ham slap",
        "attachments": [
            {
                "fallback": "giphy: <http:\/\/giphy.com\/gifs\/ham-zRImirgQugLss>",
                "image_url": "http:\/\/media3.giphy.com\/media\/zRImirgQugLss\/giphy.gif",
                "image_width": 460,
                "image_height": 460,
                "image_bytes": 129681,
                "is_animated": true,
                "title": "ham slap",
                "id": 1,
                "title_link": "http:\/\/giphy.com\/gifs\/ham-zRImirgQugLss"
            }
        ],
        "ts": "1474063069.000171"
    },
    {
        "type": "message",
        "user": "U0K96PWET",
        "text": "I just got a message from slackbot that `Giphy could not match hamface cat`",
        "ts": "1474063098.000172"
    },
    {
        "type": "message",
        "user": "U0K96PWET",
        "text": "I feel cheated",
        "ts": "1474063105.000173"
    },
    {
        "type": "message",
        "user": "U06TD3AUW",
        "text": "lmao",
        "ts": "1474063107.000174"
    },
    {
        "type": "message",
        "user": "U06TD3AUW",
        "text": "\/giphy ham face cat",
        "attachments": [
            {
                "fallback": "giphy: <http:\/\/giphy.com\/gifs\/cat-face-ham-gCh92emtOOyJy>",
                "image_url": "http:\/\/media.giphy.com\/media\/gCh92emtOOyJy\/giphy-tumblr.gif",
                "image_width": 250,
                "image_height": 140,
                "image_bytes": 1317356,
                "is_animated": true,
                "title": "ham face cat",
                "id": 1,
                "title_link": "http:\/\/giphy.com\/gifs\/cat-face-ham-gCh92emtOOyJy"
            }
        ],
        "ts": "1474063121.000175"
    },
    {
        "type": "message",
        "user": "U06TD3AUW",
        "text": "got it",
        "ts": "1474063126.000176"
    },
    {
        "type": "message",
        "user": "U0K96PWET",
        "text": "was that so hard, giphy geez",
        "ts": "1474063144.000177"
    },
    {
        "type": "message",
        "user": "U06TBPWAW",
        "text": "\/giphy ham",
        "attachments": [
            {
                "fallback": "giphy: <http:\/\/giphy.com\/gifs\/ham-V5aB8bPkmK796>",
                "image_url": "http:\/\/media0.giphy.com\/media\/V5aB8bPkmK796\/giphy.gif",
                "image_width": 500,
                "image_height": 333,
                "image_bytes": 1010234,
                "is_animated": true,
                "title": "ham",
                "id": 1,
                "title_link": "http:\/\/giphy.com\/gifs\/ham-V5aB8bPkmK796"
            }
        ],
        "ts": "1474063210.000178"
    },
    {
        "type": "message",
        "user": "U06TBPWAW",
        "text": "RUM HAM",
        "ts": "1474063218.000179"
    },
    {
        "type": "message",
        "user": "U06TD3AUW",
        "text": "\/giphy stranded",
        "attachments": [
            {
                "fallback": "giphy: <http:\/\/giphy.com\/gifs\/radicalface-music-video-radical-face-a-pound-of-flesh-xTiQywBEjduXKZz3pK>",
                "image_url": "http:\/\/media1.giphy.com\/media\/xTiQywBEjduXKZz3pK\/giphy.gif",
                "image_width": 480,
                "image_height": 270,
                "image_bytes": 1251553,
                "is_animated": true,
                "title": "stranded",
                "id": 1,
                "title_link": "http:\/\/giphy.com\/gifs\/radicalface-music-video-radical-face-a-pound-of-flesh-xTiQywBEjduXKZz3pK"
            }
        ],
        "ts": "1474063223.000180"
    },
    {
        "type": "message",
        "user": "U0K96PWET",
        "text": "\/giphy sad man in rain",
        "attachments": [
            {
                "fallback": "giphy: <http:\/\/giphy.com\/gifs\/love-vintage-sad-LAWgU3FpyV3oI>",
                "image_url": "http:\/\/media4.giphy.com\/media\/LAWgU3FpyV3oI\/giphy.gif",
                "image_width": 500,
                "image_height": 684,
                "image_bytes": 918716,
                "is_animated": true,
                "title": "sad man in rain",
                "id": 1,
                "title_link": "http:\/\/giphy.com\/gifs\/love-vintage-sad-LAWgU3FpyV3oI"
            }
        ],
        "ts": "1474063233.000181"
    },
    {
        "type": "message",
        "user": "U06TD3AUW",
        "text": "\/giphy city rain",
        "attachments": [
            {
                "fallback": "giphy: <http:\/\/giphy.com\/gifs\/animation-picture-city-rain-R7OjOSxtMOpva>",
                "image_url": "http:\/\/media2.giphy.com\/media\/R7OjOSxtMOpva\/giphy.gif",
                "image_width": 512,
                "image_height": 405,
                "image_bytes": 195635,
                "is_animated": true,
                "title": "city rain",
                "id": 1,
                "title_link": "http:\/\/giphy.com\/gifs\/animation-picture-city-rain-R7OjOSxtMOpva"
            }
        ],
        "ts": "1474063244.000182"
    },
    {
        "type": "message",
        "user": "U06TBPWAW",
        "text": "\/giphy city rain",
        "attachments": [
            {
                "fallback": "giphy: <http:\/\/giphy.com\/gifs\/animation-picture-city-rain-R7OjOSxtMOpva>",
                "image_url": "http:\/\/media2.giphy.com\/media\/R7OjOSxtMOpva\/giphy.gif",
                "image_width": 512,
                "image_height": 405,
                "image_bytes": 195635,
                "is_animated": true,
                "title": "city rain",
                "id": 1,
                "title_link": "http:\/\/giphy.com\/gifs\/animation-picture-city-rain-R7OjOSxtMOpva"
            }
        ],
        "ts": "1474063244.000183"
    },
    {
        "type": "message",
        "user": "U06TBPWAW",
        "text": "awkward",
        "ts": "1474063256.000184"
    },
    {
        "type": "message",
        "user": "U06TD3AUW",
        "text": "disqualified",
        "ts": "1474063293.000185"
    },
    {
        "type": "message",
        "user": "U06TBPWAW",
        "text": "\/giphy small town",
        "attachments": [
            {
                "fallback": "giphy: <http:\/\/giphy.com\/gifs\/town-taken-small-138ONniJpyNLaw>",
                "image_url": "https:\/\/media4.giphy.com\/media\/138ONniJpyNLaw\/giphy.gif",
                "image_width": 450,
                "image_height": 210,
                "image_bytes": 454242,
                "is_animated": true,
                "title": "small town",
                "id": 1,
                "title_link": "http:\/\/giphy.com\/gifs\/town-taken-small-138ONniJpyNLaw"
            }
        ],
        "ts": "1474063400.000186"
    },
    {
        "type": "message",
        "user": "U0K96PWET",
        "text": "\/giphy open curtain",
        "attachments": [
            {
                "fallback": "giphy: <http:\/\/giphy.com\/gifs\/us-open-final-rtr5sQzW3JFS>",
                "image_url": "http:\/\/media.giphy.com\/media\/rtr5sQzW3JFS\/giphy-tumblr.gif",
                "image_width": 250,
                "image_height": 140,
                "image_bytes": 1570573,
                "is_animated": true,
                "title": "open curtain",
                "id": 1,
                "title_link": "http:\/\/giphy.com\/gifs\/us-open-final-rtr5sQzW3JFS"
            }
        ],
        "ts": "1474063435.000187"
    },
    {
        "type": "message",
        "user": "U0K96PWET",
        "text": "....",
        "ts": "1474063444.000188"
    },
    {
        "type": "message",
        "user": "U0K96PWET",
        "text": "but why?",
        "ts": "1474063455.000189"
    },
    {
        "type": "message",
        "user": "U06TBPWAW",
        "text": "\/giphy backflip goal",
        "attachments": [
            {
                "fallback": "giphy: <http:\/\/giphy.com\/gifs\/goal-xpost-uomartildeath-GTX8dIXlvwove>",
                "image_url": "http:\/\/media.giphy.com\/media\/GTX8dIXlvwove\/giphy-tumblr.gif",
                "image_width": 250,
                "image_height": 140,
                "image_bytes": 1118140,
                "is_animated": true,
                "title": "backflip goal",
                "id": 1,
                "title_link": "http:\/\/giphy.com\/gifs\/goal-xpost-uomartildeath-GTX8dIXlvwove"
            }
        ],
        "ts": "1474063469.000190"
    },
    {
        "type": "message",
        "user": "U06TBPWAW",
        "text": "dont mess this up",
        "ts": "1474063481.000191"
    },
    {
        "type": "message",
        "user": "U0K96PWET",
        "text": "I can't get back to the very first one to see what it was!",
        "ts": "1474063595.000192"
    },
    {
        "type": "message",
        "user": "U06TBPWAW",
        "text": "Dude had a soccer ball on his forehead",
        "ts": "1474063618.000193"
    },
    {
        "type": "message",
        "user": "U0K96PWET",
        "text": "OOOh yeah",
        "ts": "1474063624.000194"
    },
    {
        "type": "message",
        "user": "U0K96PWET",
        "text": "\/giphy soccer",
        "attachments": [
            {
                "fallback": "giphy: <http:\/\/giphy.com\/gifs\/football-arsenal-theo-walcott-Nem0Vlp8hqLhC>",
                "image_url": "http:\/\/media0.giphy.com\/media\/Nem0Vlp8hqLhC\/giphy.gif",
                "image_width": 480,
                "image_height": 240,
                "image_bytes": 972838,
                "is_animated": true,
                "title": "soccer",
                "id": 1,
                "title_link": "http:\/\/giphy.com\/gifs\/football-arsenal-theo-walcott-Nem0Vlp8hqLhC"
            }
        ],
        "ts": "1474063654.000195"
    },
    {
        "type": "message",
        "user": "U06TBPWAW",
        "text": "\/giphy soccer players",
        "attachments": [
            {
                "fallback": "giphy: <http:\/\/giphy.com\/gifs\/united-preview-hernandez-7NkyHLo9KhSuI>",
                "image_url": "http:\/\/media1.giphy.com\/media\/7NkyHLo9KhSuI\/giphy.gif",
                "image_width": 395,
                "image_height": 223,
                "image_bytes": 1370416,
                "is_animated": true,
                "title": "soccer players",
                "id": 1,
                "title_link": "http:\/\/giphy.com\/gifs\/united-preview-hernandez-7NkyHLo9KhSuI"
            }
        ],
        "ts": "1474063681.000196"
    },
    {
        "type": "message",
        "user": "U0K96PWET",
        "text": "\/giphy soccer player ball pass",
        "attachments": [
            {
                "fallback": "giphy: <http:\/\/giphy.com\/gifs\/ball-player-offsides-12FJwZIg25xYVW>",
                "image_url": "http:\/\/media.giphy.com\/media\/12FJwZIg25xYVW\/giphy-tumblr.gif",
                "image_width": 250,
                "image_height": 140,
                "image_bytes": 971155,
                "is_animated": true,
                "title": "soccer player ball pass",
                "id": 1,
                "title_link": "http:\/\/giphy.com\/gifs\/ball-player-offsides-12FJwZIg25xYVW"
            }
        ],
        "ts": "1474063769.000197"
    },
    {
        "type": "message",
        "user": "U06TBPWAW",
        "text": "\/giphy soccer goal?",
        "attachments": [
            {
                "fallback": "giphy: <http:\/\/giphy.com\/gifs\/kick-goals-scorpion-4cy2hkyxAwL6M>",
                "image_url": "http:\/\/media.giphy.com\/media\/4cy2hkyxAwL6M\/giphy-tumblr.gif",
                "image_width": 250,
                "image_height": 140,
                "image_bytes": 715667,
                "is_animated": true,
                "title": "soccer goal?",
                "id": 1,
                "title_link": "http:\/\/giphy.com\/gifs\/kick-goals-scorpion-4cy2hkyxAwL6M"
            }
        ],
        "ts": "1474063828.000198"
    },
    {
        "type": "message",
        "user": "U0K96PWET",
        "text": "it's so fast!",
        "ts": "1474063854.000199"
    },
    {
        "type": "message",
        "user": "U06TBPWAW",
        "text": "we’re never going to find that img",
        "ts": "1474064036.000200"
    },
    {
        "type": "message",
        "user": "U06TBPWAW",
        "text": "lol i cant even find it on giphy website",
        "ts": "1474064045.000201"
    },
    {
        "type": "message",
        "user": "U06TBPWAW",
        "text": "you said something like waaaahoooo",
        "ts": "1474064062.000202"
    },
    {
        "type": "message",
        "user": "U06TBPWAW",
        "text": "or something like that",
        "ts": "1474064068.000203"
    },
    {
        "type": "message",
        "user": "U0K96PWET",
        "text": "\/giphy soccerball head",
        "attachments": [
            {
                "fallback": "giphy: <http:\/\/giphy.com\/gifs\/interesting-truck-soccerball-DY37lrzZ12X60>",
                "image_url": "http:\/\/media.giphy.com\/media\/DY37lrzZ12X60\/giphy-tumblr.gif",
                "image_width": 250,
                "image_height": 140,
                "image_bytes": 924855,
                "is_animated": true,
                "title": "soccerball head",
                "id": 1,
                "title_link": "http:\/\/giphy.com\/gifs\/interesting-truck-soccerball-DY37lrzZ12X60"
            }
        ],
        "ts": "1474064069.000204"
    },
    {
        "type": "message",
        "user": "U0K96PWET",
        "text": "....fail",
        "ts": "1474064076.000205"
    },
    {
        "type": "message",
        "user": "U0K96PWET",
        "text": "and I just now got a message that `Giphy could not match wooooohooo`",
        "ts": "1474064104.000206"
    },
    {
        "type": "message",
        "user": "U0K96PWET",
        "text": "LIES",
        "ts": "1474064111.000207"
    },
    {
        "type": "message",
        "user": "U0K96PWET",
        "text": "\/giphy wooohooo",
        "attachments": [
            {
                "fallback": "giphy: <http:\/\/giphy.com\/gifs\/wooohooo-caIglWWx9mQc8>",
                "image_url": "http:\/\/media1.giphy.com\/media\/caIglWWx9mQc8\/giphy.gif",
                "image_width": 380,
                "image_height": 239,
                "image_bytes": 1037765,
                "is_animated": true,
                "title": "wooohooo",
                "id": 1,
                "title_link": "http:\/\/giphy.com\/gifs\/wooohooo-caIglWWx9mQc8"
            }
        ],
        "ts": "1474064120.000208"
    },
    {
        "type": "message",
        "user": "U0K96PWET",
        "text": "apparently there's a minimum number of wooo's you can do",
        "ts": "1474064134.000209"
    },
    {
        "type": "message",
        "user": "U0K96PWET",
        "text": "*maximum",
        "ts": "1474064142.000210"
    }
]