[
    {
        "user": "U0LPKBHK2",
        "text": "<@U0LPKBHK2|zina_nugmanova> has joined the channel",
        "type": "message",
        "subtype": "channel_join",
        "ts": "1474139380.000002"
    },
    {
        "type": "message",
        "user": "U0LPKBHK2",
        "text": "\/giphy oops",
        "attachments": [
            {
                "fallback": "giphy: <http:\/\/giphy.com\/gifs\/poopourri-xT8qBc8lTmMGtt7NrW>",
                "image_url": "http:\/\/media.giphy.com\/media\/xT8qBc8lTmMGtt7NrW\/giphy-tumblr.gif",
                "image_width": 250,
                "image_height": 140,
                "image_bytes": 570138,
                "is_animated": true,
                "title": "oops",
                "id": 1,
                "title_link": "http:\/\/giphy.com\/gifs\/poopourri-xT8qBc8lTmMGtt7NrW"
            }
        ],
        "ts": "1474140391.000003"
    },
    {
        "type": "message",
        "user": "U0K96PWET",
        "text": "\/giphy tea party",
        "attachments": [
            {
                "fallback": "giphy: <http:\/\/giphy.com\/gifs\/television-stephen-colbert-9QNylPzaeYc7u>",
                "image_url": "http:\/\/media1.giphy.com\/media\/9QNylPzaeYc7u\/giphy.gif",
                "image_width": 493,
                "image_height": 278,
                "image_bytes": 834121,
                "is_animated": true,
                "title": "tea party",
                "id": 1,
                "title_link": "http:\/\/giphy.com\/gifs\/television-stephen-colbert-9QNylPzaeYc7u"
            }
        ],
        "ts": "1474148842.000004"
    },
    {
        "type": "message",
        "user": "U06TBPWAW",
        "text": "\/giphy politics",
        "attachments": [
            {
                "fallback": "giphy: <http:\/\/giphy.com\/gifs\/weed-oh-shit-bernie-sanders-G3C9axGolf64o>",
                "image_url": "http:\/\/media.giphy.com\/media\/G3C9axGolf64o\/giphy-tumblr.gif",
                "image_width": 250,
                "image_height": 250,
                "image_bytes": 1386614,
                "is_animated": true,
                "title": "politics",
                "id": 1,
                "title_link": "http:\/\/giphy.com\/gifs\/weed-oh-shit-bernie-sanders-G3C9axGolf64o"
            }
        ],
        "ts": "1474152362.000005"
    },
    {
        "user": "U28QDAMNC",
        "text": "<@U28QDAMNC|ryanjalufka> has joined the channel",
        "type": "message",
        "subtype": "channel_join",
        "ts": "1474168299.000006"
    }
]