[
    {
        "type": "message",
        "user": "U06TD3AUW",
        "text": "\/giphy never forget",
        "attachments": [
            {
                "fallback": "giphy: <http:\/\/giphy.com\/gifs\/snl-saturday-night-live-l0K3ZIsV9Mm8pT9za>",
                "image_url": "http:\/\/media.giphy.com\/media\/l0K3ZIsV9Mm8pT9za\/giphy-tumblr.gif",
                "image_width": 250,
                "image_height": 139,
                "image_bytes": 670899,
                "is_animated": true,
                "title": "never forget",
                "id": 1,
                "title_link": "http:\/\/giphy.com\/gifs\/snl-saturday-night-live-l0K3ZIsV9Mm8pT9za"
            }
        ],
        "ts": "1474829934.000002"
    },
    {
        "type": "message",
        "user": "U0LPKBHK2",
        "text": "\/giphy massage",
        "attachments": [
            {
                "fallback": "giphy: <http:\/\/giphy.com\/gifs\/Tiffany-cat-massage-3oEduSbSGpGaRX2Vri>",
                "image_url": "http:\/\/media0.giphy.com\/media\/3oEduSbSGpGaRX2Vri\/giphy.gif",
                "image_width": 400,
                "image_height": 274,
                "image_bytes": 1080427,
                "is_animated": true,
                "title": "massage",
                "id": 1,
                "title_link": "http:\/\/giphy.com\/gifs\/Tiffany-cat-massage-3oEduSbSGpGaRX2Vri"
            }
        ],
        "ts": "1474849353.000002",
        "reactions": [
            {
                "name": "heart",
                "users": [
                    "U0Q6DBY7Q"
                ],
                "count": 1
            },
            {
                "name": "cat2",
                "users": [
                    "U0Q6DBY7Q"
                ],
                "count": 1
            }
        ]
    },
    {
        "type": "message",
        "user": "U0Q6DBY7Q",
        "text": "\/giphy tender moment",
        "attachments": [
            {
                "fallback": "giphy: <http:\/\/giphy.com\/gifs\/funny-paul-mccartney-spies-like-us-uQ9Do1I5stiVO>",
                "image_url": "http:\/\/media1.giphy.com\/media\/uQ9Do1I5stiVO\/giphy.gif",
                "image_width": 245,
                "image_height": 292,
                "image_bytes": 511054,
                "is_animated": true,
                "title": "tender moment",
                "id": 1,
                "title_link": "http:\/\/giphy.com\/gifs\/funny-paul-mccartney-spies-like-us-uQ9Do1I5stiVO"
            }
        ],
        "ts": "1474849526.000003"
    }
]