[
    {
        "type": "message",
        "user": "U0Q6DBY7Q",
        "text": "\/giphy twirl",
        "bot_id": "B1H8K1E14",
        "attachments": [
            {
                "fallback": "giphy: <http:\/\/giphy.com\/gifs\/iheartradio-iheartradio-festival-2016-l2SqcBz3NqdZk23Wo>",
                "image_url": "http:\/\/media4.giphy.com\/media\/l2SqcBz3NqdZk23Wo\/giphy-tumblr.gif",
                "image_width": 480,
                "image_height": 270,
                "image_bytes": 1904500,
                "is_animated": true,
                "title": "twirl",
                "id": 1,
                "title_link": "http:\/\/giphy.com\/gifs\/iheartradio-iheartradio-festival-2016-l2SqcBz3NqdZk23Wo"
            }
        ],
        "ts": "1479144494.000002"
    }
]