[
    {
        "type": "message",
        "user": "U06TBPWAW",
        "text": "\/giphy Trying to see the time",
        "attachments": [
            {
                "fallback": "giphy: <http:\/\/giphy.com\/gifs\/rob-lowe-chris-traeger-swing-vote-UBGnqkltA9hO8>",
                "image_url": "http:\/\/media1.giphy.com\/media\/UBGnqkltA9hO8\/giphy.gif",
                "image_width": 275,
                "image_height": 200,
                "image_bytes": 670996,
                "is_animated": true,
                "title": "Trying to see the time",
                "id": 1,
                "title_link": "http:\/\/giphy.com\/gifs\/rob-lowe-chris-traeger-swing-vote-UBGnqkltA9hO8"
            }
        ],
        "ts": "1476368034.000002"
    },
    {
        "type": "message",
        "user": "U0LPKBHK2",
        "text": "\/giphy nonsense",
        "attachments": [
            {
                "fallback": "giphy: <http:\/\/giphy.com\/gifs\/eating-xiDLNFj5NrfRm>",
                "image_url": "http:\/\/media1.giphy.com\/media\/xiDLNFj5NrfRm\/giphy.gif",
                "image_width": 400,
                "image_height": 310,
                "image_bytes": 474430,
                "is_animated": true,
                "title": "nonsense",
                "id": 1,
                "title_link": "http:\/\/giphy.com\/gifs\/eating-xiDLNFj5NrfRm"
            }
        ],
        "ts": "1476369785.000003"
    },
    {
        "type": "message",
        "user": "U0Q6DBY7Q",
        "text": "\/giphy steak for one",
        "attachments": [
            {
                "fallback": "giphy: <http:\/\/giphy.com\/gifs\/friends-follow-my-ig-makaylaw-gifs-12oFV4tjwl0Rri>",
                "image_url": "http:\/\/media0.giphy.com\/media\/12oFV4tjwl0Rri\/giphy.gif",
                "image_width": 500,
                "image_height": 200,
                "image_bytes": 909874,
                "is_animated": true,
                "title": "steak for one",
                "id": 1,
                "title_link": "http:\/\/giphy.com\/gifs\/friends-follow-my-ig-makaylaw-gifs-12oFV4tjwl0Rri"
            }
        ],
        "ts": "1476373862.000004"
    },
    {
        "type": "message",
        "user": "U06TBPWAW",
        "text": "\/giphy 4d",
        "attachments": [
            {
                "fallback": "giphy: <http:\/\/giphy.com\/gifs\/3d-text-c4d-Dkaz6iFfMpHEc>",
                "image_url": "https:\/\/media4.giphy.com\/media\/Dkaz6iFfMpHEc\/giphy.gif",
                "image_width": 400,
                "image_height": 400,
                "image_bytes": 1978772,
                "is_animated": true,
                "title": "4d",
                "id": 1,
                "title_link": "http:\/\/giphy.com\/gifs\/3d-text-c4d-Dkaz6iFfMpHEc"
            }
        ],
        "ts": "1476373909.000005"
    },
    {
        "type": "message",
        "user": "U0K96PWET",
        "text": "\/giphy cube",
        "attachments": [
            {
                "fallback": "giphy: <http:\/\/giphy.com\/gifs\/Cxy620WOwyDC0>",
                "image_url": "https:\/\/media2.giphy.com\/media\/Cxy620WOwyDC0\/giphy.gif",
                "image_width": 500,
                "image_height": 500,
                "image_bytes": 933789,
                "is_animated": true,
                "title": "cube",
                "id": 1,
                "title_link": "http:\/\/giphy.com\/gifs\/Cxy620WOwyDC0"
            }
        ],
        "ts": "1476374979.000006"
    },
    {
        "type": "message",
        "user": "U0Q6DBY7Q",
        "text": "\/giphy pretty tesseract",
        "attachments": [
            {
                "fallback": "giphy: <http:\/\/giphy.com\/gifs\/how-rotating-tesseract-R7PvozuwgU6aY>",
                "image_url": "http:\/\/media1.giphy.com\/media\/R7PvozuwgU6aY\/giphy.gif",
                "image_width": 800,
                "image_height": 600,
                "image_bytes": 1721221,
                "is_animated": true,
                "title": "pretty tesseract",
                "id": 1,
                "title_link": "http:\/\/giphy.com\/gifs\/how-rotating-tesseract-R7PvozuwgU6aY"
            }
        ],
        "ts": "1476375448.000007"
    },
    {
        "type": "message",
        "user": "U0L74J1CN",
        "text": "\/giphy not so pretty tesseract",
        "attachments": [
            {
                "fallback": "giphy: <http:\/\/giphy.com\/gifs\/DDkduTkfElfq0>",
                "image_url": "https:\/\/media3.giphy.com\/media\/DDkduTkfElfq0\/giphy.gif",
                "image_width": 240,
                "image_height": 240,
                "image_bytes": 921395,
                "is_animated": true,
                "title": "not so pretty tesseract",
                "id": 1,
                "title_link": "http:\/\/giphy.com\/gifs\/DDkduTkfElfq0"
            }
        ],
        "ts": "1476375835.000008"
    },
    {
        "type": "message",
        "user": "U0LPKBHK2",
        "text": "\/giphy 4D square",
        "attachments": [
            {
                "fallback": "giphy: <http:\/\/giphy.com\/gifs\/3d-c4d-cinema-4d-gyFSexMdGuPrq>",
                "image_url": "http:\/\/media.giphy.com\/media\/gyFSexMdGuPrq\/giphy-tumblr.gif",
                "image_width": 400,
                "image_height": 400,
                "image_bytes": 1738853,
                "is_animated": true,
                "title": "4D square",
                "id": 1,
                "title_link": "http:\/\/giphy.com\/gifs\/3d-c4d-cinema-4d-gyFSexMdGuPrq"
            }
        ],
        "ts": "1476375973.000009"
    },
    {
        "type": "message",
        "user": "U0Q6DBY7Q",
        "text": "\/giphy green bubbles",
        "attachments": [
            {
                "fallback": "giphy: <http:\/\/giphy.com\/gifs\/saga-GdtbFi3BYULFS>",
                "image_url": "http:\/\/media1.giphy.com\/media\/GdtbFi3BYULFS\/giphy.gif",
                "image_width": 216,
                "image_height": 154,
                "image_bytes": 67056,
                "is_animated": true,
                "title": "green bubbles",
                "id": 1,
                "title_link": "http:\/\/giphy.com\/gifs\/saga-GdtbFi3BYULFS"
            }
        ],
        "ts": "1476376262.000010"
    },
    {
        "type": "message",
        "user": "U0LPKBHK2",
        "text": "\/giphy eensy weensy spider",
        "attachments": [
            {
                "fallback": "giphy: <http:\/\/giphy.com\/gifs\/hmsuVOISR3Hoc>",
                "image_url": "https:\/\/media2.giphy.com\/media\/hmsuVOISR3Hoc\/giphy.gif",
                "image_width": 320,
                "image_height": 180,
                "image_bytes": 1076404,
                "is_animated": true,
                "title": "eensy weensy spider",
                "id": 1,
                "title_link": "http:\/\/giphy.com\/gifs\/hmsuVOISR3Hoc"
            }
        ],
        "ts": "1476382524.000011"
    },
    {
        "type": "message",
        "user": "U0Q6DBY7Q",
        "text": "\/giphy nightmare",
        "attachments": [
            {
                "fallback": "giphy: <http:\/\/giphy.com\/gifs\/KlJ4wKeb8VMqs>",
                "image_url": "http:\/\/media3.giphy.com\/media\/KlJ4wKeb8VMqs\/giphy.gif",
                "image_width": 320,
                "image_height": 180,
                "image_bytes": 1218936,
                "is_animated": true,
                "title": "nightmare",
                "id": 1,
                "title_link": "http:\/\/giphy.com\/gifs\/KlJ4wKeb8VMqs"
            }
        ],
        "ts": "1476384636.000012"
    },
    {
        "type": "message",
        "user": "U0K96PWET",
        "text": "\/giphy nightmare dressed like a daydream",
        "attachments": [
            {
                "fallback": "giphy: <http:\/\/giphy.com\/gifs\/K1t9LubDlHfVu>",
                "image_url": "https:\/\/media4.giphy.com\/media\/K1t9LubDlHfVu\/giphy.gif",
                "image_width": 417,
                "image_height": 238,
                "image_bytes": 1360813,
                "is_animated": true,
                "title": "nightmare dressed like a daydream",
                "id": 1,
                "title_link": "http:\/\/giphy.com\/gifs\/K1t9LubDlHfVu"
            }
        ],
        "ts": "1476384665.000013"
    },
    {
        "type": "message",
        "user": "U06TBPWAW",
        "text": "That is spot on Giphy",
        "ts": "1476385865.000014"
    },
    {
        "type": "message",
        "user": "U06TBPWAW",
        "text": "\/giphy Robot Dress",
        "attachments": [
            {
                "fallback": "giphy: <http:\/\/giphy.com\/gifs\/deal-with-it-rsmd9TMp3ErKw>",
                "image_url": "http:\/\/media4.giphy.com\/media\/rsmd9TMp3ErKw\/giphy.gif",
                "image_width": 162,
                "image_height": 123,
                "image_bytes": 427741,
                "is_animated": true,
                "title": "Robot Dress",
                "id": 1,
                "title_link": "http:\/\/giphy.com\/gifs\/deal-with-it-rsmd9TMp3ErKw"
            }
        ],
        "ts": "1476385881.000015"
    },
    {
        "type": "message",
        "user": "U0LPKBHK2",
        "text": "\/giphy cool jesus",
        "attachments": [
            {
                "fallback": "giphy: <http:\/\/giphy.com\/gifs\/southparkgifs-l2Sqd2G9uzPK00LjG>",
                "image_url": "https:\/\/media.giphy.com\/media\/l2Sqd2G9uzPK00LjG\/giphy-tumblr.gif",
                "image_width": 480,
                "image_height": 270,
                "image_bytes": 1785345,
                "is_animated": true,
                "title": "cool jesus",
                "id": 1,
                "title_link": "http:\/\/giphy.com\/gifs\/southparkgifs-l2Sqd2G9uzPK00LjG"
            }
        ],
        "ts": "1476386119.000016"
    }
]