[
    {
        "type": "message",
        "user": "U0Q6DBY7Q",
        "text": "",
        "bot_id": "B1H8K1E14",
        "attachments": [
            {
                "fallback": "giphy: http:\/\/giphy.com\/gifs\/kimmyschmidt-unbreakable-kimmy-schmidt-lillian-3osxYdUgmhgYCS9HRC",
                "image_url": "http:\/\/media2.giphy.com\/media\/3osxYdUgmhgYCS9HRC\/giphy.gif",
                "image_width": 500,
                "image_height": 215,
                "image_bytes": 980364,
                "is_animated": true,
                "title": "unbreakable",
                "footer": "Posted using \/giphy | GIF by <https:\/\/giphy.com\/kimmyschmidt\/|Unbreakable Kimmy Schmidt>",
                "id": 1,
                "title_link": "http:\/\/giphy.com\/gifs\/kimmyschmidt-unbreakable-kimmy-schmidt-lillian-3osxYdUgmhgYCS9HRC"
            }
        ],
        "ts": "1482253011.000002"
    },
    {
        "type": "message",
        "user": "U0K96PWET",
        "text": "",
        "bot_id": "B1H8K1E14",
        "attachments": [
            {
                "fallback": "giphy: http:\/\/giphy.com\/gifs\/NFL-football-nfl-l3vRkxB7z9JfJILJe",
                "image_url": "http:\/\/media2.giphy.com\/media\/l3vRkxB7z9JfJILJe\/giphy-tumblr.gif",
                "image_width": 250,
                "image_height": 130,
                "image_bytes": 1022829,
                "is_animated": true,
                "title": "shimmy",
                "footer": "Posted using \/giphy | GIF by <https:\/\/giphy.com\/nfl\/|NFL>",
                "id": 1,
                "title_link": "http:\/\/giphy.com\/gifs\/NFL-football-nfl-l3vRkxB7z9JfJILJe"
            }
        ],
        "ts": "1482253584.000003"
    },
    {
        "type": "message",
        "user": "U06TBPWAW",
        "text": "",
        "bot_id": "B1H8K1E14",
        "attachments": [
            {
                "fallback": "giphy: http:\/\/giphy.com\/gifs\/football-nfl-super-bowl-3o6ZsVIbBLTQQCzTMY",
                "image_url": "http:\/\/media2.giphy.com\/media\/3o6ZsVIbBLTQQCzTMY\/giphy-tumblr.gif",
                "image_width": 250,
                "image_height": 133,
                "image_bytes": 1826717,
                "is_animated": true,
                "title": "touchdown",
                "footer": "Posted using \/giphy | GIF by <https:\/\/giphy.com\/nfl\/|NFL>",
                "id": 1,
                "title_link": "http:\/\/giphy.com\/gifs\/football-nfl-super-bowl-3o6ZsVIbBLTQQCzTMY"
            }
        ],
        "ts": "1482259786.000004"
    },
    {
        "type": "message",
        "user": "U0Q6DBY7Q",
        "text": "",
        "bot_id": "B1H8K1E14",
        "attachments": [
            {
                "fallback": "giphy: http:\/\/giphy.com\/gifs\/pixel-the-big-game-gJ31txqDMUw8M",
                "image_url": "http:\/\/media1.giphy.com\/media\/gJ31txqDMUw8M\/giphy.gif",
                "image_width": 500,
                "image_height": 500,
                "image_bytes": 18384,
                "is_animated": true,
                "title": "the big game",
                "footer": "Posted using \/giphy",
                "id": 1,
                "title_link": "http:\/\/giphy.com\/gifs\/pixel-the-big-game-gJ31txqDMUw8M"
            }
        ],
        "ts": "1482260054.000005"
    },
    {
        "type": "message",
        "user": "U0K96PWET",
        "text": "",
        "bot_id": "B1H8K1E14",
        "attachments": [
            {
                "fallback": "giphy: http:\/\/giphy.com\/gifs\/asteroid-WwRVSnB1TGnAI",
                "image_url": "http:\/\/media0.giphy.com\/media\/WwRVSnB1TGnAI\/giphy-tumblr.gif",
                "image_width": 480,
                "image_height": 392,
                "image_bytes": 181545,
                "is_animated": true,
                "title": "asteroid",
                "footer": "Posted using \/giphy",
                "id": 1,
                "title_link": "http:\/\/giphy.com\/gifs\/asteroid-WwRVSnB1TGnAI"
            }
        ],
        "ts": "1482270130.000006"
    }
]