[
    {
        "type": "message",
        "user": "U06TD3AUW",
        "text": "\/giphy paul caught in headlights",
        "attachments": [
            {
                "fallback": "giphy: <http:\/\/giphy.com\/gifs\/caught-act-kEEGeeb9VY86s>",
                "image_url": "http:\/\/media.giphy.com\/media\/kEEGeeb9VY86s\/giphy-tumblr.gif",
                "image_width": 250,
                "image_height": 140,
                "image_bytes": 1269801,
                "is_animated": true,
                "title": "paul caught in headlights",
                "id": 1,
                "title_link": "http:\/\/giphy.com\/gifs\/caught-act-kEEGeeb9VY86s"
            }
        ],
        "ts": "1474875482.000002"
    },
    {
        "type": "message",
        "user": "U06TD3AUW",
        "text": "they both have guitars, so its somewhat relevant lol",
        "ts": "1474875499.000003"
    },
    {
        "type": "message",
        "user": "U0Q6DBY7Q",
        "text": "\/giphy caught in the act",
        "attachments": [
            {
                "fallback": "giphy: <http:\/\/giphy.com\/gifs\/blunttalk-season-1-starz-blunt-talk-26FPyikeneC1nxUGI>",
                "image_url": "http:\/\/media.giphy.com\/media\/26FPyikeneC1nxUGI\/giphy-tumblr.gif",
                "image_width": 250,
                "image_height": 140,
                "image_bytes": 674427,
                "is_animated": true,
                "title": "caught in the act",
                "id": 1,
                "title_link": "http:\/\/giphy.com\/gifs\/blunttalk-season-1-starz-blunt-talk-26FPyikeneC1nxUGI"
            }
        ],
        "ts": "1474896113.000004"
    },
    {
        "type": "message",
        "user": "U06TD3AUW",
        "text": "\/giphy too early for lesbian action",
        "attachments": [
            {
                "fallback": "giphy: <http:\/\/giphy.com\/gifs\/its-too-early-in-the-morning-for-this-FVXZXS2ITf3Fe>",
                "image_url": "http:\/\/media4.giphy.com\/media\/FVXZXS2ITf3Fe\/giphy.gif",
                "image_width": 245,
                "image_height": 175,
                "image_bytes": 1215151,
                "is_animated": true,
                "title": "too early for lesbian action",
                "id": 1,
                "title_link": "http:\/\/giphy.com\/gifs\/its-too-early-in-the-morning-for-this-FVXZXS2ITf3Fe"
            }
        ],
        "ts": "1474914842.000002",
        "reactions": [
            {
                "name": "joy",
                "users": [
                    "U0Q6DBY7Q"
                ],
                "count": 1
            }
        ]
    },
    {
        "type": "message",
        "user": "U0LPKBHK2",
        "text": "\/giphy borat",
        "attachments": [
            {
                "fallback": "giphy: <http:\/\/giphy.com\/gifs\/borat-great-success-a0h7sAqON67nO>",
                "image_url": "http:\/\/media4.giphy.com\/media\/a0h7sAqON67nO\/giphy.gif",
                "image_width": 480,
                "image_height": 270,
                "image_bytes": 673971,
                "is_animated": true,
                "title": "borat",
                "id": 1,
                "title_link": "http:\/\/giphy.com\/gifs\/borat-great-success-a0h7sAqON67nO"
            }
        ],
        "ts": "1474916554.000002"
    },
    {
        "user": "U2G5EBH1R",
        "text": "<@U2G5EBH1R|cns27> has joined the channel",
        "type": "message",
        "subtype": "channel_join",
        "ts": "1474924989.000003"
    }
]