[
    {
        "type": "message",
        "user": "U0LPKBHK2",
        "text": "\/giphy bernie",
        "attachments": [
            {
                "fallback": "giphy: <http:\/\/giphy.com\/gifs\/bernie-sanders-bro-shake-3o7qDPCwW5XrSIHYSk>",
                "image_url": "http:\/\/media.giphy.com\/media\/3o7qDPCwW5XrSIHYSk\/giphy-tumblr.gif",
                "image_width": 200,
                "image_height": 200,
                "image_bytes": 1431125,
                "is_animated": true,
                "title": "bernie",
                "id": 1,
                "title_link": "http:\/\/giphy.com\/gifs\/bernie-sanders-bro-shake-3o7qDPCwW5XrSIHYSk"
            }
        ],
        "ts": "1474187016.000011"
    },
    {
        "type": "message",
        "user": "U06TBPWAW",
        "text": "\/giphy handshake",
        "attachments": [
            {
                "fallback": "giphy: <http:\/\/giphy.com\/gifs\/teen-choice-teen-choice-awards-2016-3o6Zt2cFshVKYP8rtu>",
                "image_url": "http:\/\/media.giphy.com\/media\/3o6Zt2cFshVKYP8rtu\/giphy-tumblr.gif",
                "image_width": 250,
                "image_height": 138,
                "image_bytes": 808608,
                "is_animated": true,
                "title": "handshake",
                "id": 1,
                "title_link": "http:\/\/giphy.com\/gifs\/teen-choice-teen-choice-awards-2016-3o6Zt2cFshVKYP8rtu"
            }
        ],
        "ts": "1474216124.000012"
    },
    {
        "type": "message",
        "user": "U06TD3AUW",
        "text": "\/giphy awkward greetings",
        "attachments": [
            {
                "fallback": "giphy: <http:\/\/giphy.com\/gifs\/season-20-the-simpsons-20x6-3orifgsEHq9AgDrfUs>",
                "image_url": "http:\/\/media4.giphy.com\/media\/3orifgsEHq9AgDrfUs\/giphy.gif",
                "image_width": 480,
                "image_height": 360,
                "image_bytes": 746572,
                "is_animated": true,
                "title": "awkward greetings",
                "id": 1,
                "title_link": "http:\/\/giphy.com\/gifs\/season-20-the-simpsons-20x6-3orifgsEHq9AgDrfUs"
            }
        ],
        "ts": "1474239193.000002"
    },
    {
        "type": "message",
        "user": "U06TBPWAW",
        "text": "\/giphy lisa for president",
        "attachments": [
            {
                "fallback": "giphy: <http:\/\/giphy.com\/gifs\/season-15-the-simpsons-15x3-3o6Mbmx2bA6WrzxeuY>",
                "image_url": "http:\/\/media2.giphy.com\/media\/3o6Mbmx2bA6WrzxeuY\/giphy.gif",
                "image_width": 480,
                "image_height": 362,
                "image_bytes": 1782266,
                "is_animated": true,
                "title": "lisa for president",
                "id": 1,
                "title_link": "http:\/\/giphy.com\/gifs\/season-15-the-simpsons-15x3-3o6Mbmx2bA6WrzxeuY"
            }
        ],
        "ts": "1474239681.000003"
    },
    {
        "type": "message",
        "user": "U06TD3AUW",
        "text": "\/giphy adult only time",
        "attachments": [
            {
                "fallback": "giphy: <http:\/\/giphy.com\/gifs\/beyonce-tyler-oakley-gif-76nhk8KE5UWoU>",
                "image_url": "http:\/\/media4.giphy.com\/media\/76nhk8KE5UWoU\/giphy.gif",
                "image_width": 250,
                "image_height": 199,
                "image_bytes": 464882,
                "is_animated": true,
                "title": "adult only time",
                "id": 1,
                "title_link": "http:\/\/giphy.com\/gifs\/beyonce-tyler-oakley-gif-76nhk8KE5UWoU"
            }
        ],
        "ts": "1474239713.000004"
    },
    {
        "type": "message",
        "user": "U0K96PWET",
        "text": "\/giphy oh fudge",
        "attachments": [
            {
                "fallback": "giphy: <http:\/\/giphy.com\/gifs\/season-3-APzkljxS8DZIs>",
                "image_url": "http:\/\/media0.giphy.com\/media\/APzkljxS8DZIs\/giphy.gif",
                "image_width": 500,
                "image_height": 198,
                "image_bytes": 915420,
                "is_animated": true,
                "title": "oh fudge",
                "id": 1,
                "title_link": "http:\/\/giphy.com\/gifs\/season-3-APzkljxS8DZIs"
            }
        ],
        "ts": "1474264522.000005"
    },
    {
        "type": "message",
        "user": "U06TD3AUW",
        "text": "\/giphy dropping the fudge bomb",
        "attachments": [
            {
                "fallback": "giphy: <http:\/\/giphy.com\/gifs\/satisfying-fudge-4sfxkQqkzdaRW>",
                "image_url": "http:\/\/media.giphy.com\/media\/4sfxkQqkzdaRW\/giphy-tumblr.gif",
                "image_width": 250,
                "image_height": 138,
                "image_bytes": 1121623,
                "is_animated": true,
                "title": "dropping the fudge bomb",
                "id": 1,
                "title_link": "http:\/\/giphy.com\/gifs\/satisfying-fudge-4sfxkQqkzdaRW"
            }
        ],
        "ts": "1474264560.000006"
    },
    {
        "type": "message",
        "user": "U06TD3AUW",
        "text": "I need it",
        "ts": "1474264568.000007"
    },
    {
        "type": "message",
        "user": "U0K96PWET",
        "text": "\/giphy yum",
        "attachments": [
            {
                "fallback": "giphy: <http:\/\/giphy.com\/gifs\/funny-weird-laser-cX9EynLj6nvFe>",
                "image_url": "http:\/\/media1.giphy.com\/media\/cX9EynLj6nvFe\/giphy.gif",
                "image_width": 320,
                "image_height": 229,
                "image_bytes": 367319,
                "is_animated": true,
                "title": "yum",
                "id": 1,
                "title_link": "http:\/\/giphy.com\/gifs\/funny-weird-laser-cX9EynLj6nvFe"
            }
        ],
        "ts": "1474264669.000008"
    }
]