[
    {
        "type": "message",
        "user": "U0K96PWET",
        "text": "",
        "bot_id": "B1H8K1E14",
        "attachments": [
            {
                "fallback": "giphy: http:\/\/giphy.com\/gifs\/vinyl-3oGRFBMkvqEzGKtwcw",
                "image_url": "http:\/\/media.giphy.com\/media\/3oGRFBMkvqEzGKtwcw\/giphy-tumblr.gif",
                "image_width": 250,
                "image_height": 140,
                "image_bytes": 767058,
                "is_animated": true,
                "title": "chicken dance",
                "footer": "Posted using \/giphy | GIF by <https:\/\/giphy.com\/vinyl\/|Vinyl>",
                "id": 1,
                "title_link": "http:\/\/giphy.com\/gifs\/vinyl-3oGRFBMkvqEzGKtwcw"
            }
        ],
        "ts": "1483975751.000002"
    },
    {
        "type": "message",
        "user": "U06TBPWAW",
        "text": "",
        "bot_id": "B1H8K1E14",
        "attachments": [
            {
                "fallback": "giphy: http:\/\/giphy.com\/gifs\/the-lord-of-rings-hope-VlvqywtvywdX2",
                "image_url": "http:\/\/media3.giphy.com\/media\/VlvqywtvywdX2\/giphy.gif",
                "image_width": 245,
                "image_height": 150,
                "image_bytes": 780371,
                "is_animated": true,
                "title": "My only dance move",
                "footer": "Posted using \/giphy",
                "id": 1,
                "title_link": "http:\/\/giphy.com\/gifs\/the-lord-of-rings-hope-VlvqywtvywdX2"
            }
        ],
        "ts": "1483976035.000003"
    }
]