[
    {
        "type": "message",
        "user": "U0Q6DBY7Q",
        "text": "",
        "bot_id": "B1H8K1E14",
        "attachments": [
            {
                "fallback": "giphy: http:\/\/giphy.com\/gifs\/tobuscus-skyrim-arthur-pendragon-aipRP3M0c6drO",
                "image_url": "http:\/\/media2.giphy.com\/media\/aipRP3M0c6drO\/giphy-downsized.gif",
                "image_width": 310,
                "image_height": 228,
                "image_bytes": 463881,
                "is_animated": true,
                "title": "what do i do",
                "footer": "Posted using \/giphy",
                "id": 1,
                "title_link": "http:\/\/giphy.com\/gifs\/tobuscus-skyrim-arthur-pendragon-aipRP3M0c6drO"
            }
        ],
        "ts": "1486356257.000017"
    }
]