[
    {
        "type": "message",
        "user": "U0K96PWET",
        "text": "",
        "bot_id": "B1H8K1E14",
        "attachments": [
            {
                "fallback": "giphy: http:\/\/giphy.com\/gifs\/computer-gZBYbXHtVcYKs",
                "image_url": "http:\/\/media4.giphy.com\/media\/gZBYbXHtVcYKs\/giphy.gif",
                "image_width": 500,
                "image_height": 281,
                "image_bytes": 577622,
                "is_animated": true,
                "title": "blown away",
                "footer": "Posted using \/giphy",
                "id": 1,
                "title_link": "http:\/\/giphy.com\/gifs\/computer-gZBYbXHtVcYKs"
            }
        ],
        "ts": "1484234275.000002"
    },
    {
        "type": "message",
        "user": "U0Q6DBY7Q",
        "text": "",
        "bot_id": "B1H8K1E14",
        "attachments": [
            {
                "fallback": "giphy: http:\/\/giphy.com\/gifs\/pugatory-season-1-01x01-episode-l0O9xqYZYF7CYhY9G",
                "image_url": "http:\/\/media1.giphy.com\/media\/l0O9xqYZYF7CYhY9G\/giphy.gif",
                "image_width": 480,
                "image_height": 270,
                "image_bytes": 297958,
                "is_animated": true,
                "title": "frightened pug",
                "footer": "Posted using \/giphy | GIF by <https:\/\/giphy.com\/pugatory\/|Pugatory>",
                "id": 1,
                "title_link": "http:\/\/giphy.com\/gifs\/pugatory-season-1-01x01-episode-l0O9xqYZYF7CYhY9G"
            }
        ],
        "ts": "1484263898.000002"
    }
]