[
    {
        "type": "message",
        "user": "U0Q6DBY7Q",
        "text": "",
        "bot_id": "B1H8K1E14",
        "attachments": [
            {
                "fallback": "giphy: http:\/\/giphy.com\/gifs\/season-3-bates-motel-s03e07-l4KieytAgS32jLMkM",
                "image_url": "https:\/\/media.giphy.com\/media\/l4KieytAgS32jLMkM\/giphy-tumblr.gif",
                "image_width": 250,
                "image_height": 140,
                "image_bytes": 520299,
                "is_animated": true,
                "title": "life is so hard",
                "footer": "Posted using \/giphy | GIF by <https:\/\/giphy.com\/aetv\/|A&amp;E>",
                "id": 1,
                "title_link": "http:\/\/giphy.com\/gifs\/season-3-bates-motel-s03e07-l4KieytAgS32jLMkM"
            }
        ],
        "ts": "1485969710.000002"
    },
    {
        "type": "message",
        "user": "U06TBPWAW",
        "text": "",
        "bot_id": "B1H8K1E14",
        "attachments": [
            {
                "fallback": "giphy: http:\/\/giphy.com\/gifs\/vh1-basketball-wives-bbwla-3o7TKzzMMNluisQTpS",
                "image_url": "http:\/\/media3.giphy.com\/media\/3o7TKzzMMNluisQTpS\/giphy.gif",
                "image_width": 500,
                "image_height": 250,
                "image_bytes": 1123351,
                "is_animated": true,
                "title": "She crazy",
                "footer": "Posted using \/giphy | GIF by <https:\/\/giphy.com\/vh1\/|VH1>",
                "id": 1,
                "title_link": "http:\/\/giphy.com\/gifs\/vh1-basketball-wives-bbwla-3o7TKzzMMNluisQTpS"
            }
        ],
        "ts": "1485974170.000003"
    },
    {
        "type": "message",
        "user": "U0K96PWET",
        "text": "This is my new favorite gif",
        "ts": "1485977372.000004"
    },
    {
        "type": "message",
        "user": "U0K96PWET",
        "text": "",
        "bot_id": "B1H8K1E14",
        "attachments": [
            {
                "fallback": "giphy: http:\/\/giphy.com\/gifs\/crazy-cray-ish-Qknky1il2ZjWg",
                "image_url": "http:\/\/media0.giphy.com\/media\/Qknky1il2ZjWg\/giphy.gif",
                "image_width": 500,
                "image_height": 282,
                "image_bytes": 944328,
                "is_animated": true,
                "title": "cray",
                "footer": "Posted using \/giphy",
                "id": 1,
                "title_link": "http:\/\/giphy.com\/gifs\/crazy-cray-ish-Qknky1il2ZjWg"
            }
        ],
        "ts": "1485977384.000005"
    },
    {
        "type": "message",
        "user": "U0Q6DBY7Q",
        "text": "",
        "bot_id": "B1H8K1E14",
        "attachments": [
            {
                "fallback": "giphy: http:\/\/giphy.com\/gifs\/hold-me-back-sardar-saab-nahi-l2YWlTnda2IElPV9S",
                "image_url": "http:\/\/media4.giphy.com\/media\/l2YWlTnda2IElPV9S\/giphy-downsized.gif",
                "image_width": 480,
                "image_height": 202,
                "image_bytes": 844703,
                "is_animated": true,
                "title": "hold me back",
                "footer": "Posted using \/giphy",
                "id": 1,
                "title_link": "http:\/\/giphy.com\/gifs\/hold-me-back-sardar-saab-nahi-l2YWlTnda2IElPV9S"
            }
        ],
        "ts": "1485977553.000006"
    },
    {
        "type": "message",
        "user": "U06TBPWAW",
        "text": "",
        "bot_id": "B1H8K1E14",
        "attachments": [
            {
                "fallback": "giphy: http:\/\/giphy.com\/gifs\/fighting-the-fifth-element-bring-it-on-BTe6OassV0iDS",
                "image_url": "http:\/\/media0.giphy.com\/media\/BTe6OassV0iDS\/giphy.gif",
                "image_width": 500,
                "image_height": 308,
                "image_bytes": 1680508,
                "is_animated": true,
                "title": "fight me bro",
                "footer": "Posted using \/giphy",
                "id": 1,
                "title_link": "http:\/\/giphy.com\/gifs\/fighting-the-fifth-element-bring-it-on-BTe6OassV0iDS"
            }
        ],
        "ts": "1485990443.000007"
    },
    {
        "type": "message",
        "user": "U0K96PWET",
        "text": "",
        "bot_id": "B1H8K1E14",
        "attachments": [
            {
                "fallback": "giphy: http:\/\/giphy.com\/gifs\/warnerarchive-sci-fi-warner-archive-3o6ZtbVIMGFXhjqe5i",
                "image_url": "http:\/\/media2.giphy.com\/media\/3o6ZtbVIMGFXhjqe5i\/giphy-tumblr.gif",
                "image_width": 480,
                "image_height": 205,
                "image_bytes": 1519494,
                "is_animated": true,
                "title": "come hither",
                "footer": "Posted using \/giphy | GIF by <https:\/\/giphy.com\/warnerarchive\/|Warner Archive>",
                "id": 1,
                "title_link": "http:\/\/giphy.com\/gifs\/warnerarchive-sci-fi-warner-archive-3o6ZtbVIMGFXhjqe5i"
            }
        ],
        "ts": "1485995508.000008"
    },
    {
        "type": "message",
        "user": "U0KR8R2P9",
        "text": "",
        "bot_id": "B1H8K1E14",
        "attachments": [
            {
                "fallback": "giphy: http:\/\/giphy.com\/gifs\/wont-108w5XvZjpzoME",
                "image_url": "http:\/\/media0.giphy.com\/media\/108w5XvZjpzoME\/giphy-downsized.gif",
                "image_width": 250,
                "image_height": 163,
                "image_bytes": 1530243,
                "is_animated": true,
                "title": "i won't bite",
                "footer": "Posted using \/giphy",
                "id": 1,
                "title_link": "http:\/\/giphy.com\/gifs\/wont-108w5XvZjpzoME"
            }
        ],
        "ts": "1486009314.000009"
    }
]