[
    {
        "type": "message",
        "user": "U06TBPWAW",
        "text": "",
        "bot_id": "B1H8K1E14",
        "attachments": [
            {
                "fallback": "giphy: http:\/\/giphy.com\/gifs\/hugh-grant-xFCMq9QjWrqE0",
                "image_url": "http:\/\/media3.giphy.com\/media\/xFCMq9QjWrqE0\/giphy.gif",
                "image_width": 500,
                "image_height": 269,
                "image_bytes": 979487,
                "is_animated": true,
                "title": "Cry baby",
                "footer": "Posted using \/giphy",
                "id": 1,
                "title_link": "http:\/\/giphy.com\/gifs\/hugh-grant-xFCMq9QjWrqE0"
            }
        ],
        "ts": "1486396596.000018"
    },
    {
        "type": "message",
        "user": "U0Q6DBY7Q",
        "text": "",
        "bot_id": "B1H8K1E14",
        "attachments": [
            {
                "fallback": "giphy: http:\/\/giphy.com\/gifs\/foxhomeent-christmas-johnny-depp-l3vR5YxHjepe8WdUc",
                "image_url": "http:\/\/media0.giphy.com\/media\/l3vR5YxHjepe8WdUc\/giphy-tumblr.gif",
                "image_width": 245,
                "image_height": 154,
                "image_bytes": 365368,
                "is_animated": true,
                "title": "johnny depp",
                "footer": "Posted using \/giphy | GIF by <https:\/\/giphy.com\/foxhomeent\/|20th Century Fox Home Entertainment>",
                "id": 1,
                "title_link": "http:\/\/giphy.com\/gifs\/foxhomeent-christmas-johnny-depp-l3vR5YxHjepe8WdUc"
            }
        ],
        "ts": "1486396651.000019"
    },
    {
        "type": "message",
        "user": "U06TBPWAW",
        "text": "",
        "bot_id": "B1H8K1E14",
        "attachments": [
            {
                "fallback": "giphy: http:\/\/giphy.com\/gifs\/nfl-football-new-york-giants-l0HlUPphKpQN4PP0I",
                "image_url": "http:\/\/media2.giphy.com\/media\/l0HlUPphKpQN4PP0I\/giphy-tumblr.gif",
                "image_width": 250,
                "image_height": 139,
                "image_bytes": 702064,
                "is_animated": true,
                "title": "New hands",
                "footer": "Posted using \/giphy | GIF by <https:\/\/giphy.com\/nfl\/|NFL>",
                "id": 1,
                "title_link": "http:\/\/giphy.com\/gifs\/nfl-football-new-york-giants-l0HlUPphKpQN4PP0I"
            }
        ],
        "ts": "1486401624.000020"
    },
    {
        "type": "message",
        "user": "U0K96PWET",
        "text": "",
        "bot_id": "B1H8K1E14",
        "attachments": [
            {
                "fallback": "giphy: http:\/\/giphy.com\/gifs\/brooklynninenine-fox-brooklyn-nine-nine-99-d2Z0zWe67TDcbCzC",
                "image_url": "http:\/\/media.giphy.com\/media\/d2Z0zWe67TDcbCzC\/giphy-tumblr.gif",
                "image_width": 250,
                "image_height": 140,
                "image_bytes": 590341,
                "is_animated": true,
                "title": "secret handshake",
                "footer": "Posted using \/giphy | GIF by <https:\/\/giphy.com\/brooklynninenine\/|Brooklyn Nine-Nine>",
                "id": 1,
                "title_link": "http:\/\/giphy.com\/gifs\/brooklynninenine-fox-brooklyn-nine-nine-99-d2Z0zWe67TDcbCzC"
            }
        ],
        "ts": "1486405142.000021"
    },
    {
        "type": "message",
        "user": "U0K96PWET",
        "text": "that did not go the direction I thought it would",
        "ts": "1486405155.000022"
    },
    {
        "type": "message",
        "user": "U06TBPWAW",
        "text": "",
        "bot_id": "B1H8K1E14",
        "attachments": [
            {
                "fallback": "giphy: http:\/\/giphy.com\/gifs\/the-climb-jLcRDtsocDiI8",
                "image_url": "http:\/\/media4.giphy.com\/media\/jLcRDtsocDiI8\/giphy-downsized.gif",
                "image_width": 245,
                "image_height": 300,
                "image_bytes": 799660,
                "is_animated": true,
                "title": "tiny handshake",
                "footer": "Posted using \/giphy",
                "id": 1,
                "title_link": "http:\/\/giphy.com\/gifs\/the-climb-jLcRDtsocDiI8"
            }
        ],
        "ts": "1486405581.000023"
    },
    {
        "type": "message",
        "user": "U0Q6DBY7Q",
        "text": "",
        "bot_id": "B1H8K1E14",
        "attachments": [
            {
                "fallback": "giphy: http:\/\/giphy.com\/gifs\/season-13-the-simpsons-13x13-3orif3KtvHCY0mVfK8",
                "image_url": "http:\/\/media.giphy.com\/media\/3orif3KtvHCY0mVfK8\/giphy-tumblr.gif",
                "image_width": 250,
                "image_height": 188,
                "image_bytes": 929728,
                "is_animated": true,
                "title": "i would rather die",
                "footer": "Posted using \/giphy",
                "id": 1,
                "title_link": "http:\/\/giphy.com\/gifs\/season-13-the-simpsons-13x13-3orif3KtvHCY0mVfK8"
            }
        ],
        "ts": "1486405639.000024"
    },
    {
        "type": "message",
        "user": "U0K96PWET",
        "text": "",
        "bot_id": "B1H8K1E14",
        "attachments": [
            {
                "fallback": "giphy: http:\/\/giphy.com\/gifs\/christopher-walken-tony-scott-man-on-fire-kwNjVtQIsrL1u",
                "image_url": "http:\/\/media2.giphy.com\/media\/kwNjVtQIsrL1u\/giphy.gif",
                "image_width": 440,
                "image_height": 183,
                "image_bytes": 968478,
                "is_animated": true,
                "title": "man on fire",
                "footer": "Posted using \/giphy",
                "id": 1,
                "title_link": "http:\/\/giphy.com\/gifs\/christopher-walken-tony-scott-man-on-fire-kwNjVtQIsrL1u"
            }
        ],
        "ts": "1486405672.000025"
    },
    {
        "type": "message",
        "user": "U0K96PWET",
        "text": "oh giphy you are so reliably unreliable",
        "ts": "1486405699.000026"
    },
    {
        "type": "message",
        "user": "U0Q6DBY7Q",
        "text": "Lol it's from the movie called man on fire ",
        "ts": "1486405721.000027"
    },
    {
        "type": "message",
        "user": "U0Q6DBY7Q",
        "text": "Good movie",
        "ts": "1486405760.000028"
    },
    {
        "type": "message",
        "user": "U0Q6DBY7Q",
        "text": "",
        "bot_id": "B1H8K1E14",
        "attachments": [
            {
                "fallback": "giphy: http:\/\/giphy.com\/gifs\/dancing-weekend-christopher-walken-DTsrpsCFRLvGw",
                "image_url": "http:\/\/media.giphy.com\/media\/DTsrpsCFRLvGw\/giphy-tumblr.gif",
                "image_width": 250,
                "image_height": 187,
                "image_bytes": 970228,
                "is_animated": true,
                "title": "christopher walken",
                "footer": "Posted using \/giphy",
                "id": 1,
                "title_link": "http:\/\/giphy.com\/gifs\/dancing-weekend-christopher-walken-DTsrpsCFRLvGw"
            }
        ],
        "ts": "1486405802.000029"
    },
    {
        "type": "message",
        "user": "U0K96PWET",
        "text": "",
        "bot_id": "B1H8K1E14",
        "attachments": [
            {
                "fallback": "giphy: http:\/\/giphy.com\/gifs\/christopher-walken-MWv38JU9XvpiE",
                "image_url": "http:\/\/media0.giphy.com\/media\/MWv38JU9XvpiE\/giphy-tumblr.gif",
                "image_width": 480,
                "image_height": 160,
                "image_bytes": 439065,
                "is_animated": true,
                "title": "christopher walken walking like a champ",
                "footer": "Posted using \/giphy",
                "id": 1,
                "title_link": "http:\/\/giphy.com\/gifs\/christopher-walken-MWv38JU9XvpiE"
            }
        ],
        "ts": "1486405942.000030"
    },
    {
        "type": "message",
        "user": "U0K96PWET",
        "text": "well fuck",
        "ts": "1486405951.000031"
    },
    {
        "type": "message",
        "user": "U0Q6DBY7Q",
        "text": "Giphy come on. Don't fail me now...",
        "ts": "1486406047.000032"
    },
    {
        "type": "message",
        "user": "U0K96PWET",
        "text": "is that baby christopher walken?",
        "ts": "1486406128.000033"
    },
    {
        "type": "message",
        "user": "U0Q6DBY7Q",
        "text": "I think so!!",
        "ts": "1486406155.000034"
    },
    {
        "type": "message",
        "user": "U0Q6DBY7Q",
        "text": "He looks so different",
        "ts": "1486406182.000035"
    },
    {
        "type": "message",
        "user": "U0Q6DBY7Q",
        "text": "",
        "bot_id": "B1H8K1E14",
        "attachments": [
            {
                "fallback": "giphy: http:\/\/giphy.com\/gifs\/eric-andre-black-men-man-l4hmJ782iBEHGV5Ru",
                "image_url": "http:\/\/media3.giphy.com\/media\/l4hmJ782iBEHGV5Ru\/giphy.gif",
                "image_width": 480,
                "image_height": 270,
                "image_bytes": 305071,
                "is_animated": true,
                "title": "flirt",
                "footer": "Posted using \/giphy",
                "id": 1,
                "title_link": "http:\/\/giphy.com\/gifs\/eric-andre-black-men-man-l4hmJ782iBEHGV5Ru"
            }
        ],
        "ts": "1486406216.000036"
    },
    {
        "type": "message",
        "user": "U0K96PWET",
        "text": ":aw_yeah:",
        "ts": "1486406243.000037"
    },
    {
        "type": "message",
        "user": "U0LPKBHK2",
        "text": ":bananadance: ",
        "ts": "1486407066.000038"
    },
    {
        "type": "message",
        "user": "U0KR8R2P9",
        "text": "",
        "bot_id": "B1H8K1E14",
        "attachments": [
            {
                "fallback": "giphy: http:\/\/giphy.com\/gifs\/wantering-14lsiHChtXKik",
                "image_url": "http:\/\/media4.giphy.com\/media\/14lsiHChtXKik\/giphy-downsized.gif",
                "image_width": 500,
                "image_height": 500,
                "image_bytes": 91017,
                "is_animated": true,
                "title": "banana point",
                "footer": "Posted using \/giphy | GIF by <https:\/\/giphy.com\/wantering\/|Wantering>",
                "id": 1,
                "title_link": "http:\/\/giphy.com\/gifs\/wantering-14lsiHChtXKik"
            }
        ],
        "ts": "1486422385.000039"
    },
    {
        "type": "message",
        "user": "U0Q6DBY7Q",
        "text": "I really don't see the connection lol",
        "ts": "1486424790.000040"
    },
    {
        "type": "message",
        "user": "U06TD3AUW",
        "text": "that's giphy for ya",
        "ts": "1486424820.000041"
    },
    {
        "type": "message",
        "user": "U0Q6DBY7Q",
        "text": "That's part of the thrill of giphy",
        "ts": "1486424931.000042"
    }
]