[
    {
        "type": "message",
        "user": "U0K96PWET",
        "text": "",
        "bot_id": "B1H8K1E14",
        "attachments": [
            {
                "fallback": "giphy: http:\/\/giphy.com\/gifs\/6hfnu4fJgFyrm",
                "image_url": "https:\/\/media.giphy.com\/media\/6hfnu4fJgFyrm\/giphy-tumblr.gif",
                "image_width": 346,
                "image_height": 193,
                "image_bytes": 1173314,
                "is_animated": true,
                "title": "hit the wall",
                "footer": "Posted using \/giphy",
                "id": 1,
                "title_link": "http:\/\/giphy.com\/gifs\/6hfnu4fJgFyrm"
            }
        ],
        "ts": "1483625727.000002"
    },
    {
        "type": "message",
        "user": "U0K96PWET",
        "text": "^ me and every textbook I've ever faced",
        "ts": "1483625749.000003",
        "reactions": [
            {
                "name": "+1",
                "users": [
                    "U0Q6DBY7Q"
                ],
                "count": 1
            }
        ]
    },
    {
        "type": "message",
        "user": "U0Q6DBY7Q",
        "text": "Tldr",
        "ts": "1483625793.000004",
        "reactions": [
            {
                "name": "no_entry_sign",
                "users": [
                    "U0K96PWET",
                    "U06TBPWAW"
                ],
                "count": 2
            },
            {
                "name": "book",
                "users": [
                    "U0K96PWET"
                ],
                "count": 1
            }
        ]
    },
    {
        "type": "message",
        "user": "U06TBPWAW",
        "text": "",
        "bot_id": "B1H8K1E14",
        "attachments": [
            {
                "fallback": "giphy: http:\/\/giphy.com\/gifs\/lol-hd-gTKjFetmsUUrm",
                "image_url": "http:\/\/media.giphy.com\/media\/gTKjFetmsUUrm\/giphy-tumblr.gif",
                "image_width": 250,
                "image_height": 189,
                "image_bytes": 678249,
                "is_animated": true,
                "title": "tldr'",
                "footer": "Posted using \/giphy",
                "id": 1,
                "title_link": "http:\/\/giphy.com\/gifs\/lol-hd-gTKjFetmsUUrm"
            }
        ],
        "ts": "1483640222.000005"
    },
    {
        "type": "message",
        "user": "U0K96PWET",
        "text": "I want to carry this gif around and show it to professors when they ask me if I read the book this semester",
        "ts": "1483640311.000006"
    }
]