[
    {
        "type": "message",
        "user": "U0K96PWET",
        "text": "",
        "bot_id": "B1H8K1E14",
        "attachments": [
            {
                "fallback": "giphy: http:\/\/giphy.com\/gifs\/vspink-l396JqyezEhgjN6oM",
                "image_url": "http:\/\/media4.giphy.com\/media\/l396JqyezEhgjN6oM\/giphy-downsized.gif",
                "image_width": 320,
                "image_height": 320,
                "image_bytes": 1575309,
                "is_animated": true,
                "title": "sad puppy",
                "footer": "Posted using \/giphy | GIF by <https:\/\/giphy.com\/vspink\/|Victoria's Secret PINK>",
                "id": 1,
                "title_link": "http:\/\/giphy.com\/gifs\/vspink-l396JqyezEhgjN6oM"
            }
        ],
        "ts": "1485901765.000002"
    }
]