[
    {
        "type": "message",
        "user": "U0Q6DBY7Q",
        "text": "",
        "bot_id": "B1H8K1E14",
        "attachments": [
            {
                "fallback": "giphy: http:\/\/giphy.com\/gifs\/nfl-football-green-bay-packers-l4JzhNUU0clnygDPa",
                "image_url": "http:\/\/media1.giphy.com\/media\/l4JzhNUU0clnygDPa\/giphy-tumblr.gif",
                "image_width": 250,
                "image_height": 138,
                "image_bytes": 1024814,
                "is_animated": true,
                "title": "don't mess with me",
                "footer": "Posted using \/giphy | GIF by <https:\/\/giphy.com\/nfl\/|NFL>",
                "id": 1,
                "title_link": "http:\/\/giphy.com\/gifs\/nfl-football-green-bay-packers-l4JzhNUU0clnygDPa"
            }
        ],
        "ts": "1486131809.000013"
    },
    {
        "type": "message",
        "user": "U06TBPWAW",
        "text": "",
        "bot_id": "B1H8K1E14",
        "attachments": [
            {
                "fallback": "giphy: http:\/\/giphy.com\/gifs\/mine-friends-W1V9bCuKdAVji",
                "image_url": "http:\/\/media.giphy.com\/media\/W1V9bCuKdAVji\/giphy-tumblr.gif",
                "image_width": 245,
                "image_height": 137,
                "image_bytes": 1706759,
                "is_animated": true,
                "title": "superbowl sunday",
                "footer": "Posted using \/giphy",
                "id": 1,
                "title_link": "http:\/\/giphy.com\/gifs\/mine-friends-W1V9bCuKdAVji"
            }
        ],
        "ts": "1486135628.000014"
    },
    {
        "type": "message",
        "user": "U0K96PWET",
        "text": "BAHAHAHAHAHA",
        "ts": "1486136151.000015"
    },
    {
        "type": "message",
        "user": "U0K96PWET",
        "text": "",
        "bot_id": "B1H8K1E14",
        "attachments": [
            {
                "fallback": "giphy: http:\/\/giphy.com\/gifs\/southpark-south-park-season-20-20x4-1iUlZloL4DiH8HL2",
                "image_url": "http:\/\/media2.giphy.com\/media\/1iUlZloL4DiH8HL2\/giphy.gif",
                "image_width": 480,
                "image_height": 270,
                "image_bytes": 136803,
                "is_animated": true,
                "title": "deer in the headlights",
                "footer": "Posted using \/giphy | GIF by <https:\/\/giphy.com\/southpark\/|South Park>",
                "id": 1,
                "title_link": "http:\/\/giphy.com\/gifs\/southpark-south-park-season-20-20x4-1iUlZloL4DiH8HL2"
            }
        ],
        "ts": "1486136234.000016"
    }
]