[
    {
        "type": "message",
        "user": "U06TBPWAW",
        "text": "",
        "bot_id": "B1H8K1E14",
        "attachments": [
            {
                "fallback": "giphy: http:\/\/giphy.com\/gifs\/warnerarchive-warner-archive-john-huston-the-treasure-of-sierra-madre-xT0GquwxiFMhNpqAU0",
                "image_url": "http:\/\/media.giphy.com\/media\/xT0GquwxiFMhNpqAU0\/giphy-tumblr.gif",
                "image_width": 250,
                "image_height": 186,
                "image_bytes": 1851118,
                "is_animated": true,
                "title": "Pull start",
                "footer": "Posted using \/giphy | GIF by <https:\/\/giphy.com\/warnerarchive\/|Warner Archive>",
                "id": 1,
                "title_link": "http:\/\/giphy.com\/gifs\/warnerarchive-warner-archive-john-huston-the-treasure-of-sierra-madre-xT0GquwxiFMhNpqAU0"
            }
        ],
        "ts": "1486048938.000002"
    },
    {
        "type": "message",
        "user": "U0Q6DBY7Q",
        "text": "",
        "bot_id": "B1H8K1E14",
        "attachments": [
            {
                "fallback": "giphy: http:\/\/giphy.com\/gifs\/hiddlestoner-IfVWjr9UKwrNm",
                "image_url": "http:\/\/media4.giphy.com\/media\/IfVWjr9UKwrNm\/giphy-tumblr.gif",
                "image_width": 500,
                "image_height": 281,
                "image_bytes": 911937,
                "is_animated": true,
                "title": "should have been a cowboy",
                "footer": "Posted using \/giphy",
                "id": 1,
                "title_link": "http:\/\/giphy.com\/gifs\/hiddlestoner-IfVWjr9UKwrNm"
            }
        ],
        "ts": "1486059144.000002"
    },
    {
        "type": "message",
        "user": "U0K96PWET",
        "text": "",
        "bot_id": "B1H8K1E14",
        "attachments": [
            {
                "fallback": "giphy: http:\/\/giphy.com\/gifs\/sbnation-cowboy-4LZMbup95ilY0FNZjHgs",
                "image_url": "http:\/\/media.giphy.com\/media\/4LZMbup95ilY0FNZjHgs\/giphy-tumblr.gif",
                "image_width": 250,
                "image_height": 175,
                "image_bytes": 629918,
                "is_animated": true,
                "title": "cowboy inception",
                "footer": "Posted using \/giphy | GIF by <https:\/\/giphy.com\/sbnation\/|SB Nation>",
                "id": 1,
                "title_link": "http:\/\/giphy.com\/gifs\/sbnation-cowboy-4LZMbup95ilY0FNZjHgs"
            }
        ],
        "ts": "1486061477.000003"
    },
    {
        "type": "message",
        "user": "U06TBPWAW",
        "text": "",
        "bot_id": "B1H8K1E14",
        "attachments": [
            {
                "fallback": "giphy: http:\/\/giphy.com\/gifs\/dance-sweet-movesgroovy-LCW84ExGT1SMw",
                "image_url": "http:\/\/media.giphy.com\/media\/LCW84ExGT1SMw\/giphy-tumblr.gif",
                "image_width": 250,
                "image_height": 192,
                "image_bytes": 1589876,
                "is_animated": true,
                "title": "Sweet moves",
                "footer": "Posted using \/giphy",
                "id": 1,
                "title_link": "http:\/\/giphy.com\/gifs\/dance-sweet-movesgroovy-LCW84ExGT1SMw"
            }
        ],
        "ts": "1486071308.000004"
    },
    {
        "user": "U06TD3AUW",
        "text": "<@U06TD3AUW|jcflinn> has joined the channel",
        "type": "message",
        "subtype": "channel_join",
        "ts": "1486073345.000005",
        "reactions": [
            {
                "name": "clap",
                "users": [
                    "U0Q6DBY7Q",
                    "U06TBPWAW"
                ],
                "count": 2
            }
        ]
    },
    {
        "type": "message",
        "user": "U0Q6DBY7Q",
        "text": "I see Jason has accepted that giphy is better. ",
        "ts": "1486078767.000006"
    },
    {
        "type": "message",
        "user": "U0Q6DBY7Q",
        "text": "",
        "bot_id": "B1H8K1E14",
        "attachments": [
            {
                "fallback": "giphy: http:\/\/giphy.com\/gifs\/jim-gaffigan-jimgaffigan-3o6gE2fG2NFEl4Nahy",
                "image_url": "https:\/\/media.giphy.com\/media\/3o6gE2fG2NFEl4Nahy\/giphy-tumblr.gif",
                "image_width": 500,
                "image_height": 281,
                "image_bytes": 1178759,
                "is_animated": true,
                "title": "shake it",
                "footer": "Posted using \/giphy | GIF by <https:\/\/giphy.com\/gaffiganshow\/|The Jim Gaffigan Show>",
                "id": 1,
                "title_link": "http:\/\/giphy.com\/gifs\/jim-gaffigan-jimgaffigan-3o6gE2fG2NFEl4Nahy"
            }
        ],
        "ts": "1486078788.000007"
    },
    {
        "type": "message",
        "user": "U06TD3AUW",
        "text": "I'm only back to bring the :fire: with RightGif",
        "ts": "1486079263.000008",
        "reactions": [
            {
                "name": "no_good",
                "users": [
                    "U0Q6DBY7Q"
                ],
                "count": 1
            }
        ]
    },
    {
        "type": "message",
        "user": "U06TBPWAW",
        "text": "Please note that this is a giphy only channel. All other gif providers will be removed",
        "ts": "1486079308.000009",
        "reactions": [
            {
                "name": "police_car",
                "users": [
                    "U0Q6DBY7Q",
                    "U0K96PWET"
                ],
                "count": 2
            },
            {
                "name": "+1",
                "users": [
                    "U0Q6DBY7Q"
                ],
                "count": 1
            }
        ]
    },
    {
        "type": "message",
        "user": "U0KR8R2P9",
        "text": "",
        "bot_id": "B1H8K1E14",
        "attachments": [
            {
                "fallback": "giphy: http:\/\/giphy.com\/gifs\/10QnBCa9QbQHiE",
                "image_url": "http:\/\/media0.giphy.com\/media\/10QnBCa9QbQHiE\/giphy-downsized.gif",
                "image_width": 550,
                "image_height": 303,
                "image_bytes": 1602429,
                "is_animated": true,
                "title": "watch yourself",
                "footer": "Posted using \/giphy",
                "id": 1,
                "title_link": "http:\/\/giphy.com\/gifs\/10QnBCa9QbQHiE"
            }
        ],
        "ts": "1486079454.000010"
    },
    {
        "type": "message",
        "user": "U0Q6DBY7Q",
        "text": "Yasss ",
        "ts": "1486079507.000011"
    },
    {
        "type": "message",
        "user": "U0Q6DBY7Q",
        "text": "I would've been heartbroken if the next gif wasn't watch yourself",
        "ts": "1486079531.000012"
    }
]