[
    {
        "type": "message",
        "user": "U0Q6DBY7Q",
        "text": "",
        "bot_id": "B1H8K1E14",
        "attachments": [
            {
                "fallback": "giphy: http:\/\/giphy.com\/gifs\/archer-sterling-the-rock-yNdxKJgQOw2R2",
                "image_url": "http:\/\/media0.giphy.com\/media\/yNdxKJgQOw2R2\/giphy.gif",
                "image_width": 245,
                "image_height": 245,
                "image_bytes": 233547,
                "is_animated": true,
                "title": "black tactleneck",
                "footer": "Posted using \/giphy",
                "id": 1,
                "title_link": "http:\/\/giphy.com\/gifs\/archer-sterling-the-rock-yNdxKJgQOw2R2"
            }
        ],
        "ts": "1486476317.000043"
    },
    {
        "type": "message",
        "user": "U0Q6DBY7Q",
        "text": "Sometimes you can predict giphy!",
        "ts": "1486476351.000044"
    },
    {
        "type": "message",
        "user": "U06TBPWAW",
        "text": "",
        "bot_id": "B1H8K1E14",
        "attachments": [
            {
                "fallback": "giphy: http:\/\/giphy.com\/gifs\/archer-sterling-danger-zone-12esT7y9VVi7YY",
                "image_url": "http:\/\/media2.giphy.com\/media\/12esT7y9VVi7YY\/giphy.gif",
                "image_width": 245,
                "image_height": 275,
                "image_bytes": 467862,
                "is_animated": true,
                "title": "danger zone",
                "footer": "Posted using \/giphy",
                "id": 1,
                "title_link": "http:\/\/giphy.com\/gifs\/archer-sterling-danger-zone-12esT7y9VVi7YY"
            }
        ],
        "ts": "1486482188.000045"
    },
    {
        "type": "message",
        "user": "U0Q6DBY7Q",
        "text": "",
        "bot_id": "B1H8K1E14",
        "attachments": [
            {
                "fallback": "giphy: http:\/\/giphy.com\/gifs\/kenny-loggins-XFhud1q0WllMk",
                "image_url": "http:\/\/media2.giphy.com\/media\/XFhud1q0WllMk\/giphy-tumblr.gif",
                "image_width": 320,
                "image_height": 240,
                "image_bytes": 784911,
                "is_animated": true,
                "title": "kenny loggins",
                "footer": "Posted using \/giphy",
                "id": 1,
                "title_link": "http:\/\/giphy.com\/gifs\/kenny-loggins-XFhud1q0WllMk"
            }
        ],
        "ts": "1486482699.000046"
    },
    {
        "type": "message",
        "user": "U0KR8R2P9",
        "text": "",
        "bot_id": "B1H8K1E14",
        "attachments": [
            {
                "fallback": "giphy: http:\/\/giphy.com\/gifs\/80s-2015-kKHvP4XOXK0y4",
                "image_url": "http:\/\/media0.giphy.com\/media\/kKHvP4XOXK0y4\/giphy-downsized.gif",
                "image_width": 480,
                "image_height": 360,
                "image_bytes": 691415,
                "is_animated": true,
                "title": "80s music video",
                "footer": "Posted using \/giphy",
                "id": 1,
                "title_link": "http:\/\/giphy.com\/gifs\/80s-2015-kKHvP4XOXK0y4"
            }
        ],
        "ts": "1486484604.000047"
    },
    {
        "type": "message",
        "user": "U0Q6DBY7Q",
        "text": "",
        "bot_id": "B1H8K1E14",
        "attachments": [
            {
                "fallback": "giphy: http:\/\/giphy.com\/gifs\/bbmas-bbmas-2016-3oAt25MKGp9sCxzHUc",
                "image_url": "https:\/\/media.giphy.com\/media\/3oAt25MKGp9sCxzHUc\/giphy-tumblr.gif",
                "image_width": 250,
                "image_height": 138,
                "image_bytes": 648110,
                "is_animated": true,
                "title": "madonna",
                "footer": "Posted using \/giphy | GIF by <https:\/\/giphy.com\/bbmas\/|Billboard Music Awards>",
                "id": 1,
                "title_link": "http:\/\/giphy.com\/gifs\/bbmas-bbmas-2016-3oAt25MKGp9sCxzHUc"
            }
        ],
        "ts": "1486499828.000048"
    },
    {
        "type": "message",
        "user": "U0LPKBHK2",
        "text": "",
        "bot_id": "B1H8K1E14",
        "attachments": [
            {
                "fallback": "giphy: http:\/\/giphy.com\/gifs\/madonna-slow-turn-5z7EzIOio0qR2",
                "image_url": "http:\/\/media4.giphy.com\/media\/5z7EzIOio0qR2\/giphy-downsized.gif",
                "image_width": 640,
                "image_height": 400,
                "image_bytes": 736592,
                "is_animated": true,
                "title": "Madonna slow",
                "footer": "Posted using \/giphy",
                "id": 1,
                "title_link": "http:\/\/giphy.com\/gifs\/madonna-slow-turn-5z7EzIOio0qR2"
            }
        ],
        "ts": "1486501619.000049"
    },
    {
        "type": "message",
        "user": "U0K96PWET",
        "text": "",
        "bot_id": "B1H8K1E14",
        "attachments": [
            {
                "fallback": "giphy: http:\/\/giphy.com\/gifs\/dos-Io4iVVtDBke52",
                "image_url": "http:\/\/media0.giphy.com\/media\/Io4iVVtDBke52\/giphy-downsized.gif",
                "image_width": 320,
                "image_height": 200,
                "image_bytes": 38888,
                "is_animated": true,
                "title": "do you want to play a game?",
                "footer": "Posted using \/giphy",
                "id": 1,
                "title_link": "http:\/\/giphy.com\/gifs\/dos-Io4iVVtDBke52"
            }
        ],
        "ts": "1486507595.000050"
    },
    {
        "type": "message",
        "user": "U0K96PWET",
        "text": "no giphy - not what I was going for",
        "ts": "1486507603.000051"
    },
    {
        "type": "message",
        "user": "U06TD3AUW",
        "text": "\/gif do you want to play a game?",
        "ts": "1486507651.000052"
    },
    {
        "type": "message",
        "user": "U0Q6DBY7Q",
        "text": "No right gif allowed in giphy loop! ",
        "ts": "1486507724.000055"
    },
    {
        "type": "message",
        "user": "U0Q6DBY7Q",
        "text": "Report!",
        "ts": "1486507728.000056"
    },
    {
        "type": "message",
        "user": "U0LPKBHK2",
        "text": "",
        "bot_id": "B1H8K1E14",
        "attachments": [
            {
                "fallback": "giphy: http:\/\/giphy.com\/gifs\/tiger-PXkYx9KXuThsI",
                "image_url": "http:\/\/media.giphy.com\/media\/PXkYx9KXuThsI\/giphy-tumblr.gif",
                "image_width": 250,
                "image_height": 140,
                "image_bytes": 682300,
                "is_animated": true,
                "title": "Holly f!",
                "footer": "Posted using \/giphy",
                "id": 1,
                "title_link": "http:\/\/giphy.com\/gifs\/tiger-PXkYx9KXuThsI"
            }
        ],
        "ts": "1486507729.000057"
    },
    {
        "type": "message",
        "user": "U06TD3AUW",
        "text": "\/gif you'll never catch me!",
        "ts": "1486508969.000058"
    },
    {
        "type": "message",
        "user": "U06TBPWAW",
        "text": "<@U06TD3AUW> You have been reported. Please don't use any other gif generator beside giphy. Thank you.",
        "ts": "1486509662.000063",
        "reactions": [
            {
                "name": "no_entry_sign",
                "users": [
                    "U0Q6DBY7Q"
                ],
                "count": 1
            }
        ]
    },
    {
        "type": "message",
        "user": "U06TBPWAW",
        "text": "",
        "bot_id": "B1H8K1E14",
        "attachments": [
            {
                "fallback": "giphy: http:\/\/giphy.com\/gifs\/tigers-jNio6LpGuRPeo",
                "image_url": "http:\/\/media4.giphy.com\/media\/jNio6LpGuRPeo\/giphy-downsized.gif",
                "image_width": 400,
                "image_height": 397,
                "image_bytes": 326348,
                "is_animated": true,
                "title": "Free the tiger",
                "footer": "Posted using \/giphy",
                "id": 1,
                "title_link": "http:\/\/giphy.com\/gifs\/tigers-jNio6LpGuRPeo"
            }
        ],
        "ts": "1486509674.000064"
    },
    {
        "type": "message",
        "user": "U06TD3AUW",
        "text": "You'll never take me ali",
        "ts": "1486509734.000065",
        "reactions": [
            {
                "name": "runner",
                "users": [
                    "U0Q6DBY7Q",
                    "U06TBPWAW"
                ],
                "count": 2
            }
        ]
    },
    {
        "user": "U06TD3AUW",
        "text": "<@U06TD3AUW|jcflinn> has left the channel",
        "type": "message",
        "subtype": "channel_leave",
        "ts": "1486509736.000066"
    },
    {
        "type": "message",
        "user": "U0Q6DBY7Q",
        "text": "Triggered ",
        "ts": "1486511599.000068"
    },
    {
        "type": "message",
        "user": "U0Q6DBY7Q",
        "text": "",
        "bot_id": "B1H8K1E14",
        "attachments": [
            {
                "fallback": "giphy: http:\/\/giphy.com\/gifs\/pictures-lisa-unicorns-k0H6jyR6g61fa",
                "image_url": "http:\/\/media1.giphy.com\/media\/k0H6jyR6g61fa\/giphy-downsized.gif",
                "image_width": 160,
                "image_height": 118,
                "image_bytes": 65894,
                "is_animated": true,
                "title": "lisa frank",
                "footer": "Posted using \/giphy",
                "id": 1,
                "title_link": "http:\/\/giphy.com\/gifs\/pictures-lisa-unicorns-k0H6jyR6g61fa"
            }
        ],
        "ts": "1486511680.000069"
    }
]