[
    {
        "type": "message",
        "user": "U0K96PWET",
        "text": "",
        "bot_id": "B1H8K1E14",
        "attachments": [
            {
                "fallback": "giphy: http:\/\/giphy.com\/gifs\/syfy-faceoff-3ornjN947Zk4hoih7W",
                "image_url": "http:\/\/media.giphy.com\/media\/3ornjN947Zk4hoih7W\/giphy-tumblr.gif",
                "image_width": 250,
                "image_height": 140,
                "image_bytes": 922790,
                "is_animated": true,
                "title": "nbd",
                "footer": "Posted using \/giphy | GIF by <https:\/\/giphy.com\/syfy\/|Syfy>",
                "id": 1,
                "title_link": "http:\/\/giphy.com\/gifs\/syfy-faceoff-3ornjN947Zk4hoih7W"
            }
        ],
        "ts": "1483552378.000002"
    },
    {
        "type": "message",
        "user": "U0K96PWET",
        "text": "WHOOOHOOO",
        "ts": "1483552383.000003"
    },
    {
        "type": "message",
        "user": "U0Q6DBY7Q",
        "text": "",
        "bot_id": "B1H8K1E14",
        "attachments": [
            {
                "fallback": "giphy: http:\/\/giphy.com\/gifs\/americanoutlaws-us-soccer-american-outlaws-3o6MbpVGdi49m3yUPC",
                "image_url": "http:\/\/media3.giphy.com\/media\/3o6MbpVGdi49m3yUPC\/giphy.gif",
                "image_width": 480,
                "image_height": 270,
                "image_bytes": 1063110,
                "is_animated": true,
                "title": "so crazy",
                "footer": "Posted using \/giphy | GIF by <https:\/\/giphy.com\/americanoutlaws\/|The American Outlaws>",
                "id": 1,
                "title_link": "http:\/\/giphy.com\/gifs\/americanoutlaws-us-soccer-american-outlaws-3o6MbpVGdi49m3yUPC"
            }
        ],
        "ts": "1483552460.000004"
    },
    {
        "type": "message",
        "user": "U06TBPWAW",
        "text": "",
        "bot_id": "B1H8K1E14",
        "attachments": [
            {
                "fallback": "giphy: http:\/\/giphy.com\/gifs\/time-sooziq-wfrBXMdq2VJ84",
                "image_url": "http:\/\/media.giphy.com\/media\/wfrBXMdq2VJ84\/giphy-tumblr.gif",
                "image_width": 250,
                "image_height": 152,
                "image_bytes": 1052861,
                "is_animated": true,
                "title": "merica",
                "footer": "Posted using \/giphy",
                "id": 1,
                "title_link": "http:\/\/giphy.com\/gifs\/time-sooziq-wfrBXMdq2VJ84"
            }
        ],
        "ts": "1483560248.000005"
    },
    {
        "type": "message",
        "user": "U0K96PWET",
        "text": "",
        "bot_id": "B1H8K1E14",
        "attachments": [
            {
                "fallback": "giphy: http:\/\/giphy.com\/gifs\/fail-lol-tree-ll64gSk3aOUPm",
                "image_url": "http:\/\/media.giphy.com\/media\/ll64gSk3aOUPm\/giphy-tumblr.gif",
                "image_width": 250,
                "image_height": 246,
                "image_bytes": 1766304,
                "is_animated": true,
                "title": "hold my beer",
                "footer": "Posted using \/giphy",
                "id": 1,
                "title_link": "http:\/\/giphy.com\/gifs\/fail-lol-tree-ll64gSk3aOUPm"
            }
        ],
        "ts": "1483560370.000006"
    },
    {
        "type": "message",
        "user": "U0K96PWET",
        "text": "geez looks like his face did a better job of holding on",
        "ts": "1483560402.000007"
    },
    {
        "type": "message",
        "user": "U0Q6DBY7Q",
        "text": "",
        "bot_id": "B1H8K1E14",
        "attachments": [
            {
                "fallback": "giphy: http:\/\/giphy.com\/gifs\/escape-attempt-failed-Q4uooZhu8q9BS",
                "image_url": "http:\/\/media.giphy.com\/media\/Q4uooZhu8q9BS\/giphy-tumblr.gif",
                "image_width": 320,
                "image_height": 240,
                "image_bytes": 1706721,
                "is_animated": true,
                "title": "failed escape",
                "footer": "Posted using \/giphy",
                "id": 1,
                "title_link": "http:\/\/giphy.com\/gifs\/escape-attempt-failed-Q4uooZhu8q9BS"
            }
        ],
        "ts": "1483588184.000002"
    }
]