[
    {
        "user": "U06STR2NR",
        "text": "<@U06STR2NR|kevin> has joined the channel",
        "type": "message",
        "subtype": "channel_join",
        "ts": "1479257936.000002"
    },
    {
        "type": "message",
        "user": "U06STR2NR",
        "text": "Check out this huge interactive banner on the homepage of PixiJS: <http:\/\/www.pixijs.com\/>",
        "attachments": [
            {
                "title": "PixiJS v4",
                "title_link": "http:\/\/www.pixijs.com\/",
                "text": "PixiJS - The HTML5 Creation Engine. Create beautiful digital content with the fastest, most flexible 2D WebGL renderer.",
                "fallback": "PixiJS v4",
                "image_url": "http:\/\/www.pixijs.com\/img\/facebook.png",
                "image_width": 250,
                "image_height": 250,
                "from_url": "http:\/\/www.pixijs.com\/",
                "image_bytes": 14878,
                "service_icon": "http:\/\/www.pixijs.com\/img\/favicon.png",
                "service_name": "pixijs.com",
                "id": 1
            }
        ],
        "ts": "1479257977.000003"
    },
    {
        "user": "U06STR2NR",
        "old_name": "checkthisout",
        "name": "js_toys",
        "text": "<@U06STR2NR|kevin> has renamed the channel from \"checkthisout\" to \"js_toys\"",
        "type": "message",
        "subtype": "channel_name",
        "ts": "1479258083.000005"
    },
    {
        "user": "U06STR2NR",
        "purpose": "Post cool interactive JavaScript stuff and have fun.",
        "text": "<@U06STR2NR|kevin> set the channel purpose: Post cool interactive JavaScript stuff and have fun.",
        "type": "message",
        "subtype": "channel_purpose",
        "ts": "1479258117.000006"
    },
    {
        "type": "message",
        "user": "U06STR2NR",
        "text": "Play with Fabric: <http:\/\/fabricjs.com\/demos\/> - MIT licensed interface to HTML5 Canvas",
        "edited": {
            "user": "U06STR2NR",
            "ts": "1479258275.000000"
        },
        "ts": "1479258151.000007"
    }
]