[
    {
        "type": "message",
        "user": "U06TD3AUW",
        "text": "was there anything we needed to know \/ finish for digital logic today?",
        "ts": "1455545935.000002"
    },
    {
        "type": "message",
        "user": "U0KN45G2W",
        "text": "I was going to ask that as well",
        "ts": "1455558169.000002"
    },
    {
        "type": "message",
        "user": "U0KN45G2W",
        "text": "but since it’s been 3 1\/2 hours I’m guessing no one else knows",
        "ts": "1455558182.000003"
    },
    {
        "type": "message",
        "user": "U0KN45G2W",
        "text": "that class is so dull :expressionless:",
        "ts": "1455558195.000004"
    },
    {
        "type": "message",
        "user": "U06TD3AUW",
        "text": "Lol yes it is and I feel the material _could_ be interesting but it's just not presented well. ",
        "ts": "1455558269.000005"
    },
    {
        "type": "message",
        "user": "U0KN45G2W",
        "text": "Yeah I am pretty sure I screwed up on that super easy quiz",
        "ts": "1455561225.000002"
    },
    {
        "type": "message",
        "user": "U06TD3AUW",
        "text": "Lol I think I was fine until the last 2 or 3 at the bottom. I was studying I preparation for the boolean algebra portion (like simplifying and stuff) not the actual postulates and theorems ",
        "ts": "1455561444.000003"
    },
    {
        "type": "message",
        "user": "U0KN45G2W",
        "text": "I know",
        "ts": "1455562189.000004"
    },
    {
        "type": "message",
        "user": "U0KN45G2W",
        "text": "that’s what I was studying for",
        "ts": "1455562195.000005"
    },
    {
        "type": "message",
        "user": "U06TD3AUW",
        "text": "hey, didn't Lu say that the answers for the homework 1 and quiz 1 were online somewhere?",
        "ts": "1455602695.000002"
    }
]