[
    {
        "type": "message",
        "user": "U0KN45G2W",
        "text": "I wish she would post finals",
        "ts": "1463097153.000002"
    },
    {
        "type": "message",
        "user": "U0NFATETV",
        "text": "I'm on my way to campus now if you want to me up Jason",
        "ts": "1463097164.000003"
    },
    {
        "type": "message",
        "user": "U06TD3AUW",
        "text": "Wait, meet up for what? I'm lost lol",
        "ts": "1463102388.000004"
    },
    {
        "type": "message",
        "user": "U0NFATETV",
        "text": "Haha seems that never sent. Supposed to go out may 9th :)",
        "ts": "1463111020.000002"
    }
]