[
    {
        "type": "message",
        "user": "U0KN45G2W",
        "text": "It’s not due until Wednesday, though, right?",
        "ts": "1456155621.000002"
    },
    {
        "type": "message",
        "user": "U0L7GN8HM",
        "text": "That is correct",
        "ts": "1456155643.000003"
    },
    {
        "type": "message",
        "user": "U06TD3AUW",
        "text": "yea sorry if that caused anyone to stress out lol I was just going to get a head start on it (and if I don't finish today, I'll finish it same time wednesday)",
        "ts": "1456155701.000004"
    },
    {
        "user": "U0NFATETV",
        "type": "message",
        "subtype": "channel_join",
        "text": "<@U0NFATETV|jmc352> has joined the channel",
        "ts": "1456161143.000005"
    },
    {
        "type": "message",
        "user": "U0NFATETV",
        "text": "If anyone's interested in working on it Tuesday sometime I'm down.",
        "ts": "1456161291.000006"
    },
    {
        "user": "U0NHAD1C2",
        "type": "message",
        "subtype": "channel_join",
        "text": "<@U0NHAD1C2|jordang45> has joined the channel",
        "ts": "1456183484.000007"
    }
]