[
    {
        "type": "message",
        "user": "U0NFATETV",
        "text": "Linux lab 8-2 on and off studying tomorrow for in class quiz",
        "ts": "1461097638.000002"
    },
    {
        "type": "message",
        "user": "U06TD3AUW",
        "text": "I'll try to be there. I have a lab from 10-11:50 though",
        "ts": "1461097663.000003"
    },
    {
        "type": "message",
        "user": "U0NFATETV",
        "text": "Yeah I don't want to study that whole time but whenever you or others want to come",
        "ts": "1461097716.000004"
    }
]