[
    {
        "type": "message",
        "user": "U0LGJ5JHG",
        "text": "so is everyone's circuit for #5 super messy and all over the place",
        "ts": "1457311637.000002"
    },
    {
        "type": "message",
        "user": "U06TD3AUW",
        "text": "yup",
        "ts": "1457314490.000003"
    },
    {
        "type": "message",
        "user": "U06TD3AUW",
        "text": "thinking about redrawing it",
        "ts": "1457314496.000004"
    },
    {
        "type": "message",
        "user": "U06TD3AUW",
        "text": "Is the midterm this week? Or the week after spring break?",
        "ts": "1457314914.000005"
    },
    {
        "type": "message",
        "user": "U0KN45G2W",
        "text": "Wednesday",
        "ts": "1457315655.000006"
    },
    {
        "type": "message",
        "user": "U0KN45G2W",
        "text": "I am pretty sure",
        "ts": "1457315670.000007"
    },
    {
        "type": "message",
        "user": "U0KN45G2W",
        "text": "That’s why the homework is due tomorrow instead of Wednesday",
        "ts": "1457315687.000008"
    },
    {
        "type": "message",
        "user": "U06TD3AUW",
        "text": "Alright thanks man. I'm assuming we are doing a review tomorrow as well?",
        "ts": "1457315728.000009"
    },
    {
        "type": "message",
        "user": "U0KN45G2W",
        "text": "Yeah, I guess so, she said we could bring a cheat sheet, just one side of a page",
        "ts": "1457315753.000010"
    },
    {
        "type": "message",
        "user": "U06TD3AUW",
        "text": "gotcha",
        "ts": "1457315773.000011"
    },
    {
        "type": "message",
        "user": "U0NFATETV",
        "text": "Yeah midterm is Wednesday review Monday I think",
        "ts": "1457320154.000012"
    },
    {
        "type": "message",
        "user": "U0KN45G2W",
        "text": "would anyone be able to upload their notes from the k map examples she did on the board?  I was busy working on a project in class those days :disappointed:",
        "ts": "1457320442.000013"
    },
    {
        "type": "message",
        "user": "U0KN45G2W",
        "text": "Just need some examples to be able to do this homework",
        "ts": "1457320470.000014"
    },
    {
        "user": "U0QPZMC5R",
        "type": "message",
        "subtype": "channel_join",
        "text": "<@U0QPZMC5R|a_e195> has joined the channel",
        "ts": "1457336046.000015"
    }
]