[
    {
        "type": "message",
        "user": "U0KN45G2W",
        "text": "<@U06TD3AUW>: you finish digital logic homework?",
        "ts": "1462210083.000002"
    },
    {
        "type": "message",
        "user": "U06TD3AUW",
        "text": "yea I'm in an Assembly review session. I'll be free at around 1:15-1:30",
        "ts": "1462210187.000003"
    },
    {
        "type": "message",
        "user": "U0NFATETV",
        "text": "Id like to go over with someone before class I'm free anytime before 2",
        "ts": "1462210669.000004"
    }
]