[
    {
        "type": "message",
        "user": "U0NFATETV",
        "text": "Oh?",
        "ts": "1461523817.000002"
    },
    {
        "type": "message",
        "user": "U06TD3AUW",
        "text": "I'd have to verify with the quiz solutions she gave back but when I was with Christie on Friday, she said that the Moore diagrams output once you *get* to that state. Not when you leave from it. ",
        "ts": "1461524519.000003"
    },
    {
        "user": "U0K96PWET",
        "type": "message",
        "subtype": "channel_leave",
        "text": "<@U0K96PWET|stpcollabr8nlstn> has left the channel",
        "ts": "1461524858.000004"
    },
    {
        "type": "message",
        "user": "U0NFATETV",
        "text": "Hmmmmm but do they output the previous states output when they get to the next state or output the next state when they get to the next state",
        "ts": "1461525959.000005"
    },
    {
        "type": "message",
        "user": "U06TD3AUW",
        "text": "If I have 2 states where an input of 1 takes you to the next state\n00\/0 - - - 1---&gt; 01\/1 \nIt's output would be 1 (from 01\/1)",
        "ts": "1461526050.000006"
    },
    {
        "type": "message",
        "user": "U06TD3AUW",
        "text": "At least that's what Christie described to me",
        "ts": "1461526087.000007"
    },
    {
        "type": "message",
        "user": "U0NFATETV",
        "text": "Hmmm that's interesting. I wonder how we can confirm that",
        "ts": "1461527033.000008"
    },
    {
        "type": "message",
        "user": "U06TD3AUW",
        "text": "We can probably ask our professor tomorrow ",
        "ts": "1461527077.000009"
    },
    {
        "type": "message",
        "user": "U06TD3AUW",
        "text": "has she stated when our midterm makeup is?",
        "ts": "1461552889.000010"
    },
    {
        "type": "message",
        "user": "U0L7GN8HM",
        "text": "She hasn't said anything yet. But we had that vote online on tracs about whether or not we would be having a makeup exam or just have to final replace our first midterm grade and I believe just having the final replace midterm one was the option that was voted for. Someone please correct me if I'm wrong but I don't think we're having a second midterm",
        "ts": "1461553329.000011"
    },
    {
        "type": "message",
        "user": "U06TD3AUW",
        "text": "oh yea, you're right",
        "ts": "1461553389.000012"
    },
    {
        "type": "message",
        "user": "U06TD3AUW",
        "text": "forgot about that vote",
        "ts": "1461553396.000013"
    },
    {
        "type": "message",
        "user": "U06TD3AUW",
        "text": "thanks man",
        "ts": "1461553400.000014"
    }
]