[
    {
        "type": "message",
        "user": "U0NFATETV",
        "text": "Hey everyone. I'm trying to wrap up lab 8 but I think I must have bad equations. Any insight from someone who's finished would be awesome.  Mine are: \n\nA+ = XB' + A'B + XA'\nB+ = A'B' + AB' \nY1 = XA' + X'A\nY2 = X'A'B + XAB'\nY3 = X'A'B' + XAB\nY4 = A'B' + AB",
        "ts": "1460571468.000002"
    },
    {
        "type": "message",
        "user": "U0NFATETV",
        "text": "This is for part T4",
        "ts": "1460571483.000003"
    },
    {
        "type": "message",
        "user": "U0NFATETV",
        "text": "Anyone wanna work on the HW?",
        "ts": "1460578664.000004"
    },
    {
        "type": "message",
        "user": "U06TD3AUW",
        "text": "I get out at 5. I can work on it after that. ",
        "ts": "1460578961.000005"
    },
    {
        "type": "message",
        "user": "U0NFATETV",
        "text": "I actually can't today and I forgot about a bunch of stuff I have leading up to Monday..  But Monday morning? :) anytime before 2 I'm good",
        "ts": "1460584665.000002"
    },
    {
        "type": "message",
        "user": "U06TD3AUW",
        "text": "We can try to work out around 10-11 or 12:20-2",
        "ts": "1460584697.000003"
    },
    {
        "type": "message",
        "user": "U0NFATETV",
        "text": "Ok. I'll try and finish as much as I can this weekend",
        "ts": "1460584734.000004"
    },
    {
        "type": "message",
        "user": "U06TD3AUW",
        "text": "same",
        "ts": "1460584744.000005"
    },
    {
        "type": "message",
        "user": "U0NFATETV",
        "text": "Sweet",
        "ts": "1460584760.000006"
    }
]