[
    {
        "type": "message",
        "user": "U0NFATETV",
        "text": "Running late because of traffic. Thought I'd be there by 9 but don't think so now",
        "ts": "1460985671.000002"
    },
    {
        "type": "message",
        "user": "U06TD3AUW",
        "text": "Same. I'll see you when I see you",
        "ts": "1460985793.000003"
    },
    {
        "type": "message",
        "user": "U06TD3AUW",
        "text": "No quiz today due to rain",
        "ts": "1460988218.000002"
    },
    {
        "type": "message",
        "user": "U06TD3AUW",
        "text": "Class not canceled though",
        "ts": "1460988224.000003"
    },
    {
        "type": "message",
        "user": "U0NFATETV",
        "text": "Cool that's a relief. I'm walking to campus now",
        "ts": "1460988573.000004"
    },
    {
        "type": "message",
        "user": "U06TD3AUW",
        "text": "Just got to campus and parking now. But don't think I'll be able to work with you until after my first class :\/",
        "ts": "1460994740.000002"
    },
    {
        "type": "message",
        "user": "U06TD3AUW",
        "text": "I'm in the linux lab working on the hw now",
        "ts": "1461000902.000003"
    }
]