[
    {
        "type": "message",
        "user": "U06TD3AUW",
        "text": "I will be free to study for our final between 10:30 and 2",
        "ts": "1462793662.000002"
    },
    {
        "type": "message",
        "user": "U0KN45G2W",
        "text": "We get 1 front page cheat sheet?",
        "ts": "1462799672.000002"
    },
    {
        "type": "message",
        "user": "U0KN45G2W",
        "text": "or is it two full pages?",
        "ts": "1462799678.000003"
    },
    {
        "type": "message",
        "user": "U0L7GN8HM",
        "text": "I'm not sure. If any one knows that would be great to know",
        "ts": "1462801326.000004"
    },
    {
        "type": "message",
        "user": "U0KN45G2W",
        "text": "Yeah from what I can see in the syllabus",
        "ts": "1462801660.000005"
    },
    {
        "type": "message",
        "user": "U0KN45G2W",
        "text": "1 page for our midterm and then we can write on the 2nd side of that midterm page to make our final cheat sheet",
        "ts": "1462801685.000006"
    },
    {
        "type": "message",
        "user": "U0L7GN8HM",
        "text": "If we didn't go to pick up our old midterm notes sheet, do you know if we're allowed to write on the second side for a new sheet?",
        "ts": "1462803349.000007"
    },
    {
        "type": "message",
        "user": "U0KN45G2W",
        "text": "I am not sure, I saved my original on google drive, so I just downloaded that one and am building from there",
        "ts": "1462803491.000008"
    },
    {
        "type": "message",
        "user": "U0KN45G2W",
        "text": "I don’t think I have my original one from midterm",
        "ts": "1462803506.000009"
    },
    {
        "type": "message",
        "user": "U0KN45G2W",
        "text": "I don’t remember her saying anything about not being able to remake it",
        "ts": "1462803515.000010"
    },
    {
        "type": "message",
        "user": "U0KN45G2W",
        "text": "On her syllabus it says this ``` one Letter size paper, one side for midterm exam and\nthe other side for final exam```",
        "ts": "1462803577.000011"
    },
    {
        "type": "message",
        "user": "U0KN45G2W",
        "text": "not exactly clear about it having to be the exact cheat sheet that we used in the midterm, if that is the case, the syllabus would have been the place to explain that.",
        "ts": "1462803636.000012"
    },
    {
        "type": "message",
        "user": "U0L7K1PB4",
        "text": "1 page front and back. She said you can make a whole new sheet if you want to focus on post-midterm topics. <@U0L7GN8HM>  <@U0KN45G2W>",
        "edited": {
            "user": "U0L7K1PB4",
            "ts": "1462805502.000000"
        },
        "ts": "1462805448.000013"
    },
    {
        "type": "message",
        "user": "U0L7GN8HM",
        "text": "Cam you make a whole new sheet and use both sides?",
        "ts": "1462805550.000016"
    },
    {
        "type": "message",
        "user": "U0L7K1PB4",
        "text": "yea",
        "ts": "1462805581.000017"
    },
    {
        "type": "message",
        "user": "U0L7GN8HM",
        "text": "Awesome thanks. Now I can stop writing so small lol",
        "ts": "1462805601.000018"
    },
    {
        "type": "message",
        "user": "U0L7K1PB4",
        "text": "LOL if you're not shrinking every slide to the size of a stamp and printing half of them in red and the other half of them in blue on top of each other and using 3D glasses to see them separately.",
        "ts": "1462805731.000019"
    },
    {
        "type": "message",
        "user": "U06TD3AUW",
        "text": "Anyone down to study in the library? ",
        "ts": "1462810253.000020"
    },
    {
        "type": "message",
        "user": "U06TD3AUW",
        "text": "Hope everyone felt confident about their test!",
        "ts": "1462833595.000002"
    },
    {
        "type": "message",
        "user": "U0LPKBHK2",
        "text": "can anyone please explain real quick on hw#5 part 3a? in particular, why D2,D1,D0,D3 (0001)= 1111? Thank you in advance.",
        "ts": "1462851425.000003"
    },
    {
        "type": "message",
        "user": "U06TD3AUW",
        "text": "I'll take a look at it",
        "ts": "1462851556.000004"
    },
    {
        "type": "message",
        "user": "U0LPKBHK2",
        "text": "PLEASE!",
        "ts": "1462851610.000005"
    },
    {
        "type": "message",
        "user": "U06TD3AUW",
        "text": "ok so I may be wrong on this, as I might have to look into it further. But I believe the output is all (111) when D3 is 1 because, as a _priority encoder_, D3 has *priority over the over inputs*. _Therefore_, the other inputs _should_ be `X`s and not `0`s (just like in the problem) because it _doesn't matter_ what they are (they can be `0` or `1` just like _\"Don't Cares\"_ in K-Maps) so we result in the output of 111 because it has the highest priority. \n\nI'm sure there is a better explanation than this though (and someone *please* correct me if I'm mistaken), I'll keep looking.",
        "ts": "1462853025.000006"
    }
]