[
    {
        "user": "U0L7GN8HM",
        "type": "message",
        "subtype": "channel_join",
        "text": "<@U0L7GN8HM|bjc116> has joined the channel",
        "ts": "1454802214.000002"
    },
    {
        "type": "message",
        "user": "U06TD3AUW",
        "text": "Hey guys! Anyone having trouble with HW1?",
        "edited": {
            "user": "U06TD3AUW",
            "ts": "1454808385.000000"
        },
        "ts": "1454805985.000003"
    },
    {
        "user": "U0L770KLG",
        "inviter": "U06TD3AUW",
        "type": "message",
        "subtype": "channel_join",
        "text": "<@U0L770KLG|andysosa2> has joined the channel",
        "ts": "1454808367.000004"
    }
]