[
    {
        "type": "message",
        "user": "U0NFATETV",
        "text": "Just catsweb for me. Also, I apparently did surprisingly poorly on the final. Closest I can figure she didn't curve at all. That or I did reeeeeeeeaally bad on the final",
        "ts": "1463498789.000002"
    },
    {
        "type": "message",
        "user": "U0L7GN8HM",
        "text": "Yeah so I needed a 90 on the final to get an A and I thought I #rekt the final and I studied a fair amount. But I got a B so I emailed her asking for a breakdown of my grade and I got a 79 on the final:upside_down_face: ",
        "ts": "1463504698.000002"
    },
    {
        "type": "message",
        "user": "U0L7GN8HM",
        "text": "So that explains that",
        "ts": "1463504705.000003"
    },
    {
        "type": "message",
        "user": "U0L7GN8HM",
        "text": "So you guys can email her and ask what you got if you're curious ",
        "ts": "1463504722.000004"
    },
    {
        "type": "message",
        "user": "U06TD3AUW",
        "text": "Yea I emailed her because I thought I aced the final but apparently I got a 72.5 on it? (wat) \n\nSo my final grade was a 79.4.....\n\nShe said I can come in to see my final just in case something was off or just to verify why I earned theat grade. ",
        "ts": "1463505323.000005"
    },
    {
        "type": "message",
        "user": "U0L7GN8HM",
        "text": "Yeah I had no idea my grade on the final was that low. ",
        "ts": "1463505364.000006"
    },
    {
        "type": "message",
        "user": "U06TD3AUW",
        "text": "With everyone surprised about their final, hopefully something was off or one off her instructions was super vague to where she awards some points back or something. I needed, literally, .1 points to get a B... ",
        "ts": "1463506244.000002"
    },
    {
        "type": "message",
        "user": "U0NFATETV",
        "text": "Dang. Well at least it wasn't just me",
        "ts": "1463511613.000002"
    }
]