[
    {
        "type": "message",
        "user": "U06TD3AUW",
        "text": "hey guys, are we supposed to turn in our hw *with* the printout? Or can we submit it with just the scratch paper we did the work on?",
        "ts": "1454958324.000002"
    },
    {
        "type": "message",
        "user": "U0L7GN8HM",
        "text": "It doesn't say anything about whether we should include it or not. I think we don't have to. But I'm going to just to be safe I guess",
        "ts": "1454958495.000003"
    },
    {
        "type": "message",
        "user": "U06TD3AUW",
        "text": "alrighty",
        "ts": "1454959036.000004"
    },
    {
        "type": "message",
        "user": "U06TD3AUW",
        "text": "I won't have access to a printer before class so I'm just going to hope this is ok",
        "ts": "1454959107.000005"
    },
    {
        "type": "message",
        "user": "U0K96PWET",
        "text": "It is <@U06TD3AUW> she just needs your work",
        "ts": "1454961505.000002"
    },
    {
        "type": "message",
        "user": "U06TD3AUW",
        "text": "Thanks <@U0K96PWET> !",
        "ts": "1454965692.000003"
    },
    {
        "type": "message",
        "user": "U06TD3AUW",
        "text": "And just a reminder for everyone, quiz on Wednesday over Postulates\/Theorems",
        "ts": "1454965729.000004"
    }
]