[
    {
        "type": "message",
        "user": "U0NFATETV",
        "text": "Jason did you finish Monday or will you be there Wednesday as well?",
        "ts": "1456245724.000002"
    },
    {
        "type": "message",
        "user": "U0NFATETV",
        "text": "I think I'm missing something here. If anyone has any time to explain some concepts it'd be greatly appreciated!",
        "ts": "1456253416.000002"
    },
    {
        "type": "message",
        "user": "U06TD3AUW",
        "text": "I'm not going to be able to make it Wednesday as I'm going to the job fair during that time. But I can possibly help out over slack later tonight if need be",
        "ts": "1456254792.000003"
    },
    {
        "type": "message",
        "user": "U0NFATETV",
        "text": "Thanks, but I think I might have actually figured it out",
        "ts": "1456263043.000004"
    },
    {
        "type": "message",
        "user": "U0KN45G2W",
        "text": "Anyone get 2 c?",
        "ts": "1456264693.000005"
    }
]