[
    {
        "type": "message",
        "user": "U0KN45G2W",
        "text": "75",
        "ts": "1458583369.000002"
    },
    {
        "type": "message",
        "user": "U0KN45G2W",
        "text": "but I’m going to talk to her about it, she emailed me",
        "ts": "1458583381.000003"
    },
    {
        "type": "message",
        "user": "U06TD3AUW",
        "text": "I got a 69,haven't received an email yet though",
        "ts": "1458583840.000004"
    },
    {
        "user": "U0L7K1PB4",
        "type": "message",
        "subtype": "channel_join",
        "text": "<@U0L7K1PB4|josh.granberry> has joined the channel",
        "ts": "1458586839.000005"
    },
    {
        "type": "message",
        "user": "U0KN45G2W",
        "text": "Well, she emailed me because I let her know at the end of class on test day that her disruptions negatively impacted my performance on the test",
        "ts": "1458587211.000006"
    },
    {
        "type": "message",
        "user": "U0KN45G2W",
        "text": "I should have gotten like an 85 or higher, to be honest",
        "ts": "1458587224.000007"
    },
    {
        "type": "message",
        "user": "U0KN45G2W",
        "text": "This is going to be my only B this semester and will screw over me graduating with honors, so frustrating",
        "ts": "1458587313.000008"
    },
    {
        "type": "message",
        "user": "U06TD3AUW",
        "text": "whelp, looks like I suck at Digital Logic...",
        "ts": "1458587595.000009"
    },
    {
        "type": "message",
        "user": "U0KN45G2W",
        "text": "doesn’t make sense to not give us a midterm that covers the same material",
        "ts": "1458587939.000010"
    },
    {
        "type": "message",
        "user": "U0KN45G2W",
        "text": "rather than make midterm 2 comprehensive",
        "ts": "1458587948.000011"
    },
    {
        "type": "message",
        "user": "U06TD3AUW",
        "text": "yea isn't that just pretty much 2 finals? Or am I misunderstanding?",
        "ts": "1458587979.000012"
    },
    {
        "type": "message",
        "user": "U0KN45G2W",
        "text": "yeah",
        "ts": "1458587984.000013"
    },
    {
        "type": "message",
        "user": "U0KN45G2W",
        "text": "basically",
        "ts": "1458587985.000014"
    },
    {
        "type": "message",
        "user": "U0KN45G2W",
        "text": "I would be in favor of midterm 2 if it were the same as this midterm, in terms of material covered",
        "ts": "1458588006.000015"
    },
    {
        "type": "message",
        "user": "U06TD3AUW",
        "text": "Yea, same. So I'm probably just going to try to ace the final the best I can",
        "ts": "1458588127.000016"
    },
    {
        "type": "message",
        "user": "U0KN45G2W",
        "text": "Yeah, just sucks to be put in this situation to begin with",
        "ts": "1458588177.000017"
    },
    {
        "type": "message",
        "user": "U06TD3AUW",
        "text": "yea, but I'm honestly glad she didn't just say \"A majority of the class did well, so sorry, no help\/curve\/retake\"",
        "ts": "1458588213.000018"
    }
]