[
    {
        "type": "message",
        "user": "U0KN45G2W",
        "text": "I can meet earlier, like at 10 am",
        "ts": "1459533683.000002"
    },
    {
        "type": "message",
        "user": "U0KN45G2W",
        "text": "I have class at 12:30",
        "ts": "1459533688.000003"
    },
    {
        "type": "message",
        "user": "U0KN45G2W",
        "text": "I know it will probably take longer than 2 hours to do, but I we could work on getting most of it done",
        "ts": "1459533720.000004"
    },
    {
        "type": "message",
        "user": "U0NFATETV",
        "text": "10 would work for me. Cs lab on 2nd floor derr?",
        "ts": "1459535073.000005"
    },
    {
        "type": "message",
        "user": "U0KN45G2W",
        "text": "yeah",
        "ts": "1459535399.000006"
    }
]