[
    {
        "type": "message",
        "user": "U06TD3AUW",
        "text": "If anyone is free to meet up either Friday or Saturday to go over the current material (memory, etc) I'm down to meet up somewhere for an hour or so.",
        "ts": "1461781161.000002"
    },
    {
        "type": "message",
        "user": "U0KN45G2W",
        "text": "I’ll be working on the homework Sunday during the day and Monday morning",
        "ts": "1461781846.000003"
    },
    {
        "type": "message",
        "user": "U06TD3AUW",
        "text": "I can join in Monday morning",
        "ts": "1461781859.000004"
    },
    {
        "type": "message",
        "user": "U06TD3AUW",
        "text": "Maybe sunday, depends when I finish my meetup with another group",
        "ts": "1461781881.000005"
    },
    {
        "type": "message",
        "user": "U06TD3AUW",
        "text": "what time monday morning?",
        "ts": "1461781889.000006"
    },
    {
        "type": "message",
        "user": "U0KN45G2W",
        "text": "Yeah I have to meet with a few groups and prep for an interview this weekend",
        "ts": "1461781895.000007"
    },
    {
        "type": "message",
        "user": "U06TD3AUW",
        "text": "good luck on the interview",
        "ts": "1461785869.000008"
    },
    {
        "type": "message",
        "user": "U0KN45G2W",
        "text": "thanks",
        "ts": "1461792462.000009"
    }
]