[
    {
        "type": "message",
        "user": "U0NFATETV",
        "text": "I'm not sure how much my notes would help. It",
        "ts": "1457362192.000016"
    },
    {
        "type": "message",
        "user": "U0NFATETV",
        "text": "'s mostly in my head",
        "ts": "1457362198.000017"
    },
    {
        "type": "message",
        "user": "U0KN45G2W",
        "text": "No problem",
        "ts": "1457365083.000018"
    },
    {
        "type": "message",
        "user": "U0KN45G2W",
        "text": "I found some videos online",
        "ts": "1457365087.000019"
    },
    {
        "type": "message",
        "user": "U0LGJ5JHG",
        "text": "anybody get the X output down to just XOR only for #6?",
        "ts": "1457377796.000020"
    },
    {
        "type": "message",
        "user": "U0LGJ5JHG",
        "text": "I got B'D + DC'D' + B'CD' but can't really shift it around without there being a product somewhere",
        "ts": "1457377849.000021"
    },
    {
        "type": "message",
        "user": "U0LGJ5JHG",
        "text": "that should read B'D + BC'D' + B'CD' actually",
        "ts": "1457377874.000022"
    }
]