[
    {
        "type": "message",
        "user": "U0LGJ5JHG",
        "text": "are we supposed to put all those k-maps in our lab 5 report?",
        "ts": "1458790116.000002"
    },
    {
        "type": "message",
        "user": "U0LGJ5JHG",
        "text": "or just the screenshot of the circuit?",
        "ts": "1458790136.000003"
    },
    {
        "type": "message",
        "user": "U06TD3AUW",
        "text": "Good question. I honestly can't remember either. I'll try to see if I can find my notes from that day",
        "ts": "1458793221.000004"
    }
]