[
    {
        "type": "message",
        "user": "U0NFATETV",
        "text": "So, who's down to work on the next HW?",
        "ts": "1459440349.000002"
    },
    {
        "type": "message",
        "user": "U0KN45G2W",
        "text": "When is it due? next Wednesday or Monday?",
        "ts": "1459448631.000002"
    },
    {
        "type": "message",
        "user": "U0NFATETV",
        "text": "Wednesday I believe",
        "ts": "1459454473.000003"
    },
    {
        "type": "message",
        "user": "U0KN45G2W",
        "text": "I’m down to meet on Monday after class",
        "ts": "1459463722.000002"
    },
    {
        "type": "message",
        "user": "U06TD3AUW",
        "text": "I got another class right after, but if yall are still working on it after 5, I'll join in",
        "ts": "1459476770.000003"
    },
    {
        "type": "message",
        "user": "U0NFATETV",
        "text": "I've actually got class right after as well. Any way we could work on it prior? I'll be on campus from 8-2 with nothing to do",
        "ts": "1459477925.000004"
    }
]