[
    {
        "type": "message",
        "user": "U06TD3AUW",
        "text": "so what did you guys think?",
        "ts": "1457559257.000002"
    },
    {
        "type": "message",
        "user": "U0L7GN8HM",
        "text": "So. Many. Interruptions. ",
        "ts": "1457559275.000003"
    },
    {
        "type": "message",
        "user": "U0KN45G2W",
        "text": "I went to talk to the department",
        "ts": "1457560932.000004"
    },
    {
        "type": "message",
        "user": "U0KN45G2W",
        "text": "the number of interruptions completely derailed my train of thought multiple times, after the 4th one I was so flustered I forgot what a fucking k map was",
        "ts": "1457560959.000005"
    },
    {
        "type": "message",
        "user": "U0KN45G2W",
        "text": "She seriously did a lot more harm than good in her attempts at helping us",
        "ts": "1457560987.000006"
    },
    {
        "type": "message",
        "user": "U0KN45G2W",
        "text": "That question was way harder and more confusing than last year’s midterm",
        "ts": "1457561025.000007"
    },
    {
        "type": "message",
        "user": "U06TD3AUW",
        "text": "Yea the interruptions were pointless. I could understand trying to explain the first time. And maybe even a second time. But from the second time to the last time she BARELY changed her wording to even justify the need to repeat. It wasted so much time. I didn't even get to finish 3 problems",
        "edited": {
            "user": "U06TD3AUW",
            "ts": "1457564468.000000"
        },
        "ts": "1457564408.000008"
    },
    {
        "type": "message",
        "user": "U0KN45G2W",
        "text": "Yeah I would write an email to her explaining that",
        "ts": "1457564988.000010"
    },
    {
        "type": "message",
        "user": "U0KN45G2W",
        "text": "I will be do that",
        "ts": "1457564991.000011"
    },
    {
        "type": "message",
        "user": "U0KN45G2W",
        "text": "The more of us that do, the more she has to realize that this was ultimately her mistake and no one elses",
        "ts": "1457565005.000012"
    },
    {
        "type": "message",
        "user": "U0KN45G2W",
        "text": "She’s a really nice lady so I’d imagine she’s aware of this already, to some extent, at least",
        "ts": "1457565028.000013"
    },
    {
        "type": "message",
        "user": "U06TD3AUW",
        "text": "I sent an email but I honestly don't expect her to do much more than apologize. But hey, we'll see what happens. Better to try than just wish.",
        "ts": "1457583603.000002"
    }
]