[
    {
        "type": "message",
        "user": "U0NFATETV",
        "text": "Anyone want to work on HW#3 this week sometime?",
        "ts": "1456780280.000002"
    },
    {
        "type": "message",
        "user": "U06TD3AUW",
        "text": "I'm free tomorrow, Wednesday and Thursday between 12:20 and 3:30.",
        "ts": "1456789338.000003"
    },
    {
        "type": "message",
        "user": "U0K96PWET",
        "text": "I took the class last semester so if you guys get stuck gimmie a shout",
        "ts": "1456792066.000004",
        "reactions": [
            {
                "name": "+1",
                "users": [
                    "U06TD3AUW"
                ],
                "count": 1
            }
        ]
    }
]