[
    {
        "type": "message",
        "user": "U06TD3AUW",
        "text": "The final vote from the class was that our Final would replace our Midterm (if higher), correct?",
        "ts": "1463269551.000002"
    },
    {
        "type": "message",
        "user": "U06TD3AUW",
        "text": "I keep forgetting",
        "ts": "1463269591.000003"
    },
    {
        "type": "message",
        "user": "U0L7GN8HM",
        "text": "Yes",
        "ts": "1463269643.000004"
    },
    {
        "type": "message",
        "user": "U06TD3AUW",
        "text": "alrighty thanks",
        "ts": "1463269649.000005"
    },
    {
        "type": "message",
        "user": "U06TD3AUW",
        "text": "does she curve tests\/final grades?",
        "ts": "1463269683.000006"
    },
    {
        "type": "message",
        "user": "U0L7GN8HM",
        "text": "Yes she said that the top x% of people will have A's, the next chunk will be B's and so on",
        "ts": "1463269732.000007"
    },
    {
        "type": "message",
        "user": "U06TD3AUW",
        "text": "ah ok",
        "ts": "1463269753.000008"
    },
    {
        "type": "message",
        "user": "U06TD3AUW",
        "text": "whelp",
        "ts": "1463269756.000009"
    },
    {
        "type": "message",
        "user": "U06TD3AUW",
        "text": "no point in calculating my grade then lol",
        "ts": "1463269762.000010"
    },
    {
        "type": "message",
        "user": "U0L7GN8HM",
        "text": "That's what she said back when we got our midterms backanyway",
        "ts": "1463269792.000011"
    },
    {
        "type": "message",
        "user": "U06TD3AUW",
        "text": "hopefully a majority of the class didn't get A's and B's or else a low 90 won't even be an A...",
        "ts": "1463270071.000012"
    },
    {
        "type": "message",
        "user": "U0L7GN8HM",
        "text": "I think she wouldn't do that lol. She said that as a reassurance to people who were worried about their grades after the midterm. She was saying a high B could potentially still be an A",
        "ts": "1463270135.000013"
    },
    {
        "type": "message",
        "user": "U06TD3AUW",
        "text": "ahhh ok good",
        "ts": "1463270211.000014"
    },
    {
        "type": "message",
        "user": "U06TD3AUW",
        "text": "I need an A in this to balance out my expected Assembly grade...",
        "ts": "1463270227.000015"
    }
]