[
    {
        "type": "message",
        "user": "U0NFATETV",
        "text": "I'm going to work on it between 12:20 and 2 today",
        "ts": "1457008134.000002"
    },
    {
        "type": "message",
        "user": "U06TD3AUW",
        "text": "I should be free around then",
        "ts": "1457019688.000002"
    },
    {
        "type": "message",
        "user": "U06TD3AUW",
        "text": "just let me know where you would want to meet up",
        "ts": "1457019704.000003"
    },
    {
        "type": "message",
        "user": "U0NFATETV",
        "text": "So I'm free but I don't know where the other guy I was going to meet up with went",
        "ts": "1457029647.000004"
    }
]