[
    {
        "type": "message",
        "user": "U06TD3AUW",
        "text": "has anyone started the hw?",
        "ts": "1460913947.000002"
    },
    {
        "type": "message",
        "user": "U06TD3AUW",
        "text": "I got most of it done, just need to bump heads together with others to verify that my mealy\/moore questions were done right",
        "ts": "1460923092.000003"
    },
    {
        "type": "message",
        "user": "U06TD3AUW",
        "text": "I can meet with some of you guys tomorrow between 9-11 or 12:20-2",
        "ts": "1460923125.000004"
    },
    {
        "type": "message",
        "user": "U0NFATETV",
        "text": "I will be in the Cs lab at 8 till however long it takes. (Monday)",
        "ts": "1460925478.000005",
        "reactions": [
            {
                "name": "+1",
                "users": [
                    "U06TD3AUW"
                ],
                "count": 1
            }
        ]
    },
    {
        "type": "message",
        "user": "U06TD3AUW",
        "text": "I'll see you there then",
        "ts": "1460925570.000006"
    }
]