[
    {
        "user": "U06TD3AUW",
        "type": "message",
        "subtype": "channel_join",
        "text": "<@U06TD3AUW|jcflinn> has joined the channel",
        "ts": "1453476125.000002"
    },
    {
        "user": "U06TD3AUW",
        "purpose": "Study Group Channel for Lu's Digital Logic Course Spring 2016\nUse for:\n- Scheduling meetups\n- Q&amp;A\n- NO CHEATING (exactly what constitutes as cheating will be listed later)\n- Sharing online resources (no download links please)",
        "type": "message",
        "subtype": "channel_purpose",
        "text": "<@U06TD3AUW|jcflinn> set the channel purpose: Study Group Channel for Lu's Digital Logic Course Spring 2016\nUse for:\n- Scheduling meetups\n- Q&amp;A\n- NO CHEATING (exactly what constitutes as cheating will be listed later)\n- Sharing online resources (no download links please)",
        "ts": "1453476125.000003"
    }
]