[
    {
        "type": "message",
        "user": "U2C6PSUTZ",
        "text": "is there a two way propagation delay for rtt? a delay going out and coming in? or would just just add the propagation delay once?",
        "ts": "1476496776.000002"
    },
    {
        "user": "U0JPHMXGQ",
        "text": "<@U0JPHMXGQ|w_w26> has joined the channel",
        "type": "message",
        "subtype": "channel_join",
        "ts": "1476499839.000003"
    },
    {
        "type": "message",
        "user": "U0JPHMXGQ",
        "text": "I read the question as having propagation delay going both ways, since the ack is probably being sent back the same way the frames came in and there's no reason to think the delay would just disappear by going into the wire another way. I could be wrong, though.",
        "ts": "1476499961.000004",
        "reactions": [
            {
                "name": "+1",
                "users": [
                    "U2C6PSUTZ"
                ],
                "count": 1
            }
        ]
    }
]