[
    {
        "type": "message",
        "user": "U0LFLCQ83",
        "text": "Anyone finished #4 specifically part b? I'm a little confused on the probabilities here, my first instinct was to say that because B is choosing a time slot in a range of 4 and A is choosing only in a range of 2, B has a 1 in 4 chance of choosing a time slot that's the same as A, but isn't this just the probability that they won't collide (not that A will win over B, and THEN collide when A is sending its third frame) or am I over-complicating the problem?",
        "edited": {
            "user": "U0LFLCQ83",
            "ts": "1476578460.000000"
        },
        "ts": "1476576184.000002"
    },
    {
        "type": "message",
        "user": "U0JPHMXGQ",
        "text": "Probability is the range of interest divided by the total range of possibilities. The probability for the range of interest and the prob for outside that range must add up to 1.",
        "ts": "1476577717.000003"
    },
    {
        "type": "message",
        "user": "U0LFLCQ83",
        "text": "That's how I came up with my answer, B has a 1\/4 probability of picking the same time slot as A, but a 3\/4 probability of picking a time slot that is not the same as the one A picks, maybe I'm looking at the problem wrong though?",
        "ts": "1476578325.000004"
    }
]