[
    {
        "type": "message",
        "user": "U2A88PJ3X",
        "text": "Thoughts on the test?",
        "ts": "1476899046.000002",
        "reactions": [
            {
                "name": "no_mouth",
                "users": [
                    "U2C6PSUTZ"
                ],
                "count": 1
            }
        ]
    },
    {
        "type": "message",
        "user": "U0LPKBHK2",
        "text": ":face_with_rolling_eyes: ",
        "ts": "1476903070.000002"
    },
    {
        "type": "message",
        "user": "U0LPKBHK2",
        "text": "I now know how to study for the final",
        "ts": "1476903171.000003"
    },
    {
        "type": "message",
        "user": "U0LPKBHK2",
        "text": "Wish it wasn't 30% of total grade tho",
        "ts": "1476903199.000004"
    },
    {
        "type": "message",
        "user": "U2A88PJ3X",
        "text": "I thought the questions were pretty tricky. Yeah 30% is a steep learning curve.",
        "ts": "1476910223.000002"
    },
    {
        "type": "message",
        "user": "U0LPKBHK2",
        "text": "He should have had 2 midterms... so that we could make up for some lost points in this one ",
        "ts": "1476918514.000002"
    }
]