[
    {
        "type": "message",
        "user": "U0LFLCQ83",
        "text": "<!channel>, Hey everyone, I missed a little bit of class during the IP\/TCP stuff, did we ever go over DHCP, or did he skip that and go straight from Addressing &amp; BGP to TCP?",
        "ts": "1481654256.000002"
    },
    {
        "type": "message",
        "user": "U0LPKBHK2",
        "text": "I don't recall dhcp being covered in class ",
        "ts": "1481654928.000003"
    },
    {
        "type": "message",
        "user": "U0LFLCQ83",
        "text": "Awesome thanks! Btw I've been writing a pretty comprehensive outline of what we covered during the second half of the class if anyone is interested in using it to help get a rough idea of what to study? It's a OneNote document and I'm not done with it yet, haven't done TCP or application layer yet",
        "ts": "1481655275.000004"
    },
    {
        "type": "message",
        "user": "U0LPKBHK2",
        "text": "Please Chris, it's not even a question! Share whatever you have!",
        "ts": "1481656826.000005"
    },
    {
        "type": "message",
        "user": "U0LPKBHK2",
        "text": "maybe create a google doc asap and share for contribution there... we all can chime in if we feel like the need to add some missing info.",
        "ts": "1481656928.000006"
    },
    {
        "type": "message",
        "user": "U0LFLCQ83",
        "text": "Sure! Give me just a little bit and I'll export it to a Google Doc",
        "ts": "1481657147.000007"
    },
    {
        "type": "message",
        "user": "U0LPKBHK2",
        "text": "Thank you",
        "ts": "1481657750.000008"
    },
    {
        "type": "message",
        "user": "U0LFLCQ83",
        "text": "So I tried to upload it to a google doc but it wouldn't let me edit it and I didn't want to have to copy\/paste and reformat. But luckily we get free access to OneNote online through the school so I made an editable link, just click on it and when it asks you to sign in put in your texas state email and it'll ask if it's work\/personal, pick work and it'll let you sign in through texas state",
        "ts": "1481659184.000009"
    },
    {
        "type": "message",
        "user": "U0LFLCQ83",
        "text": "<https:\/\/goo.gl\/MSlxym>",
        "ts": "1481659187.000010"
    },
    {
        "type": "message",
        "user": "U0LFLCQ83",
        "text": "Feel free to add\/change whatever y'all feel like should be!",
        "ts": "1481659263.000011"
    },
    {
        "type": "message",
        "user": "U0LFLCQ83",
        "text": "Especially for CIDR, I know how to do it, but not how to explain it",
        "ts": "1481659314.000012"
    },
    {
        "type": "message",
        "user": "U0LPKBHK2",
        "text": "Here's a link to google docs. i copy pasted it here. instant collaboration",
        "ts": "1481660264.000013"
    },
    {
        "type": "message",
        "user": "U0LPKBHK2",
        "text": "<https:\/\/docs.google.com\/document\/d\/1gL3iDHM4U3Ga19J4F11Xt0N5dOIS-DvZJE9oLCDpMPs\/edit?usp=sharing>",
        "ts": "1481660266.000014"
    },
    {
        "type": "message",
        "user": "U0LPKBHK2",
        "text": "Hey sorry Chris, I haven't read your previous comment about google docs, so boo",
        "ts": "1481660371.000016"
    },
    {
        "type": "message",
        "user": "U0LPKBHK2",
        "text": "sorry dude",
        "ts": "1481660377.000017"
    },
    {
        "type": "message",
        "user": "U0LFLCQ83",
        "text": "No worries I was just lazy 8 thought I would have to do a bunch of reformatting :joy:",
        "ts": "1481660564.000018"
    },
    {
        "type": "message",
        "user": "U0LPKBHK2",
        "text": "lol",
        "ts": "1481660599.000019"
    },
    {
        "type": "message",
        "user": "U0LPKBHK2",
        "text": "the link will let you edit, and would be great if you edited it straight in that link, help yourself, and help others at the same time, you're killing 2 bunnies at once!",
        "ts": "1481660658.000020"
    },
    {
        "type": "message",
        "user": "U0LPKBHK2",
        "text": "Thank you Chris",
        "ts": "1481660664.000021"
    },
    {
        "type": "message",
        "user": "U0LFLCQ83",
        "text": "Gotcha, I'm grabbing some lunch real quick and then I'll come back and finish it up! ",
        "ts": "1481661085.000022"
    },
    {
        "type": "message",
        "user": "U0LPKBHK2",
        "text": "are you on campus?",
        "ts": "1481661568.000023"
    },
    {
        "type": "message",
        "user": "U0LFLCQ83",
        "text": "Nah I'm studying at my apartment, I'm taking care of my roommate's dog",
        "ts": "1481662260.000024"
    },
    {
        "type": "message",
        "user": "U0LPKBHK2",
        "text": "bring it to alike they have a ton of sitters here",
        "ts": "1481662351.000025"
    },
    {
        "type": "message",
        "user": "U0LPKBHK2",
        "text": "ALKEK not alike",
        "ts": "1481662368.000026"
    },
    {
        "type": "message",
        "user": "U0LFLCQ83",
        "text": "Omg really? Alright I'll text her and see what she says about that",
        "ts": "1481662526.000027"
    },
    {
        "type": "message",
        "user": "U0LFLCQ83",
        "text": "<!channel>, does anyone have the notes for when he talked about TCP sliding window? I missed that day",
        "ts": "1481673257.000030"
    },
    {
        "type": "message",
        "subtype": "file_share",
        "text": "<@U06T5A5KK|bikinavisho> uploaded a file: <https:\/\/txstatecs.slack.com\/files\/bikinavisho\/F3EHT0BRA\/slack_for_ios_upload.jpg|Slack for iOS Upload>",
        "file": {
            "id": "F3EHT0BRA",
            "created": 1481687729,
            "timestamp": 1481687729,
            "name": "Slack for iOS Upload.jpg",
            "title": "Slack for iOS Upload",
            "mimetype": "image\/jpeg",
            "filetype": "jpg",
            "pretty_type": "JPEG",
            "user": "U06T5A5KK",
            "editable": false,
            "size": 2429216,
            "mode": "hosted",
            "is_external": false,
            "external_type": "",
            "is_public": true,
            "public_url_shared": false,
            "display_as_bot": false,
            "username": "",
            "url_private": "https:\/\/files.slack.com\/files-pri\/T06STEZ2L-F3EHT0BRA\/slack_for_ios_upload.jpg?t=xoxe-6911509088-177219117537-177786475698-c3d3bb179c",
            "url_private_download": "https:\/\/files.slack.com\/files-pri\/T06STEZ2L-F3EHT0BRA\/download\/slack_for_ios_upload.jpg?t=xoxe-6911509088-177219117537-177786475698-c3d3bb179c",
            "thumb_64": "https:\/\/files.slack.com\/files-tmb\/T06STEZ2L-F3EHT0BRA-112ddc8625\/slack_for_ios_upload_64.jpg?t=xoxe-6911509088-177219117537-177786475698-c3d3bb179c",
            "thumb_80": "https:\/\/files.slack.com\/files-tmb\/T06STEZ2L-F3EHT0BRA-112ddc8625\/slack_for_ios_upload_80.jpg?t=xoxe-6911509088-177219117537-177786475698-c3d3bb179c",
            "thumb_360": "https:\/\/files.slack.com\/files-tmb\/T06STEZ2L-F3EHT0BRA-112ddc8625\/slack_for_ios_upload_360.jpg?t=xoxe-6911509088-177219117537-177786475698-c3d3bb179c",
            "thumb_360_w": 270,
            "thumb_360_h": 360,
            "thumb_480": "https:\/\/files.slack.com\/files-tmb\/T06STEZ2L-F3EHT0BRA-112ddc8625\/slack_for_ios_upload_480.jpg?t=xoxe-6911509088-177219117537-177786475698-c3d3bb179c",
            "thumb_480_w": 360,
            "thumb_480_h": 480,
            "thumb_160": "https:\/\/files.slack.com\/files-tmb\/T06STEZ2L-F3EHT0BRA-112ddc8625\/slack_for_ios_upload_160.jpg?t=xoxe-6911509088-177219117537-177786475698-c3d3bb179c",
            "thumb_720": "https:\/\/files.slack.com\/files-tmb\/T06STEZ2L-F3EHT0BRA-112ddc8625\/slack_for_ios_upload_720.jpg?t=xoxe-6911509088-177219117537-177786475698-c3d3bb179c",
            "thumb_720_w": 540,
            "thumb_720_h": 720,
            "thumb_960": "https:\/\/files.slack.com\/files-tmb\/T06STEZ2L-F3EHT0BRA-112ddc8625\/slack_for_ios_upload_960.jpg?t=xoxe-6911509088-177219117537-177786475698-c3d3bb179c",
            "thumb_960_w": 720,
            "thumb_960_h": 960,
            "thumb_1024": "https:\/\/files.slack.com\/files-tmb\/T06STEZ2L-F3EHT0BRA-112ddc8625\/slack_for_ios_upload_1024.jpg?t=xoxe-6911509088-177219117537-177786475698-c3d3bb179c",
            "thumb_1024_w": 768,
            "thumb_1024_h": 1024,
            "image_exif_rotation": 1,
            "original_w": 4032,
            "original_h": 3024,
            "permalink": "https:\/\/txstatecs.slack.com\/files\/bikinavisho\/F3EHT0BRA\/slack_for_ios_upload.jpg",
            "permalink_public": "https:\/\/slack-files.com\/T06STEZ2L-F3EHT0BRA-aab81867c3",
            "channels": [
                "C2C3BL6GH"
            ],
            "groups": [],
            "ims": [],
            "comments_count": 0
        },
        "user": "U06T5A5KK",
        "upload": true,
        "display_as_bot": false,
        "username": "bikinavisho",
        "bot_id": null,
        "ts": "1481687738.000031"
    },
    {
        "type": "message",
        "subtype": "file_share",
        "text": "<@U06T5A5KK|bikinavisho> uploaded a file: <https:\/\/txstatecs.slack.com\/files\/bikinavisho\/F3DQZSSC9\/slack_for_ios_upload.jpg|Slack for iOS Upload>",
        "file": {
            "id": "F3DQZSSC9",
            "created": 1481687755,
            "timestamp": 1481687755,
            "name": "Slack for iOS Upload.jpg",
            "title": "Slack for iOS Upload",
            "mimetype": "image\/jpeg",
            "filetype": "jpg",
            "pretty_type": "JPEG",
            "user": "U06T5A5KK",
            "editable": false,
            "size": 1909435,
            "mode": "hosted",
            "is_external": false,
            "external_type": "",
            "is_public": true,
            "public_url_shared": false,
            "display_as_bot": false,
            "username": "",
            "url_private": "https:\/\/files.slack.com\/files-pri\/T06STEZ2L-F3DQZSSC9\/slack_for_ios_upload.jpg?t=xoxe-6911509088-177219117537-177786475698-c3d3bb179c",
            "url_private_download": "https:\/\/files.slack.com\/files-pri\/T06STEZ2L-F3DQZSSC9\/download\/slack_for_ios_upload.jpg?t=xoxe-6911509088-177219117537-177786475698-c3d3bb179c",
            "thumb_64": "https:\/\/files.slack.com\/files-tmb\/T06STEZ2L-F3DQZSSC9-04557b95c6\/slack_for_ios_upload_64.jpg?t=xoxe-6911509088-177219117537-177786475698-c3d3bb179c",
            "thumb_80": "https:\/\/files.slack.com\/files-tmb\/T06STEZ2L-F3DQZSSC9-04557b95c6\/slack_for_ios_upload_80.jpg?t=xoxe-6911509088-177219117537-177786475698-c3d3bb179c",
            "thumb_360": "https:\/\/files.slack.com\/files-tmb\/T06STEZ2L-F3DQZSSC9-04557b95c6\/slack_for_ios_upload_360.jpg?t=xoxe-6911509088-177219117537-177786475698-c3d3bb179c",
            "thumb_360_w": 270,
            "thumb_360_h": 360,
            "thumb_480": "https:\/\/files.slack.com\/files-tmb\/T06STEZ2L-F3DQZSSC9-04557b95c6\/slack_for_ios_upload_480.jpg?t=xoxe-6911509088-177219117537-177786475698-c3d3bb179c",
            "thumb_480_w": 360,
            "thumb_480_h": 480,
            "thumb_160": "https:\/\/files.slack.com\/files-tmb\/T06STEZ2L-F3DQZSSC9-04557b95c6\/slack_for_ios_upload_160.jpg?t=xoxe-6911509088-177219117537-177786475698-c3d3bb179c",
            "thumb_720": "https:\/\/files.slack.com\/files-tmb\/T06STEZ2L-F3DQZSSC9-04557b95c6\/slack_for_ios_upload_720.jpg?t=xoxe-6911509088-177219117537-177786475698-c3d3bb179c",
            "thumb_720_w": 540,
            "thumb_720_h": 720,
            "thumb_960": "https:\/\/files.slack.com\/files-tmb\/T06STEZ2L-F3DQZSSC9-04557b95c6\/slack_for_ios_upload_960.jpg?t=xoxe-6911509088-177219117537-177786475698-c3d3bb179c",
            "thumb_960_w": 720,
            "thumb_960_h": 960,
            "thumb_1024": "https:\/\/files.slack.com\/files-tmb\/T06STEZ2L-F3DQZSSC9-04557b95c6\/slack_for_ios_upload_1024.jpg?t=xoxe-6911509088-177219117537-177786475698-c3d3bb179c",
            "thumb_1024_w": 768,
            "thumb_1024_h": 1024,
            "image_exif_rotation": 1,
            "original_w": 4032,
            "original_h": 3024,
            "permalink": "https:\/\/txstatecs.slack.com\/files\/bikinavisho\/F3DQZSSC9\/slack_for_ios_upload.jpg",
            "permalink_public": "https:\/\/slack-files.com\/T06STEZ2L-F3DQZSSC9-73a06faf03",
            "channels": [
                "C2C3BL6GH"
            ],
            "groups": [],
            "ims": [],
            "comments_count": 0
        },
        "user": "U06T5A5KK",
        "upload": true,
        "display_as_bot": false,
        "username": "bikinavisho",
        "bot_id": null,
        "ts": "1481687761.000032"
    },
    {
        "type": "message",
        "subtype": "file_share",
        "text": "<@U06T5A5KK|bikinavisho> uploaded a file: <https:\/\/txstatecs.slack.com\/files\/bikinavisho\/F3EDJ8YGK\/slack_for_ios_upload.jpg|Slack for iOS Upload>",
        "file": {
            "id": "F3EDJ8YGK",
            "created": 1481687776,
            "timestamp": 1481687776,
            "name": "Slack for iOS Upload.jpg",
            "title": "Slack for iOS Upload",
            "mimetype": "image\/jpeg",
            "filetype": "jpg",
            "pretty_type": "JPEG",
            "user": "U06T5A5KK",
            "editable": false,
            "size": 1952787,
            "mode": "hosted",
            "is_external": false,
            "external_type": "",
            "is_public": true,
            "public_url_shared": false,
            "display_as_bot": false,
            "username": "",
            "url_private": "https:\/\/files.slack.com\/files-pri\/T06STEZ2L-F3EDJ8YGK\/slack_for_ios_upload.jpg?t=xoxe-6911509088-177219117537-177786475698-c3d3bb179c",
            "url_private_download": "https:\/\/files.slack.com\/files-pri\/T06STEZ2L-F3EDJ8YGK\/download\/slack_for_ios_upload.jpg?t=xoxe-6911509088-177219117537-177786475698-c3d3bb179c",
            "thumb_64": "https:\/\/files.slack.com\/files-tmb\/T06STEZ2L-F3EDJ8YGK-85f41ac924\/slack_for_ios_upload_64.jpg?t=xoxe-6911509088-177219117537-177786475698-c3d3bb179c",
            "thumb_80": "https:\/\/files.slack.com\/files-tmb\/T06STEZ2L-F3EDJ8YGK-85f41ac924\/slack_for_ios_upload_80.jpg?t=xoxe-6911509088-177219117537-177786475698-c3d3bb179c",
            "thumb_360": "https:\/\/files.slack.com\/files-tmb\/T06STEZ2L-F3EDJ8YGK-85f41ac924\/slack_for_ios_upload_360.jpg?t=xoxe-6911509088-177219117537-177786475698-c3d3bb179c",
            "thumb_360_w": 270,
            "thumb_360_h": 360,
            "thumb_480": "https:\/\/files.slack.com\/files-tmb\/T06STEZ2L-F3EDJ8YGK-85f41ac924\/slack_for_ios_upload_480.jpg?t=xoxe-6911509088-177219117537-177786475698-c3d3bb179c",
            "thumb_480_w": 360,
            "thumb_480_h": 480,
            "thumb_160": "https:\/\/files.slack.com\/files-tmb\/T06STEZ2L-F3EDJ8YGK-85f41ac924\/slack_for_ios_upload_160.jpg?t=xoxe-6911509088-177219117537-177786475698-c3d3bb179c",
            "thumb_720": "https:\/\/files.slack.com\/files-tmb\/T06STEZ2L-F3EDJ8YGK-85f41ac924\/slack_for_ios_upload_720.jpg?t=xoxe-6911509088-177219117537-177786475698-c3d3bb179c",
            "thumb_720_w": 540,
            "thumb_720_h": 720,
            "thumb_960": "https:\/\/files.slack.com\/files-tmb\/T06STEZ2L-F3EDJ8YGK-85f41ac924\/slack_for_ios_upload_960.jpg?t=xoxe-6911509088-177219117537-177786475698-c3d3bb179c",
            "thumb_960_w": 720,
            "thumb_960_h": 960,
            "thumb_1024": "https:\/\/files.slack.com\/files-tmb\/T06STEZ2L-F3EDJ8YGK-85f41ac924\/slack_for_ios_upload_1024.jpg?t=xoxe-6911509088-177219117537-177786475698-c3d3bb179c",
            "thumb_1024_w": 768,
            "thumb_1024_h": 1024,
            "image_exif_rotation": 1,
            "original_w": 4032,
            "original_h": 3024,
            "permalink": "https:\/\/txstatecs.slack.com\/files\/bikinavisho\/F3EDJ8YGK\/slack_for_ios_upload.jpg",
            "permalink_public": "https:\/\/slack-files.com\/T06STEZ2L-F3EDJ8YGK-0f6d9038b3",
            "channels": [
                "C2C3BL6GH"
            ],
            "groups": [],
            "ims": [],
            "comments_count": 0
        },
        "user": "U06T5A5KK",
        "upload": true,
        "display_as_bot": false,
        "username": "bikinavisho",
        "bot_id": null,
        "ts": "1481687783.000033"
    },
    {
        "type": "message",
        "user": "U06T5A5KK",
        "text": "<@U0LFLCQ83>: Just uploaded pics of my notes from that day ",
        "edited": {
            "user": "U06T5A5KK",
            "ts": "1481687805.000000"
        },
        "ts": "1481687783.000034"
    },
    {
        "type": "message",
        "user": "U0LFLCQ83",
        "text": "<@U06T5A5KK> Legendary! Thank you so much!",
        "ts": "1481687920.000036",
        "reactions": [
            {
                "name": "+1",
                "users": [
                    "U06T5A5KK"
                ],
                "count": 1
            }
        ]
    }
]