[
    {
        "type": "message",
        "user": "U0LFLCQ83",
        "text": "Has anyone finished Assignment 1 for Guirguis yet?",
        "ts": "1474040283.000002"
    },
    {
        "type": "message",
        "user": "U2A88PJ3X",
        "text": "Not yet ",
        "ts": "1474062353.000003"
    },
    {
        "type": "message",
        "user": "U0LFLCQ83",
        "text": "Have you finished #3 yet? I’m a little confused about part C and D, packet 2 only has to wait the transmission time before being sent from A correct? And then, by the time packet 2 fully arrives at X, packet 1 should have already fully transmitted to B meaning that there shouldn’t be any delay before X can begin transmitting packet 2 right?",
        "ts": "1474085858.000002"
    }
]