[
    {
        "type": "message",
        "user": "U0LPKBHK2",
        "text": "Project is due tomorrow @8am. Thanks God! I meant Dr Guirguis :blush:",
        "ts": "1480978521.000002"
    },
    {
        "type": "message",
        "user": "U0LPKBHK2",
        "text": "I don't think anyone has experience with c  ",
        "ts": "1480978545.000003"
    },
    {
        "type": "message",
        "user": "U0LFLCQ83",
        "text": "Does anyone know how to make g++ ouput the executable file to a parent directory?",
        "ts": "1480979543.000004"
    },
    {
        "type": "message",
        "user": "U0LPKBHK2",
        "text": "make file\n.\/file\n\n",
        "ts": "1480984460.000005"
    },
    {
        "type": "message",
        "user": "U0LPKBHK2",
        "text": "To put on remote host from local host:\nput file.c\n\nTo use local host on remote host use l+command(like cd, ls etc.)",
        "ts": "1480984561.000006"
    }
]