[
    {
        "user": "U06TD3AUW",
        "text": "<@U06TD3AUW|jcflinn> has joined the channel",
        "type": "message",
        "subtype": "channel_join",
        "ts": "1473951795.000002"
    },
    {
        "user": "U06TD3AUW",
        "purpose": "CS 4310. Chat with your classmates, arrange meetups, discuss assignments and assessments, and talk about anything directly related to Object Oriented Design and Programming. DO NOT ASK FOR OTHERS' CODE. YOU WILL GET BANNED.",
        "text": "<@U06TD3AUW|jcflinn> set the channel purpose: CS 4310. Chat with your classmates, arrange meetups, discuss assignments and assessments, and talk about anything directly related to Object Oriented Design and Programming. DO NOT ASK FOR OTHERS' CODE. YOU WILL GET BANNED.",
        "type": "message",
        "subtype": "channel_purpose",
        "ts": "1473951795.000003"
    },
    {
        "user": "U0LPKBHK2",
        "inviter": "U06TD3AUW",
        "text": "<@U0LPKBHK2|zina_nugmanova> has joined the channel",
        "type": "message",
        "subtype": "channel_join",
        "ts": "1473951795.000004"
    },
    {
        "user": "U0JPHMXGQ",
        "inviter": "U06TD3AUW",
        "text": "<@U0JPHMXGQ|w_w26> has joined the channel",
        "type": "message",
        "subtype": "channel_join",
        "ts": "1473951795.000005"
    },
    {
        "user": "U06T5A5KK",
        "inviter": "U06TD3AUW",
        "text": "<@U06T5A5KK|bikinavisho> has joined the channel",
        "type": "message",
        "subtype": "channel_join",
        "ts": "1473951796.000006"
    },
    {
        "user": "U0JPHMXGQ",
        "text": "<@U0JPHMXGQ|w_w26> has left the channel",
        "type": "message",
        "subtype": "channel_leave",
        "ts": "1473952608.000007"
    },
    {
        "user": "U2A88PJ3X",
        "inviter": "U06TD3AUW",
        "text": "<@U2A88PJ3X|mikalail> has joined the channel",
        "type": "message",
        "subtype": "channel_join",
        "ts": "1473952617.000008"
    },
    {
        "user": "U0KR9J2HE",
        "text": "<@U0KR9J2HE|switzer1337> has joined the channel",
        "type": "message",
        "subtype": "channel_join",
        "ts": "1473966606.000002"
    },
    {
        "user": "U0LFLCQ83",
        "text": "<@U0LFLCQ83|foytek> has joined the channel",
        "type": "message",
        "subtype": "channel_join",
        "ts": "1473976697.000002"
    }
]