[
    {
        "type": "message",
        "subtype": "file_share",
        "text": "<@U06T5A5KK|bikinavisho> uploaded a file: <https:\/\/txstatecs.slack.com\/files\/bikinavisho\/F2GQ68SRH\/26_notes_pg1.jpg|9\/26 Notes pg1>",
        "file": {
            "id": "F2GQ68SRH",
            "created": 1475037206,
            "timestamp": 1475037206,
            "name": "26 Notes pg1.jpg",
            "title": "9\/26 Notes pg1",
            "mimetype": "image\/jpeg",
            "filetype": "jpg",
            "pretty_type": "JPEG",
            "user": "U06T5A5KK",
            "editable": false,
            "size": 2370327,
            "mode": "hosted",
            "is_external": false,
            "external_type": "",
            "is_public": true,
            "public_url_shared": false,
            "display_as_bot": false,
            "username": "",
            "url_private": "https:\/\/files.slack.com\/files-pri\/T06STEZ2L-F2GQ68SRH\/26_notes_pg1.jpg?t=xoxe-6911509088-177219117537-177786475698-c3d3bb179c",
            "url_private_download": "https:\/\/files.slack.com\/files-pri\/T06STEZ2L-F2GQ68SRH\/download\/26_notes_pg1.jpg?t=xoxe-6911509088-177219117537-177786475698-c3d3bb179c",
            "thumb_64": "https:\/\/files.slack.com\/files-tmb\/T06STEZ2L-F2GQ68SRH-f3dd32ff62\/26_notes_pg1_64.jpg?t=xoxe-6911509088-177219117537-177786475698-c3d3bb179c",
            "thumb_80": "https:\/\/files.slack.com\/files-tmb\/T06STEZ2L-F2GQ68SRH-f3dd32ff62\/26_notes_pg1_80.jpg?t=xoxe-6911509088-177219117537-177786475698-c3d3bb179c",
            "thumb_360": "https:\/\/files.slack.com\/files-tmb\/T06STEZ2L-F2GQ68SRH-f3dd32ff62\/26_notes_pg1_360.jpg?t=xoxe-6911509088-177219117537-177786475698-c3d3bb179c",
            "thumb_360_w": 270,
            "thumb_360_h": 360,
            "thumb_480": "https:\/\/files.slack.com\/files-tmb\/T06STEZ2L-F2GQ68SRH-f3dd32ff62\/26_notes_pg1_480.jpg?t=xoxe-6911509088-177219117537-177786475698-c3d3bb179c",
            "thumb_480_w": 360,
            "thumb_480_h": 480,
            "thumb_160": "https:\/\/files.slack.com\/files-tmb\/T06STEZ2L-F2GQ68SRH-f3dd32ff62\/26_notes_pg1_160.jpg?t=xoxe-6911509088-177219117537-177786475698-c3d3bb179c",
            "thumb_720": "https:\/\/files.slack.com\/files-tmb\/T06STEZ2L-F2GQ68SRH-f3dd32ff62\/26_notes_pg1_720.jpg?t=xoxe-6911509088-177219117537-177786475698-c3d3bb179c",
            "thumb_720_w": 540,
            "thumb_720_h": 720,
            "thumb_960": "https:\/\/files.slack.com\/files-tmb\/T06STEZ2L-F2GQ68SRH-f3dd32ff62\/26_notes_pg1_960.jpg?t=xoxe-6911509088-177219117537-177786475698-c3d3bb179c",
            "thumb_960_w": 720,
            "thumb_960_h": 960,
            "thumb_1024": "https:\/\/files.slack.com\/files-tmb\/T06STEZ2L-F2GQ68SRH-f3dd32ff62\/26_notes_pg1_1024.jpg?t=xoxe-6911509088-177219117537-177786475698-c3d3bb179c",
            "thumb_1024_w": 768,
            "thumb_1024_h": 1024,
            "image_exif_rotation": 1,
            "original_w": 4032,
            "original_h": 3024,
            "permalink": "https:\/\/txstatecs.slack.com\/files\/bikinavisho\/F2GQ68SRH\/26_notes_pg1.jpg",
            "permalink_public": "https:\/\/slack-files.com\/T06STEZ2L-F2GQ68SRH-9928e8e479",
            "channels": [
                "C2C3BL6GH"
            ],
            "groups": [],
            "ims": [],
            "comments_count": 0
        },
        "user": "U06T5A5KK",
        "upload": true,
        "display_as_bot": false,
        "username": "bikinavisho",
        "bot_id": null,
        "ts": "1475037212.000002"
    },
    {
        "type": "message",
        "subtype": "file_share",
        "text": "<@U06T5A5KK|bikinavisho> uploaded a file: <https:\/\/txstatecs.slack.com\/files\/bikinavisho\/F2GS5ATGS\/26_notes_pg2.jpg|9\/26 notes pg2>",
        "file": {
            "id": "F2GS5ATGS",
            "created": 1475037234,
            "timestamp": 1475037234,
            "name": "26 notes pg2.jpg",
            "title": "9\/26 notes pg2",
            "mimetype": "image\/jpeg",
            "filetype": "jpg",
            "pretty_type": "JPEG",
            "user": "U06T5A5KK",
            "editable": false,
            "size": 2170441,
            "mode": "hosted",
            "is_external": false,
            "external_type": "",
            "is_public": true,
            "public_url_shared": false,
            "display_as_bot": false,
            "username": "",
            "url_private": "https:\/\/files.slack.com\/files-pri\/T06STEZ2L-F2GS5ATGS\/26_notes_pg2.jpg?t=xoxe-6911509088-177219117537-177786475698-c3d3bb179c",
            "url_private_download": "https:\/\/files.slack.com\/files-pri\/T06STEZ2L-F2GS5ATGS\/download\/26_notes_pg2.jpg?t=xoxe-6911509088-177219117537-177786475698-c3d3bb179c",
            "thumb_64": "https:\/\/files.slack.com\/files-tmb\/T06STEZ2L-F2GS5ATGS-b93e38122a\/26_notes_pg2_64.jpg?t=xoxe-6911509088-177219117537-177786475698-c3d3bb179c",
            "thumb_80": "https:\/\/files.slack.com\/files-tmb\/T06STEZ2L-F2GS5ATGS-b93e38122a\/26_notes_pg2_80.jpg?t=xoxe-6911509088-177219117537-177786475698-c3d3bb179c",
            "thumb_360": "https:\/\/files.slack.com\/files-tmb\/T06STEZ2L-F2GS5ATGS-b93e38122a\/26_notes_pg2_360.jpg?t=xoxe-6911509088-177219117537-177786475698-c3d3bb179c",
            "thumb_360_w": 270,
            "thumb_360_h": 360,
            "thumb_480": "https:\/\/files.slack.com\/files-tmb\/T06STEZ2L-F2GS5ATGS-b93e38122a\/26_notes_pg2_480.jpg?t=xoxe-6911509088-177219117537-177786475698-c3d3bb179c",
            "thumb_480_w": 360,
            "thumb_480_h": 480,
            "thumb_160": "https:\/\/files.slack.com\/files-tmb\/T06STEZ2L-F2GS5ATGS-b93e38122a\/26_notes_pg2_160.jpg?t=xoxe-6911509088-177219117537-177786475698-c3d3bb179c",
            "thumb_720": "https:\/\/files.slack.com\/files-tmb\/T06STEZ2L-F2GS5ATGS-b93e38122a\/26_notes_pg2_720.jpg?t=xoxe-6911509088-177219117537-177786475698-c3d3bb179c",
            "thumb_720_w": 540,
            "thumb_720_h": 720,
            "thumb_960": "https:\/\/files.slack.com\/files-tmb\/T06STEZ2L-F2GS5ATGS-b93e38122a\/26_notes_pg2_960.jpg?t=xoxe-6911509088-177219117537-177786475698-c3d3bb179c",
            "thumb_960_w": 720,
            "thumb_960_h": 960,
            "thumb_1024": "https:\/\/files.slack.com\/files-tmb\/T06STEZ2L-F2GS5ATGS-b93e38122a\/26_notes_pg2_1024.jpg?t=xoxe-6911509088-177219117537-177786475698-c3d3bb179c",
            "thumb_1024_w": 768,
            "thumb_1024_h": 1024,
            "image_exif_rotation": 1,
            "original_w": 4032,
            "original_h": 3024,
            "permalink": "https:\/\/txstatecs.slack.com\/files\/bikinavisho\/F2GS5ATGS\/26_notes_pg2.jpg",
            "permalink_public": "https:\/\/slack-files.com\/T06STEZ2L-F2GS5ATGS-6ff3b37d5c",
            "channels": [
                "C2C3BL6GH"
            ],
            "groups": [],
            "ims": [],
            "comments_count": 0
        },
        "user": "U06T5A5KK",
        "upload": true,
        "display_as_bot": false,
        "username": "bikinavisho",
        "bot_id": null,
        "ts": "1475037240.000003"
    },
    {
        "type": "message",
        "subtype": "file_share",
        "text": "<@U06T5A5KK|bikinavisho> uploaded a file: <https:\/\/txstatecs.slack.com\/files\/bikinavisho\/F2GRJQQAG\/26_notes_pg3.jpg|9\/26 notes pg3>",
        "file": {
            "id": "F2GRJQQAG",
            "created": 1475037258,
            "timestamp": 1475037258,
            "name": "26 notes pg3.jpg",
            "title": "9\/26 notes pg3",
            "mimetype": "image\/jpeg",
            "filetype": "jpg",
            "pretty_type": "JPEG",
            "user": "U06T5A5KK",
            "editable": false,
            "size": 2429627,
            "mode": "hosted",
            "is_external": false,
            "external_type": "",
            "is_public": true,
            "public_url_shared": false,
            "display_as_bot": false,
            "username": "",
            "url_private": "https:\/\/files.slack.com\/files-pri\/T06STEZ2L-F2GRJQQAG\/26_notes_pg3.jpg?t=xoxe-6911509088-177219117537-177786475698-c3d3bb179c",
            "url_private_download": "https:\/\/files.slack.com\/files-pri\/T06STEZ2L-F2GRJQQAG\/download\/26_notes_pg3.jpg?t=xoxe-6911509088-177219117537-177786475698-c3d3bb179c",
            "thumb_64": "https:\/\/files.slack.com\/files-tmb\/T06STEZ2L-F2GRJQQAG-9d90700fcb\/26_notes_pg3_64.jpg?t=xoxe-6911509088-177219117537-177786475698-c3d3bb179c",
            "thumb_80": "https:\/\/files.slack.com\/files-tmb\/T06STEZ2L-F2GRJQQAG-9d90700fcb\/26_notes_pg3_80.jpg?t=xoxe-6911509088-177219117537-177786475698-c3d3bb179c",
            "thumb_360": "https:\/\/files.slack.com\/files-tmb\/T06STEZ2L-F2GRJQQAG-9d90700fcb\/26_notes_pg3_360.jpg?t=xoxe-6911509088-177219117537-177786475698-c3d3bb179c",
            "thumb_360_w": 270,
            "thumb_360_h": 360,
            "thumb_480": "https:\/\/files.slack.com\/files-tmb\/T06STEZ2L-F2GRJQQAG-9d90700fcb\/26_notes_pg3_480.jpg?t=xoxe-6911509088-177219117537-177786475698-c3d3bb179c",
            "thumb_480_w": 360,
            "thumb_480_h": 480,
            "thumb_160": "https:\/\/files.slack.com\/files-tmb\/T06STEZ2L-F2GRJQQAG-9d90700fcb\/26_notes_pg3_160.jpg?t=xoxe-6911509088-177219117537-177786475698-c3d3bb179c",
            "thumb_720": "https:\/\/files.slack.com\/files-tmb\/T06STEZ2L-F2GRJQQAG-9d90700fcb\/26_notes_pg3_720.jpg?t=xoxe-6911509088-177219117537-177786475698-c3d3bb179c",
            "thumb_720_w": 540,
            "thumb_720_h": 720,
            "thumb_960": "https:\/\/files.slack.com\/files-tmb\/T06STEZ2L-F2GRJQQAG-9d90700fcb\/26_notes_pg3_960.jpg?t=xoxe-6911509088-177219117537-177786475698-c3d3bb179c",
            "thumb_960_w": 720,
            "thumb_960_h": 960,
            "thumb_1024": "https:\/\/files.slack.com\/files-tmb\/T06STEZ2L-F2GRJQQAG-9d90700fcb\/26_notes_pg3_1024.jpg?t=xoxe-6911509088-177219117537-177786475698-c3d3bb179c",
            "thumb_1024_w": 768,
            "thumb_1024_h": 1024,
            "image_exif_rotation": 1,
            "original_w": 4032,
            "original_h": 3024,
            "permalink": "https:\/\/txstatecs.slack.com\/files\/bikinavisho\/F2GRJQQAG\/26_notes_pg3.jpg",
            "permalink_public": "https:\/\/slack-files.com\/T06STEZ2L-F2GRJQQAG-742cef8964",
            "channels": [
                "C2C3BL6GH"
            ],
            "groups": [],
            "ims": [],
            "comments_count": 0
        },
        "user": "U06T5A5KK",
        "upload": true,
        "display_as_bot": false,
        "username": "bikinavisho",
        "bot_id": null,
        "ts": "1475037264.000004"
    },
    {
        "type": "message",
        "subtype": "file_share",
        "text": "<@U06T5A5KK|bikinavisho> uploaded a file: <https:\/\/txstatecs.slack.com\/files\/bikinavisho\/F2GS5FPBL\/26_notes_pg4.jpg|9\/26 notes pg4>",
        "file": {
            "id": "F2GS5FPBL",
            "created": 1475037293,
            "timestamp": 1475037293,
            "name": "26 notes pg4.jpg",
            "title": "9\/26 notes pg4",
            "mimetype": "image\/jpeg",
            "filetype": "jpg",
            "pretty_type": "JPEG",
            "user": "U06T5A5KK",
            "editable": false,
            "size": 2267944,
            "mode": "hosted",
            "is_external": false,
            "external_type": "",
            "is_public": true,
            "public_url_shared": false,
            "display_as_bot": false,
            "username": "",
            "url_private": "https:\/\/files.slack.com\/files-pri\/T06STEZ2L-F2GS5FPBL\/26_notes_pg4.jpg?t=xoxe-6911509088-177219117537-177786475698-c3d3bb179c",
            "url_private_download": "https:\/\/files.slack.com\/files-pri\/T06STEZ2L-F2GS5FPBL\/download\/26_notes_pg4.jpg?t=xoxe-6911509088-177219117537-177786475698-c3d3bb179c",
            "thumb_64": "https:\/\/files.slack.com\/files-tmb\/T06STEZ2L-F2GS5FPBL-c1f525327e\/26_notes_pg4_64.jpg?t=xoxe-6911509088-177219117537-177786475698-c3d3bb179c",
            "thumb_80": "https:\/\/files.slack.com\/files-tmb\/T06STEZ2L-F2GS5FPBL-c1f525327e\/26_notes_pg4_80.jpg?t=xoxe-6911509088-177219117537-177786475698-c3d3bb179c",
            "thumb_360": "https:\/\/files.slack.com\/files-tmb\/T06STEZ2L-F2GS5FPBL-c1f525327e\/26_notes_pg4_360.jpg?t=xoxe-6911509088-177219117537-177786475698-c3d3bb179c",
            "thumb_360_w": 270,
            "thumb_360_h": 360,
            "thumb_480": "https:\/\/files.slack.com\/files-tmb\/T06STEZ2L-F2GS5FPBL-c1f525327e\/26_notes_pg4_480.jpg?t=xoxe-6911509088-177219117537-177786475698-c3d3bb179c",
            "thumb_480_w": 360,
            "thumb_480_h": 480,
            "thumb_160": "https:\/\/files.slack.com\/files-tmb\/T06STEZ2L-F2GS5FPBL-c1f525327e\/26_notes_pg4_160.jpg?t=xoxe-6911509088-177219117537-177786475698-c3d3bb179c",
            "thumb_720": "https:\/\/files.slack.com\/files-tmb\/T06STEZ2L-F2GS5FPBL-c1f525327e\/26_notes_pg4_720.jpg?t=xoxe-6911509088-177219117537-177786475698-c3d3bb179c",
            "thumb_720_w": 540,
            "thumb_720_h": 720,
            "thumb_960": "https:\/\/files.slack.com\/files-tmb\/T06STEZ2L-F2GS5FPBL-c1f525327e\/26_notes_pg4_960.jpg?t=xoxe-6911509088-177219117537-177786475698-c3d3bb179c",
            "thumb_960_w": 720,
            "thumb_960_h": 960,
            "thumb_1024": "https:\/\/files.slack.com\/files-tmb\/T06STEZ2L-F2GS5FPBL-c1f525327e\/26_notes_pg4_1024.jpg?t=xoxe-6911509088-177219117537-177786475698-c3d3bb179c",
            "thumb_1024_w": 768,
            "thumb_1024_h": 1024,
            "image_exif_rotation": 1,
            "original_w": 4032,
            "original_h": 3024,
            "permalink": "https:\/\/txstatecs.slack.com\/files\/bikinavisho\/F2GS5FPBL\/26_notes_pg4.jpg",
            "permalink_public": "https:\/\/slack-files.com\/T06STEZ2L-F2GS5FPBL-ac60c5dfa5",
            "channels": [
                "C2C3BL6GH"
            ],
            "groups": [],
            "ims": [],
            "comments_count": 0
        },
        "user": "U06T5A5KK",
        "upload": true,
        "display_as_bot": false,
        "username": "bikinavisho",
        "bot_id": null,
        "ts": "1475037298.000005"
    },
    {
        "type": "message",
        "user": "U06T5A5KK",
        "text": "<@U0LPKBHK2>:  Sorry that the pencil is so faint I guess I don't write very hard :sweat:",
        "edited": {
            "user": "U06T5A5KK",
            "ts": "1475037405.000000"
        },
        "ts": "1475037319.000006"
    },
    {
        "type": "message",
        "user": "U06T5A5KK",
        "text": "Most of the stuff he covers in class is also covered fairly well in the assigned reading sections of the textbook ",
        "ts": "1475037358.000007"
    }
]