[
    {
        "type": "message",
        "user": "U0JPHMXGQ",
        "text": "I'll go over mine again",
        "ts": "1476660863.000006"
    },
    {
        "type": "message",
        "user": "U0JPHMXGQ",
        "text": "I'd included both A's range and B's range in the total range, making the denominator 5",
        "ts": "1476661828.000007"
    },
    {
        "type": "message",
        "user": "U0LPKBHK2",
        "text": "Why not 8?",
        "ts": "1476662309.000008"
    },
    {
        "type": "message",
        "user": "U0JPHMXGQ",
        "text": "I'd decided that A's range wasn't increasing, since double of 0 is 0. Late night, good chance I'm wrong",
        "ts": "1476662486.000009"
    },
    {
        "type": "message",
        "user": "U0JPHMXGQ",
        "text": "Does a node that successfully re-transmits after a collision increase its backoff range? Part (a) implies that they might be different.",
        "ts": "1476663929.000010"
    },
    {
        "type": "message",
        "user": "U0JPHMXGQ",
        "text": "A and B could have different ranges, I mean",
        "ts": "1476663950.000011"
    },
    {
        "type": "message",
        "user": "U0JPHMXGQ",
        "text": "wikipedia states that both ranges advance. Sorry ya'll",
        "ts": "1476664251.000012"
    },
    {
        "user": "U0JPHMXGQ",
        "text": "<@U0JPHMXGQ|w_w26> has left the channel",
        "type": "message",
        "subtype": "channel_leave",
        "ts": "1476666416.000013"
    },
    {
        "user": "U0JPHMXGQ",
        "text": "<@U0JPHMXGQ|w_w26> has joined the channel",
        "type": "message",
        "subtype": "channel_join",
        "ts": "1476669203.000014"
    }
]