[
    {
        "user": "U06TD3AUW",
        "text": "<@U06TD3AUW|jcflinn> has joined the channel",
        "type": "message",
        "subtype": "channel_join",
        "ts": "1486522644.000002"
    },
    {
        "user": "U1P0V3T7D",
        "inviter": "U06TD3AUW",
        "text": "<@U1P0V3T7D|kaylasayth> has joined the channel",
        "type": "message",
        "subtype": "channel_join",
        "ts": "1486522644.000003"
    },
    {
        "user": "U0NFATETV",
        "inviter": "U06TD3AUW",
        "text": "<@U0NFATETV|jmc352> has joined the channel",
        "type": "message",
        "subtype": "channel_join",
        "ts": "1486522644.000004"
    },
    {
        "user": "U0NN52QJ0",
        "inviter": "U06TD3AUW",
        "text": "<@U0NN52QJ0|millernerd> has joined the channel",
        "type": "message",
        "subtype": "channel_join",
        "ts": "1486522644.000005"
    },
    {
        "user": "U0L7GN8HM",
        "inviter": "U06TD3AUW",
        "text": "<@U0L7GN8HM|bjc116> has joined the channel",
        "type": "message",
        "subtype": "channel_join",
        "ts": "1486522644.000006"
    },
    {
        "user": "U06TD3AUW",
        "purpose": "CS 4332. Chat with your classmates, arrange meetups, discuss assignments and assessments, and talk about anything directly related to Intro to Databases. DO NOT ASK FOR OTHERS' CODE. YOU WILL GET BANNED.",
        "text": "<@U06TD3AUW|jcflinn> set the channel purpose: CS 4332. Chat with your classmates, arrange meetups, discuss assignments and assessments, and talk about anything directly related to Intro to Databases. DO NOT ASK FOR OTHERS' CODE. YOU WILL GET BANNED.",
        "type": "message",
        "subtype": "channel_purpose",
        "ts": "1486522740.000007"
    }
]