[
    {
        "type": "message",
        "user": "U06TD3AUW",
        "text": "If anyone wants to study for the exam tonight, I'll be in the linux lab from 5-class start",
        "ts": "1493148590.501681"
    },
    {
        "type": "message",
        "user": "U2A7YB3M0",
        "text": "I may join ",
        "ts": "1493148914.589775"
    },
    {
        "type": "message",
        "user": "U2A7YB3M0",
        "text": "What r u planning on studying? I've just been going over some of the projects, notes and handouts ",
        "ts": "1493148961.602340"
    },
    {
        "type": "message",
        "user": "U06TD3AUW",
        "text": "Just pretty much going over main topics\n- Definitions\n- SQL queries\n- Normalization\n- All diagrams\n- etc",
        "ts": "1493149151.652737"
    }
]