[
    {
        "type": "message",
        "subtype": "file_share",
        "text": "<@U06TD3AUW|jcflinn> uploaded a file: <https:\/\/txstatecs.slack.com\/files\/jcflinn\/F4MNV68G2\/win_20170321_19_03_12_pro.jpg|Missing Diagram from midterm>",
        "file": {
            "id": "F4MNV68G2",
            "created": 1490141069,
            "timestamp": 1490141069,
            "name": "WIN_20170321_19_03_12_Pro.jpg",
            "title": "Missing Diagram from midterm",
            "mimetype": "image\/jpeg",
            "filetype": "jpg",
            "pretty_type": "JPEG",
            "user": "U06TD3AUW",
            "editable": false,
            "size": 1947884,
            "mode": "hosted",
            "is_external": false,
            "external_type": "",
            "is_public": true,
            "public_url_shared": false,
            "display_as_bot": false,
            "username": "",
            "url_private": "https:\/\/files.slack.com\/files-pri\/T06STEZ2L-F4MNV68G2\/win_20170321_19_03_12_pro.jpg?t=xoxe-6911509088-177219117537-177786475698-c3d3bb179c",
            "url_private_download": "https:\/\/files.slack.com\/files-pri\/T06STEZ2L-F4MNV68G2\/download\/win_20170321_19_03_12_pro.jpg?t=xoxe-6911509088-177219117537-177786475698-c3d3bb179c",
            "thumb_64": "https:\/\/files.slack.com\/files-tmb\/T06STEZ2L-F4MNV68G2-3e44fa2bfb\/win_20170321_19_03_12_pro_64.jpg?t=xoxe-6911509088-177219117537-177786475698-c3d3bb179c",
            "thumb_80": "https:\/\/files.slack.com\/files-tmb\/T06STEZ2L-F4MNV68G2-3e44fa2bfb\/win_20170321_19_03_12_pro_80.jpg?t=xoxe-6911509088-177219117537-177786475698-c3d3bb179c",
            "thumb_360": "https:\/\/files.slack.com\/files-tmb\/T06STEZ2L-F4MNV68G2-3e44fa2bfb\/win_20170321_19_03_12_pro_360.jpg?t=xoxe-6911509088-177219117537-177786475698-c3d3bb179c",
            "thumb_360_w": 360,
            "thumb_360_h": 203,
            "thumb_480": "https:\/\/files.slack.com\/files-tmb\/T06STEZ2L-F4MNV68G2-3e44fa2bfb\/win_20170321_19_03_12_pro_480.jpg?t=xoxe-6911509088-177219117537-177786475698-c3d3bb179c",
            "thumb_480_w": 480,
            "thumb_480_h": 270,
            "thumb_160": "https:\/\/files.slack.com\/files-tmb\/T06STEZ2L-F4MNV68G2-3e44fa2bfb\/win_20170321_19_03_12_pro_160.jpg?t=xoxe-6911509088-177219117537-177786475698-c3d3bb179c",
            "thumb_720": "https:\/\/files.slack.com\/files-tmb\/T06STEZ2L-F4MNV68G2-3e44fa2bfb\/win_20170321_19_03_12_pro_720.jpg?t=xoxe-6911509088-177219117537-177786475698-c3d3bb179c",
            "thumb_720_w": 720,
            "thumb_720_h": 405,
            "thumb_960": "https:\/\/files.slack.com\/files-tmb\/T06STEZ2L-F4MNV68G2-3e44fa2bfb\/win_20170321_19_03_12_pro_960.jpg?t=xoxe-6911509088-177219117537-177786475698-c3d3bb179c",
            "thumb_960_w": 960,
            "thumb_960_h": 540,
            "thumb_1024": "https:\/\/files.slack.com\/files-tmb\/T06STEZ2L-F4MNV68G2-3e44fa2bfb\/win_20170321_19_03_12_pro_1024.jpg?t=xoxe-6911509088-177219117537-177786475698-c3d3bb179c",
            "thumb_1024_w": 1024,
            "thumb_1024_h": 576,
            "image_exif_rotation": 1,
            "original_w": 3264,
            "original_h": 1836,
            "permalink": "https:\/\/txstatecs.slack.com\/files\/jcflinn\/F4MNV68G2\/win_20170321_19_03_12_pro.jpg",
            "permalink_public": "https:\/\/slack-files.com\/T06STEZ2L-F4MNV68G2-676f7b3bc2",
            "channels": [
                "C41N6NBJ4"
            ],
            "groups": [],
            "ims": [],
            "comments_count": 0
        },
        "user": "U06TD3AUW",
        "upload": true,
        "display_as_bot": false,
        "username": "jcflinn",
        "bot_id": null,
        "ts": "1490141072.586096"
    },
    {
        "type": "message",
        "subtype": "file_share",
        "text": "<@U06TD3AUW|jcflinn> uploaded a file: <https:\/\/txstatecs.slack.com\/files\/jcflinn\/F4MQE1NRJ\/win_20170321_19_53_33_pro.jpg|E\/R Model Example for Surgery Table>",
        "file": {
            "id": "F4MQE1NRJ",
            "created": 1490144081,
            "timestamp": 1490144081,
            "name": "WIN_20170321_19_53_33_Pro.jpg",
            "title": "E\/R Model Example for Surgery Table",
            "mimetype": "image\/jpeg",
            "filetype": "jpg",
            "pretty_type": "JPEG",
            "user": "U06TD3AUW",
            "editable": false,
            "size": 1670848,
            "mode": "hosted",
            "is_external": false,
            "external_type": "",
            "is_public": true,
            "public_url_shared": false,
            "display_as_bot": false,
            "username": "",
            "url_private": "https:\/\/files.slack.com\/files-pri\/T06STEZ2L-F4MQE1NRJ\/win_20170321_19_53_33_pro.jpg?t=xoxe-6911509088-177219117537-177786475698-c3d3bb179c",
            "url_private_download": "https:\/\/files.slack.com\/files-pri\/T06STEZ2L-F4MQE1NRJ\/download\/win_20170321_19_53_33_pro.jpg?t=xoxe-6911509088-177219117537-177786475698-c3d3bb179c",
            "thumb_64": "https:\/\/files.slack.com\/files-tmb\/T06STEZ2L-F4MQE1NRJ-eb072f8e58\/win_20170321_19_53_33_pro_64.jpg?t=xoxe-6911509088-177219117537-177786475698-c3d3bb179c",
            "thumb_80": "https:\/\/files.slack.com\/files-tmb\/T06STEZ2L-F4MQE1NRJ-eb072f8e58\/win_20170321_19_53_33_pro_80.jpg?t=xoxe-6911509088-177219117537-177786475698-c3d3bb179c",
            "thumb_360": "https:\/\/files.slack.com\/files-tmb\/T06STEZ2L-F4MQE1NRJ-eb072f8e58\/win_20170321_19_53_33_pro_360.jpg?t=xoxe-6911509088-177219117537-177786475698-c3d3bb179c",
            "thumb_360_w": 360,
            "thumb_360_h": 203,
            "thumb_480": "https:\/\/files.slack.com\/files-tmb\/T06STEZ2L-F4MQE1NRJ-eb072f8e58\/win_20170321_19_53_33_pro_480.jpg?t=xoxe-6911509088-177219117537-177786475698-c3d3bb179c",
            "thumb_480_w": 480,
            "thumb_480_h": 270,
            "thumb_160": "https:\/\/files.slack.com\/files-tmb\/T06STEZ2L-F4MQE1NRJ-eb072f8e58\/win_20170321_19_53_33_pro_160.jpg?t=xoxe-6911509088-177219117537-177786475698-c3d3bb179c",
            "thumb_720": "https:\/\/files.slack.com\/files-tmb\/T06STEZ2L-F4MQE1NRJ-eb072f8e58\/win_20170321_19_53_33_pro_720.jpg?t=xoxe-6911509088-177219117537-177786475698-c3d3bb179c",
            "thumb_720_w": 720,
            "thumb_720_h": 405,
            "thumb_960": "https:\/\/files.slack.com\/files-tmb\/T06STEZ2L-F4MQE1NRJ-eb072f8e58\/win_20170321_19_53_33_pro_960.jpg?t=xoxe-6911509088-177219117537-177786475698-c3d3bb179c",
            "thumb_960_w": 960,
            "thumb_960_h": 540,
            "thumb_1024": "https:\/\/files.slack.com\/files-tmb\/T06STEZ2L-F4MQE1NRJ-eb072f8e58\/win_20170321_19_53_33_pro_1024.jpg?t=xoxe-6911509088-177219117537-177786475698-c3d3bb179c",
            "thumb_1024_w": 1024,
            "thumb_1024_h": 576,
            "image_exif_rotation": 1,
            "original_w": 3264,
            "original_h": 1836,
            "permalink": "https:\/\/txstatecs.slack.com\/files\/jcflinn\/F4MQE1NRJ\/win_20170321_19_53_33_pro.jpg",
            "permalink_public": "https:\/\/slack-files.com\/T06STEZ2L-F4MQE1NRJ-5afd81ffb4",
            "channels": [
                "C41N6NBJ4"
            ],
            "groups": [],
            "ims": [],
            "comments_count": 0
        },
        "user": "U06TD3AUW",
        "upload": true,
        "display_as_bot": false,
        "username": "jcflinn",
        "bot_id": null,
        "ts": "1490144085.929388"
    }
]