[
    {
        "type": "message",
        "subtype": "file_share",
        "text": "<@U06TD3AUW|jcflinn> uploaded a file: <https:\/\/txstatecs.slack.com\/files\/jcflinn\/F4XTT9W5R\/win_20170411_20_22_19_pro.jpg|Database Administration Tasks 4\/11>",
        "file": {
            "id": "F4XTT9W5R",
            "created": 1491960189,
            "timestamp": 1491960189,
            "name": "WIN_20170411_20_22_19_Pro.jpg",
            "title": "Database Administration Tasks 4\/11",
            "mimetype": "image\/jpeg",
            "filetype": "jpg",
            "pretty_type": "JPEG",
            "user": "U06TD3AUW",
            "editable": false,
            "size": 1840688,
            "mode": "hosted",
            "is_external": false,
            "external_type": "",
            "is_public": true,
            "public_url_shared": false,
            "display_as_bot": false,
            "username": "",
            "url_private": "https:\/\/files.slack.com\/files-pri\/T06STEZ2L-F4XTT9W5R\/win_20170411_20_22_19_pro.jpg?t=xoxe-6911509088-177219117537-177786475698-c3d3bb179c",
            "url_private_download": "https:\/\/files.slack.com\/files-pri\/T06STEZ2L-F4XTT9W5R\/download\/win_20170411_20_22_19_pro.jpg?t=xoxe-6911509088-177219117537-177786475698-c3d3bb179c",
            "thumb_64": "https:\/\/files.slack.com\/files-tmb\/T06STEZ2L-F4XTT9W5R-94079c32e4\/win_20170411_20_22_19_pro_64.jpg?t=xoxe-6911509088-177219117537-177786475698-c3d3bb179c",
            "thumb_80": "https:\/\/files.slack.com\/files-tmb\/T06STEZ2L-F4XTT9W5R-94079c32e4\/win_20170411_20_22_19_pro_80.jpg?t=xoxe-6911509088-177219117537-177786475698-c3d3bb179c",
            "thumb_360": "https:\/\/files.slack.com\/files-tmb\/T06STEZ2L-F4XTT9W5R-94079c32e4\/win_20170411_20_22_19_pro_360.jpg?t=xoxe-6911509088-177219117537-177786475698-c3d3bb179c",
            "thumb_360_w": 360,
            "thumb_360_h": 203,
            "thumb_480": "https:\/\/files.slack.com\/files-tmb\/T06STEZ2L-F4XTT9W5R-94079c32e4\/win_20170411_20_22_19_pro_480.jpg?t=xoxe-6911509088-177219117537-177786475698-c3d3bb179c",
            "thumb_480_w": 480,
            "thumb_480_h": 270,
            "thumb_160": "https:\/\/files.slack.com\/files-tmb\/T06STEZ2L-F4XTT9W5R-94079c32e4\/win_20170411_20_22_19_pro_160.jpg?t=xoxe-6911509088-177219117537-177786475698-c3d3bb179c",
            "thumb_720": "https:\/\/files.slack.com\/files-tmb\/T06STEZ2L-F4XTT9W5R-94079c32e4\/win_20170411_20_22_19_pro_720.jpg?t=xoxe-6911509088-177219117537-177786475698-c3d3bb179c",
            "thumb_720_w": 720,
            "thumb_720_h": 405,
            "thumb_800": "https:\/\/files.slack.com\/files-tmb\/T06STEZ2L-F4XTT9W5R-94079c32e4\/win_20170411_20_22_19_pro_800.jpg?t=xoxe-6911509088-177219117537-177786475698-c3d3bb179c",
            "thumb_800_w": 800,
            "thumb_800_h": 450,
            "thumb_960": "https:\/\/files.slack.com\/files-tmb\/T06STEZ2L-F4XTT9W5R-94079c32e4\/win_20170411_20_22_19_pro_960.jpg?t=xoxe-6911509088-177219117537-177786475698-c3d3bb179c",
            "thumb_960_w": 960,
            "thumb_960_h": 540,
            "thumb_1024": "https:\/\/files.slack.com\/files-tmb\/T06STEZ2L-F4XTT9W5R-94079c32e4\/win_20170411_20_22_19_pro_1024.jpg?t=xoxe-6911509088-177219117537-177786475698-c3d3bb179c",
            "thumb_1024_w": 1024,
            "thumb_1024_h": 576,
            "image_exif_rotation": 1,
            "original_w": 3264,
            "original_h": 1836,
            "permalink": "https:\/\/txstatecs.slack.com\/files\/jcflinn\/F4XTT9W5R\/win_20170411_20_22_19_pro.jpg",
            "permalink_public": "https:\/\/slack-files.com\/T06STEZ2L-F4XTT9W5R-22e510a9e8",
            "channels": [
                "C41N6NBJ4"
            ],
            "groups": [],
            "ims": [],
            "comments_count": 0
        },
        "user": "U06TD3AUW",
        "upload": true,
        "display_as_bot": false,
        "username": "jcflinn",
        "bot_id": null,
        "ts": "1491960192.322348"
    },
    {
        "type": "message",
        "subtype": "file_share",
        "text": "<@U06TD3AUW|jcflinn> uploaded a file: <https:\/\/txstatecs.slack.com\/files\/jcflinn\/F4X9XDJRF\/win_20170411_20_28_49_pro.jpg|Data Administration Tasks>",
        "file": {
            "id": "F4X9XDJRF",
            "created": 1491960583,
            "timestamp": 1491960583,
            "name": "WIN_20170411_20_28_49_Pro.jpg",
            "title": "Data Administration Tasks",
            "mimetype": "image\/jpeg",
            "filetype": "jpg",
            "pretty_type": "JPEG",
            "user": "U06TD3AUW",
            "editable": false,
            "size": 1886518,
            "mode": "hosted",
            "is_external": false,
            "external_type": "",
            "is_public": true,
            "public_url_shared": false,
            "display_as_bot": false,
            "username": "",
            "url_private": "https:\/\/files.slack.com\/files-pri\/T06STEZ2L-F4X9XDJRF\/win_20170411_20_28_49_pro.jpg?t=xoxe-6911509088-177219117537-177786475698-c3d3bb179c",
            "url_private_download": "https:\/\/files.slack.com\/files-pri\/T06STEZ2L-F4X9XDJRF\/download\/win_20170411_20_28_49_pro.jpg?t=xoxe-6911509088-177219117537-177786475698-c3d3bb179c",
            "thumb_64": "https:\/\/files.slack.com\/files-tmb\/T06STEZ2L-F4X9XDJRF-2fa0da74e6\/win_20170411_20_28_49_pro_64.jpg?t=xoxe-6911509088-177219117537-177786475698-c3d3bb179c",
            "thumb_80": "https:\/\/files.slack.com\/files-tmb\/T06STEZ2L-F4X9XDJRF-2fa0da74e6\/win_20170411_20_28_49_pro_80.jpg?t=xoxe-6911509088-177219117537-177786475698-c3d3bb179c",
            "thumb_360": "https:\/\/files.slack.com\/files-tmb\/T06STEZ2L-F4X9XDJRF-2fa0da74e6\/win_20170411_20_28_49_pro_360.jpg?t=xoxe-6911509088-177219117537-177786475698-c3d3bb179c",
            "thumb_360_w": 360,
            "thumb_360_h": 203,
            "thumb_480": "https:\/\/files.slack.com\/files-tmb\/T06STEZ2L-F4X9XDJRF-2fa0da74e6\/win_20170411_20_28_49_pro_480.jpg?t=xoxe-6911509088-177219117537-177786475698-c3d3bb179c",
            "thumb_480_w": 480,
            "thumb_480_h": 270,
            "thumb_160": "https:\/\/files.slack.com\/files-tmb\/T06STEZ2L-F4X9XDJRF-2fa0da74e6\/win_20170411_20_28_49_pro_160.jpg?t=xoxe-6911509088-177219117537-177786475698-c3d3bb179c",
            "thumb_720": "https:\/\/files.slack.com\/files-tmb\/T06STEZ2L-F4X9XDJRF-2fa0da74e6\/win_20170411_20_28_49_pro_720.jpg?t=xoxe-6911509088-177219117537-177786475698-c3d3bb179c",
            "thumb_720_w": 720,
            "thumb_720_h": 405,
            "thumb_800": "https:\/\/files.slack.com\/files-tmb\/T06STEZ2L-F4X9XDJRF-2fa0da74e6\/win_20170411_20_28_49_pro_800.jpg?t=xoxe-6911509088-177219117537-177786475698-c3d3bb179c",
            "thumb_800_w": 800,
            "thumb_800_h": 450,
            "thumb_960": "https:\/\/files.slack.com\/files-tmb\/T06STEZ2L-F4X9XDJRF-2fa0da74e6\/win_20170411_20_28_49_pro_960.jpg?t=xoxe-6911509088-177219117537-177786475698-c3d3bb179c",
            "thumb_960_w": 960,
            "thumb_960_h": 540,
            "thumb_1024": "https:\/\/files.slack.com\/files-tmb\/T06STEZ2L-F4X9XDJRF-2fa0da74e6\/win_20170411_20_28_49_pro_1024.jpg?t=xoxe-6911509088-177219117537-177786475698-c3d3bb179c",
            "thumb_1024_w": 1024,
            "thumb_1024_h": 576,
            "image_exif_rotation": 1,
            "original_w": 3264,
            "original_h": 1836,
            "permalink": "https:\/\/txstatecs.slack.com\/files\/jcflinn\/F4X9XDJRF\/win_20170411_20_28_49_pro.jpg",
            "permalink_public": "https:\/\/slack-files.com\/T06STEZ2L-F4X9XDJRF-83ab24c79e",
            "channels": [
                "C41N6NBJ4"
            ],
            "groups": [],
            "ims": [],
            "comments_count": 0
        },
        "user": "U06TD3AUW",
        "upload": true,
        "display_as_bot": false,
        "username": "jcflinn",
        "bot_id": null,
        "ts": "1491960587.361113"
    },
    {
        "type": "message",
        "user": "U06TD3AUW",
        "text": "only top half of page ^^^",
        "ts": "1491960590.361396"
    }
]