[
    {
        "user": "U06TD3AUW",
        "type": "message",
        "subtype": "channel_join",
        "text": "<@U06TD3AUW|jcflinn> has joined the channel",
        "ts": "1435768650.000002"
    },
    {
        "user": "U06T4R9A5",
        "type": "message",
        "subtype": "channel_join",
        "text": "<@U06T4R9A5|kmcdaniel1985> has joined the channel",
        "ts": "1435787040.000003"
    },
    {
        "user": "U06TD3FNX",
        "type": "message",
        "subtype": "channel_join",
        "text": "<@U06TD3FNX|abigail.elizabeth> has joined the channel",
        "ts": "1435808541.000004"
    }
]