[
    {
        "user": "U06STR2NR",
        "type": "message",
        "subtype": "channel_join",
        "text": "<@U06STR2NR|kevin> has joined the channel",
        "ts": "1435335490.000002"
    },
    {
        "user": "U06STR2NR",
        "purpose": "Channel for CS 3358. Chat with your classmates, arrange meetups, discuss assignments and assessments, and talk about anything directly related to Data Structures.",
        "type": "message",
        "subtype": "channel_purpose",
        "text": "<@U06STR2NR|kevin> set the channel purpose: Channel for CS 3358. Chat with your classmates, arrange meetups, discuss assignments and assessments, and talk about anything directly related to Data Structures.",
        "ts": "1435335490.000003"
    }
]