[
    {
        "type": "message",
        "user": "U0LPKCLLS",
        "text": "I'm having a lot of trouble on one of my assignments and I cannot for the life of me find the bug in my code. It's for a binary search tree. The function is supposed to insert nodes into the tree and he wants us to do it iteratively instead of recursively. Would anyone be willing to look over my code and see if they can find my problem? The bug I'm getting is when the tree is traversed in-order I'm getting this output:",
        "edited": {
            "user": "U0LPKCLLS",
            "ts": "1478491328.000000"
        },
        "ts": "1478491290.000002"
    },
    {
        "type": "message",
        "user": "U0LPKCLLS",
        "text": "```expected: -6 -1 0 2 4 8 9 32767 \ngot this: -6 0 -1 2 4 8 9 32767```",
        "edited": {
            "user": "U0LPKCLLS",
            "ts": "1478491419.000000"
        },
        "ts": "1478491330.000004"
    },
    {
        "type": "message",
        "user": "U0LPKCLLS",
        "text": "(I also don't want to just post my code for fear of being banned and so that no one steals it lol)",
        "ts": "1478491482.000006"
    }
]