[
    {
        "user": "U0L7NS0NB",
        "type": "message",
        "subtype": "channel_join",
        "text": "<@U0L7NS0NB|james> has joined the channel",
        "ts": "1454534506.000002"
    },
    {
        "user": "U0L73NE85",
        "type": "message",
        "subtype": "channel_join",
        "text": "<@U0L73NE85|jamesrmorse> has joined the channel",
        "ts": "1454538998.000003"
    },
    {
        "type": "message",
        "user": "U0L7NS0NB",
        "text": "Anyone else taking Koh?",
        "ts": "1454566387.000004"
    },
    {
        "type": "message",
        "user": "U06TD3AUW",
        "text": "Currently, of the 6 in here, your the only one in Data Structures still. So try to get your classmates to join this channel!",
        "ts": "1454566633.000005"
    }
]