[
    {
        "user": "U0L73NE85",
        "type": "message",
        "subtype": "channel_join",
        "text": "<@U0L73NE85|jamesrmorse> has joined the channel",
        "ts": "1460584846.000002"
    },
    {
        "type": "message",
        "user": "U0L73NE85",
        "text": "Hi there. Can someone attempt to help with an issue pertaining to a recursive BST node removal algorithm?",
        "ts": "1460585072.000003"
    },
    {
        "type": "message",
        "user": "U0L73NE85",
        "text": "Hehehe never mind I got it.",
        "ts": "1460587681.000004"
    }
]