[
    {
        "user": "U06STR2NR",
        "type": "message",
        "subtype": "channel_join",
        "text": "<@U06STR2NR|kevin> has joined the channel",
        "ts": "1435335210.402374"
    },
    {
        "user": "U06T4R9A5",
        "type": "message",
        "subtype": "channel_join",
        "text": "<@U06T4R9A5|kmcdaniel1985> has joined the channel",
        "ts": "1435348510.000002"
    },
    {
        "user": "U06T5A5KK",
        "type": "message",
        "subtype": "channel_join",
        "text": "<@U06T5A5KK|bikinavisho> has joined the channel",
        "ts": "1435349165.000003"
    },
    {
        "user": "U06T5BMA8",
        "type": "message",
        "subtype": "channel_join",
        "text": "<@U06T5BMA8|trey> has joined the channel",
        "ts": "1435349356.000004"
    },
    {
        "user": "U06TBPWAW",
        "type": "message",
        "subtype": "channel_join",
        "text": "<@U06TBPWAW|splitix> has joined the channel",
        "ts": "1435359786.000002"
    },
    {
        "user": "U06TD09HQ",
        "type": "message",
        "subtype": "channel_join",
        "text": "<@U06TD09HQ|jason> has joined the channel",
        "ts": "1435362830.000002"
    },
    {
        "user": "U06TD3FNX",
        "type": "message",
        "subtype": "channel_join",
        "text": "<@U06TD3FNX|abigail.elizabeth> has joined the channel",
        "ts": "1435362850.000003"
    },
    {
        "user": "U06TD3AUW",
        "type": "message",
        "subtype": "channel_join",
        "text": "<@U06TD3AUW|jcflinn> has joined the channel",
        "ts": "1435362894.000004"
    }
]