[
    {
        "user": "U2PRU1DK2",
        "text": "<@U2PRU1DK2|amanda.hooge> has joined the channel",
        "type": "message",
        "subtype": "channel_join",
        "ts": "1476559958.000319"
    },
    {
        "type": "message",
        "subtype": "file_share",
        "text": "<@U2M75S2FQ|mark> uploaded a file: <https:\/\/txstatecs.slack.com\/files\/mark\/F2PS5LLRK\/proofs.png|proofs.png> and commented: I know this feel",
        "file": {
            "id": "F2PS5LLRK",
            "created": 1476562568,
            "timestamp": 1476562568,
            "name": "proofs.png",
            "title": "proofs.png",
            "mimetype": "image\/png",
            "filetype": "png",
            "pretty_type": "PNG",
            "user": "U2M75S2FQ",
            "editable": false,
            "size": 51610,
            "mode": "hosted",
            "is_external": false,
            "external_type": "",
            "is_public": true,
            "public_url_shared": false,
            "display_as_bot": false,
            "username": "",
            "url_private": "https:\/\/files.slack.com\/files-pri\/T06STEZ2L-F2PS5LLRK\/proofs.png?t=xoxe-6911509088-177219117537-177786475698-c3d3bb179c",
            "url_private_download": "https:\/\/files.slack.com\/files-pri\/T06STEZ2L-F2PS5LLRK\/download\/proofs.png?t=xoxe-6911509088-177219117537-177786475698-c3d3bb179c",
            "thumb_64": "https:\/\/files.slack.com\/files-tmb\/T06STEZ2L-F2PS5LLRK-839e8961e6\/proofs_64.png?t=xoxe-6911509088-177219117537-177786475698-c3d3bb179c",
            "thumb_80": "https:\/\/files.slack.com\/files-tmb\/T06STEZ2L-F2PS5LLRK-839e8961e6\/proofs_80.png?t=xoxe-6911509088-177219117537-177786475698-c3d3bb179c",
            "thumb_360": "https:\/\/files.slack.com\/files-tmb\/T06STEZ2L-F2PS5LLRK-839e8961e6\/proofs_360.png?t=xoxe-6911509088-177219117537-177786475698-c3d3bb179c",
            "thumb_360_w": 360,
            "thumb_360_h": 109,
            "thumb_480": "https:\/\/files.slack.com\/files-tmb\/T06STEZ2L-F2PS5LLRK-839e8961e6\/proofs_480.png?t=xoxe-6911509088-177219117537-177786475698-c3d3bb179c",
            "thumb_480_w": 480,
            "thumb_480_h": 145,
            "thumb_160": "https:\/\/files.slack.com\/files-tmb\/T06STEZ2L-F2PS5LLRK-839e8961e6\/proofs_160.png?t=xoxe-6911509088-177219117537-177786475698-c3d3bb179c",
            "thumb_720": "https:\/\/files.slack.com\/files-tmb\/T06STEZ2L-F2PS5LLRK-839e8961e6\/proofs_720.png?t=xoxe-6911509088-177219117537-177786475698-c3d3bb179c",
            "thumb_720_w": 720,
            "thumb_720_h": 218,
            "image_exif_rotation": 1,
            "original_w": 740,
            "original_h": 224,
            "permalink": "https:\/\/txstatecs.slack.com\/files\/mark\/F2PS5LLRK\/proofs.png",
            "permalink_public": "https:\/\/slack-files.com\/T06STEZ2L-F2PS5LLRK-ce496776e1",
            "channels": [
                "C06STNWGZ"
            ],
            "groups": [],
            "ims": [],
            "comments_count": 1,
            "initial_comment": {
                "id": "Fc2PQGDRMH",
                "created": 1476562568,
                "timestamp": 1476562568,
                "user": "U2M75S2FQ",
                "is_intro": true,
                "comment": "I know this feel",
                "channel": ""
            },
            "reactions": [
                {
                    "name": "feels",
                    "users": [
                        "U06STR2NR"
                    ],
                    "count": 1
                }
            ]
        },
        "user": "U2M75S2FQ",
        "upload": true,
        "display_as_bot": false,
        "username": "mark",
        "bot_id": null,
        "ts": "1476562570.000320"
    },
    {
        "type": "message",
        "user": "U0L7K1PB4",
        "text": "is there anyone on campus licensed to administer a voight-kampff test",
        "edited": {
            "user": "U0L7K1PB4",
            "ts": "1476581887.000000"
        },
        "ts": "1476581879.000321"
    }
]