[
    {
        "type": "message",
        "user": "U0K96PWET",
        "text": "back to post by <@U06TD3AUW> re:music - <http:\/\/mtcb.pwop.com\/>",
        "ts": "1481308926.000019",
        "reactions": [
            {
                "name": "headphones",
                "users": [
                    "U06TD3AUW",
                    "U06TBPWAW"
                ],
                "count": 2
            },
            {
                "name": "microscope",
                "users": [
                    "U06TD3AUW",
                    "U06TBPWAW"
                ],
                "count": 2
            },
            {
                "name": "computer",
                "users": [
                    "U06TD3AUW",
                    "U06TBPWAW"
                ],
                "count": 2
            }
        ]
    },
    {
        "type": "message",
        "user": "U0K96PWET",
        "text": "they made it with science - go figure",
        "ts": "1481308934.000020"
    }
]