[
    {
        "type": "message",
        "user": "U0KN45G2W",
        "text": "that’s pretty sweet",
        "ts": "1469207644.000002"
    },
    {
        "type": "message",
        "user": "U0KN45G2W",
        "text": "\/giphy noice",
        "attachments": [
            {
                "fallback": "giphy: <http:\/\/giphy.com\/gifs\/comedycentral-nice-workaholics-liam-hemsworth-3oFyDq6BEAim8LG836>",
                "image_url": "http:\/\/media0.giphy.com\/media\/3oFyDq6BEAim8LG836\/giphy.gif",
                "image_width": 500,
                "image_height": 281,
                "image_bytes": 1623446,
                "is_animated": true,
                "title": "noice",
                "id": 1,
                "title_link": "http:\/\/giphy.com\/gifs\/comedycentral-nice-workaholics-liam-hemsworth-3oFyDq6BEAim8LG836"
            }
        ],
        "ts": "1469231737.000003"
    }
]