[
    {
        "type": "message",
        "user": "U0KTJE2EM",
        "text": "If anybody uses the atom text editor, you should try the power-mode feature: <https:\/\/atom.io\/packages\/activate-power-mode> :laughing:",
        "attachments": [
            {
                "service_name": "Atom",
                "title": "activate-power-mode",
                "title_link": "https:\/\/atom.io\/packages\/activate-power-mode",
                "text": "Activate POWER MODE to write your code in style.",
                "fallback": "Atom: activate-power-mode",
                "image_url": "https:\/\/cloud.githubusercontent.com\/assets\/688415\/11615565\/10f16456-9c65-11e5-8af4-265f01fc83a0.gif",
                "from_url": "https:\/\/atom.io\/packages\/activate-power-mode",
                "image_width": 465,
                "image_height": 250,
                "image_bytes": 2214600,
                "id": 1
            }
        ],
        "ts": "1456521309.000007",
        "reactions": [
            {
                "name": "hushed",
                "users": [
                    "U06TD3AUW"
                ],
                "count": 1
            },
            {
                "name": "joy",
                "users": [
                    "U0L7GN8HM",
                    "U06STR2NR"
                ],
                "count": 2
            }
        ]
    },
    {
        "type": "message",
        "user": "U06TD3AUW",
        "text": "I'm going to have to download it just for that feature. ",
        "ts": "1456521418.000009"
    },
    {
        "type": "message",
        "user": "U0L7GN8HM",
        "text": "I was thinking the same thing lol. Is it on Windows or Linux?",
        "ts": "1456521629.000010"
    },
    {
        "type": "message",
        "user": "U0KTJE2EM",
        "text": "Totally did the same.. It is pretty funny. Atom will run on Windows Mac or Linux",
        "ts": "1456521814.000011"
    },
    {
        "type": "message",
        "user": "U06TBPWAW",
        "text": "That will get old quick.. lol",
        "ts": "1456522957.000012"
    },
    {
        "type": "message",
        "user": "U06TD3AUW",
        "text": "Lol its a mode though. So it can be toggled on and off whenever. I would probably just use it when stuck for a long time on something and I finally figure it out.... POWERMODE\n\nOr when I've done a bunch of code and realize it was all worthless or needed to be redone.... POWERMODE DELETE",
        "ts": "1456523623.000013",
        "reactions": [
            {
                "name": "+1",
                "users": [
                    "U06TBPWAW",
                    "U0L7GN8HM",
                    "U0K9BSV5X",
                    "U0L73NE85"
                ],
                "count": 4
            }
        ]
    },
    {
        "type": "message",
        "user": "U0K96PWET",
        "text": "Do they have a glitter mode? ",
        "ts": "1456523658.000014",
        "reactions": [
            {
                "name": "sparkles",
                "users": [
                    "U06TD3AUW",
                    "U0K9BSV5X"
                ],
                "count": 2
            }
        ]
    },
    {
        "type": "message",
        "user": "U06TBPWAW",
        "text": "SublimeText FTW",
        "ts": "1456523669.000015",
        "reactions": [
            {
                "name": "+1",
                "users": [
                    "U0KTJE2EM"
                ],
                "count": 1
            }
        ]
    },
    {
        "type": "message",
        "user": "U06TBPWAW",
        "text": "Forget all else",
        "ts": "1456523679.000016"
    },
    {
        "type": "message",
        "user": "U0JLW9BB6",
        "text": "It would be fun on some of Koh's projects lol",
        "ts": "1456523714.000017",
        "reactions": [
            {
                "name": "raised_hands",
                "users": [
                    "U06TD3AUW"
                ],
                "count": 1
            }
        ]
    }
]