[
    {
        "type": "message",
        "user": "U0L7K1PB4",
        "text": "Kayaking us awesome in town lake (aka ladybird). Weekend rates are a bit more expwbsive",
        "ts": "1461878539.000013"
    },
    {
        "type": "message",
        "user": "U0L7K1PB4",
        "text": "But only 5 or 10 more",
        "ts": "1461878576.000014"
    },
    {
        "type": "message",
        "user": "U0L7K1PB4",
        "text": "<@U06TD3AUW>: apparently standups are a serious workout",
        "ts": "1461878703.000015"
    }
]