[
    {
        "user": "U2E0FS5GR",
        "text": "<@U2E0FS5GR|ribbonanarchy> has joined the channel",
        "type": "message",
        "subtype": "channel_join",
        "ts": "1474417979.000165"
    },
    {
        "user": "U2E0NA8BU",
        "text": "<@U2E0NA8BU|johncox48> has joined the channel",
        "type": "message",
        "subtype": "channel_join",
        "ts": "1474418010.000166"
    },
    {
        "user": "U2E0BK8MT",
        "text": "<@U2E0BK8MT|kns92> has joined the channel",
        "type": "message",
        "subtype": "channel_join",
        "ts": "1474418015.000167"
    },
    {
        "user": "U2E0FKRB9",
        "text": "<@U2E0FKRB9|ctrlaltfun> has joined the channel",
        "type": "message",
        "subtype": "channel_join",
        "ts": "1474418020.000168"
    },
    {
        "user": "U2E0FUQP9",
        "text": "<@U2E0FUQP9|andrewt> has joined the channel",
        "type": "message",
        "subtype": "channel_join",
        "ts": "1474418101.000169"
    },
    {
        "user": "U2E0BUX7F",
        "text": "<@U2E0BUX7F|andrew.hyatt> has joined the channel",
        "type": "message",
        "subtype": "channel_join",
        "ts": "1474418103.000170"
    },
    {
        "user": "U2E02UJKW",
        "text": "<@U2E02UJKW|egn9> has joined the channel",
        "type": "message",
        "subtype": "channel_join",
        "ts": "1474418230.000171"
    },
    {
        "user": "U2DUCPG3V",
        "text": "<@U2DUCPG3V|brandoncastellanos> has joined the channel",
        "type": "message",
        "subtype": "channel_join",
        "ts": "1474420320.000172"
    },
    {
        "user": "U2E0R8LV7",
        "text": "<@U2E0R8LV7|adrian-lopez> has joined the channel",
        "type": "message",
        "subtype": "channel_join",
        "ts": "1474420367.000173"
    },
    {
        "user": "U2E11AL3U",
        "text": "<@U2E11AL3U|d_l56> has joined the channel",
        "type": "message",
        "subtype": "channel_join",
        "ts": "1474421347.000174"
    },
    {
        "user": "U2E0W6Y1F",
        "text": "<@U2E0W6Y1F|potatophusion> has joined the channel",
        "type": "message",
        "subtype": "channel_join",
        "ts": "1474421647.000175"
    },
    {
        "user": "U2E12NFLJ",
        "text": "<@U2E12NFLJ|b_m174> has joined the channel",
        "type": "message",
        "subtype": "channel_join",
        "ts": "1474421701.000176"
    },
    {
        "user": "U2E0GLMQU",
        "text": "<@U2E0GLMQU|cmk91> has joined the channel",
        "type": "message",
        "subtype": "channel_join",
        "ts": "1474421726.000177"
    }
]