[
    {
        "type": "message",
        "user": "U0KN45G2W",
        "text": "waffle house",
        "ts": "1473693121.000065"
    },
    {
        "type": "message",
        "user": "U06STR2NR",
        "text": "I know it's pretty late to be asking this, but does anyone have a room for rent?",
        "ts": "1473693611.000066"
    },
    {
        "type": "message",
        "user": "U06STR2NR",
        "text": "just send me a PM if you have anything... not too picky as long as it's (relatively) clean\/quiet and the wifi is good",
        "ts": "1473694921.000067"
    },
    {
        "type": "message",
        "user": "U06STR2NR",
        "text": "also if anyone has some cardboard boxes they don't need anymore, I would be happy to take them",
        "ts": "1473695025.000068"
    },
    {
        "type": "message",
        "user": "U0Q6DBY7Q",
        "text": "I have boxes!",
        "ts": "1473695051.000069",
        "reactions": [
            {
                "name": "package",
                "users": [
                    "U06STR2NR",
                    "U06T5A5KK",
                    "U06TD3AUW"
                ],
                "count": 3
            }
        ]
    },
    {
        "type": "message",
        "user": "U06STR2NR",
        "text": "cool, when can I come and get them?",
        "ts": "1473695196.000070"
    },
    {
        "type": "message",
        "user": "U1B6UPLCU",
        "text": "Ive got boxes too! plenty of CuIn.",
        "ts": "1473700992.000071"
    },
    {
        "type": "message",
        "user": "U1B6UPLCU",
        "text": "if you wanna walk up w\/ me after DOR, I can give you a lift over with some boxes.",
        "ts": "1473701022.000072",
        "reactions": [
            {
                "name": "beer",
                "users": [
                    "U06STR2NR"
                ],
                "count": 1
            }
        ]
    },
    {
        "type": "message",
        "user": "U0Q6DBY7Q",
        "text": "You can come by this evening if you want",
        "ts": "1473701115.000073"
    },
    {
        "type": "message",
        "user": "U0Q6DBY7Q",
        "text": "They've just been sitting in my car since I moved ",
        "ts": "1473701155.000074",
        "reactions": [
            {
                "name": "truck",
                "users": [
                    "U06STR2NR"
                ],
                "count": 1
            }
        ]
    },
    {
        "user": "U2AU5K3KP",
        "text": "<@U2AU5K3KP|max> has joined the channel",
        "type": "message",
        "subtype": "channel_join",
        "ts": "1473728081.000077"
    },
    {
        "user": "U2AV4MECS",
        "text": "<@U2AV4MECS|cody_c> has joined the channel",
        "type": "message",
        "subtype": "channel_join",
        "ts": "1473734706.000078"
    }
]