[
    {
        "type": "message",
        "user": "U0L7K1PB4",
        "text": "Posted in a github issue thread for Docker where I was getting a similar error message to the OP's, and one of the devs replied in 3 minutes with an answer. Hot damn, that’s some response time.",
        "ts": "1469041495.000002"
    },
    {
        "type": "message",
        "user": "U0L7K1PB4",
        "text": "Gotta figure out how to get help like that for homework this Fall..",
        "ts": "1469041508.000003"
    },
    {
        "type": "message",
        "user": "U06TBPWAW",
        "text": "lol",
        "ts": "1469041550.000004"
    },
    {
        "type": "message",
        "user": "U0JMJDERY",
        "text": "Hahaha",
        "ts": "1469041598.000005"
    },
    {
        "type": "message",
        "user": "U06TBPWAW",
        "text": "Hahaha",
        "ts": "1469041614.000006"
    },
    {
        "type": "message",
        "user": "U0JMJDERY",
        "text": "Good one bro :hatched_chick: ",
        "ts": "1469041618.000007"
    },
    {
        "type": "message",
        "user": "U06TBPWAW",
        "text": "",
        "attachments": [
            {
                "fallback": "[July 20th, 2016 2:06 PM] blakebordovsky: Good one bro :hatched_chick: ",
                "author_subname": "blakebordovsky",
                "ts": "1469041618.000007",
                "channel_id": "C06STNWGZ",
                "channel_name": "random",
                "is_msg_unfurl": true,
                "text": "Good one bro :hatched_chick: ",
                "author_name": "Blake Bordovsky",
                "author_link": "https:\/\/txstatecs.slack.com\/team\/blakebordovsky",
                "author_icon": "https:\/\/avatars.slack-edge.com\/2016-02-09\/20798264277_1ab77be31749e658584b_48.jpg",
                "mrkdwn_in": [
                    "text"
                ],
                "color": "D0D0D0",
                "from_url": "https:\/\/txstatecs.slack.com\/archives\/random\/p1469041618000007",
                "is_share": true,
                "footer": "Posted in #random"
            }
        ],
        "ts": "1469041635.000008"
    },
    {
        "type": "message",
        "user": "U0JMJDERY",
        "text": "Gaylindo pls",
        "ts": "1469043771.000011"
    },
    {
        "type": "message",
        "user": "U06TBPWAW",
        "text": "Boredovsky pls",
        "ts": "1469043798.000012"
    },
    {
        "type": "message",
        "user": "U0JMJDERY",
        "text": "Touché",
        "ts": "1469043891.000013"
    },
    {
        "type": "message",
        "user": "U06TBPWAW",
        "text": "Well played",
        "ts": "1469043929.000014"
    },
    {
        "type": "message",
        "user": "U0JMJDERY",
        "text": "Gg no re",
        "ts": "1469043955.000015"
    }
]