[
    {
        "type": "message",
        "user": "U2BQ62Z6G",
        "text": "Do yall dream about code?  I napped today and kept having this dream where the universe had upgraded some code or something and everyone was trying to figure out how to make everything work.  You could write a few lines of code to get like a 3d coordinate path for people and they would sort of go where you wanted, but the code was so bad everyone was always bumping into each other lol :westword_ford:",
        "ts": "1481163273.000005",
        "reactions": [
            {
                "name": "awesome",
                "users": [
                    "U2E11AL3U",
                    "U0Q6DBY7Q"
                ],
                "count": 2
            }
        ]
    },
    {
        "type": "message",
        "user": "U06TD3AUW",
        "text": "literally hell",
        "ts": "1481163938.000006",
        "reactions": [
            {
                "name": "fireball",
                "users": [
                    "U2BQ62Z6G"
                ],
                "count": 1
            }
        ]
    },
    {
        "type": "message",
        "user": "U0L74J1CN",
        "text": "Sometimes I wake up with my hands midair trying to type at a keyboard to fix a bug",
        "ts": "1481164023.000007",
        "reactions": [
            {
                "name": "keyboard",
                "users": [
                    "U06TD3AUW",
                    "U0Q6DBY7Q"
                ],
                "count": 2
            },
            {
                "name": "beetle",
                "users": [
                    "U06TD3AUW",
                    "U0Q6DBY7Q"
                ],
                "count": 2
            },
            {
                "name": "raised_hands",
                "users": [
                    "U06TD3AUW"
                ],
                "count": 1
            },
            {
                "name": "omglol",
                "users": [
                    "U2BQ62Z6G",
                    "U0Q6DBY7Q"
                ],
                "count": 2
            }
        ]
    },
    {
        "type": "message",
        "user": "U0KTJE2EM",
        "text": "I sometimes dream of running through control flows and logic of hard issues I am tackling and usually wake up with a better understanding or solution for them.... I love those dreams",
        "ts": "1481164744.000008",
        "reactions": [
            {
                "name": "+1",
                "users": [
                    "U2BQ62Z6G"
                ],
                "count": 1
            }
        ]
    },
    {
        "type": "message",
        "user": "U0Q6DBY7Q",
        "text": "I've been dreaming of code the past few nights. I keep solving stuff in my dream, then waking up all excited until I realize I didn't actual solve anything.",
        "ts": "1481165320.000009",
        "reactions": [
            {
                "name": "grimacing",
                "users": [
                    "U2BQ62Z6G"
                ],
                "count": 1
            }
        ]
    },
    {
        "type": "message",
        "user": "U0LPKBHK2",
        "text": "I once saw the code for my networks project, and my mom woke me up at that exact moment where I started seeing the answer. ",
        "ts": "1481165439.000010",
        "reactions": [
            {
                "name": "sadpanda",
                "users": [
                    "U2BQ62Z6G",
                    "U0Q6DBY7Q",
                    "U0KTJE2EM"
                ],
                "count": 3
            }
        ]
    },
    {
        "type": "message",
        "user": "U0LPKBHK2",
        "text": "It was actually recently",
        "ts": "1481165480.000011"
    },
    {
        "type": "message",
        "user": "U0JPHMXGQ",
        "text": "One time I came to while trying to sleepily debug my buzzing alarm clock. As in, I was wondering why I couldn't type any input and I was actually just pawing my dresser",
        "ts": "1481166503.000012",
        "reactions": [
            {
                "name": "officecat",
                "users": [
                    "U0Q6DBY7Q",
                    "U2BQ62Z6G"
                ],
                "count": 2
            }
        ]
    },
    {
        "type": "message",
        "user": "U06TD3AUW",
        "text": "The only dreams I ever have are about eating food, being a hero\/superhero, what seems to almost be a completely normal day but it was a dream, or (mainly) what seems like my mind playing cards against humanity by starting out with a normal day but randomly adding inobjects\/people\/tasks\/locations\/etc but I never question any of it until I wake up and wonder why I didn't notice any of the weird stuff I experienced.\n\nOnly time I remember dreaming about code was when I dreamt I started and completed my 2308 project but didn't realize that was only a dream until I went to print it out on the day it was due...",
        "ts": "1481167140.000013",
        "reactions": [
            {
                "name": "joy",
                "users": [
                    "U0Q6DBY7Q",
                    "U2BQ62Z6G",
                    "U0LPKBHK2",
                    "U0KTJE2EM",
                    "U0K96PWET"
                ],
                "count": 5
            }
        ]
    },
    {
        "type": "message",
        "user": "U2BQ62Z6G",
        "text": "<@U0Q6DBY7Q> that's how most of my coding dreams are, it's sort of nonsense code but i work on it all night in my head somehow lol",
        "ts": "1481169012.000014"
    },
    {
        "type": "message",
        "user": "U0Q6DBY7Q",
        "text": "<@U2BQ62Z6G>: Exactly! It's so disappointing. ",
        "ts": "1481173629.000015"
    },
    {
        "type": "message",
        "user": "U0JMJDERY",
        "text": "I've had dreams where I am disappointed because something I accomplished was just a dream as well. Those make me so confused when I wake up.",
        "ts": "1481176466.000016",
        "reactions": [
            {
                "name": "sad_parrot",
                "users": [
                    "U0Q6DBY7Q",
                    "U06TD3AUW"
                ],
                "count": 2
            }
        ]
    }
]