[
    {
        "type": "message",
        "subtype": "file_share",
        "text": "<@U06TD3AUW|jcflinn> uploaded a file: <https:\/\/txstatecs.slack.com\/files\/jcflinn\/F32CGN4PP\/pasted_image_at_2016_11_14_11_07_am.png|Email from the library>",
        "file": {
            "id": "F32CGN4PP",
            "created": 1479143246,
            "timestamp": 1479143246,
            "name": "Pasted image at 2016_11_14 11_07 AM.png",
            "title": "Email from the library",
            "mimetype": "image\/png",
            "filetype": "png",
            "pretty_type": "PNG",
            "user": "U06TD3AUW",
            "editable": false,
            "size": 39108,
            "mode": "hosted",
            "is_external": false,
            "external_type": "",
            "is_public": true,
            "public_url_shared": false,
            "display_as_bot": false,
            "username": "",
            "url_private": "https:\/\/files.slack.com\/files-pri\/T06STEZ2L-F32CGN4PP\/pasted_image_at_2016_11_14_11_07_am.png?t=xoxe-6911509088-177219117537-177786475698-c3d3bb179c",
            "url_private_download": "https:\/\/files.slack.com\/files-pri\/T06STEZ2L-F32CGN4PP\/download\/pasted_image_at_2016_11_14_11_07_am.png?t=xoxe-6911509088-177219117537-177786475698-c3d3bb179c",
            "thumb_64": "https:\/\/files.slack.com\/files-tmb\/T06STEZ2L-F32CGN4PP-679dcc8749\/pasted_image_at_2016_11_14_11_07_am_64.png?t=xoxe-6911509088-177219117537-177786475698-c3d3bb179c",
            "thumb_80": "https:\/\/files.slack.com\/files-tmb\/T06STEZ2L-F32CGN4PP-679dcc8749\/pasted_image_at_2016_11_14_11_07_am_80.png?t=xoxe-6911509088-177219117537-177786475698-c3d3bb179c",
            "thumb_360": "https:\/\/files.slack.com\/files-tmb\/T06STEZ2L-F32CGN4PP-679dcc8749\/pasted_image_at_2016_11_14_11_07_am_360.png?t=xoxe-6911509088-177219117537-177786475698-c3d3bb179c",
            "thumb_360_w": 360,
            "thumb_360_h": 69,
            "thumb_480": "https:\/\/files.slack.com\/files-tmb\/T06STEZ2L-F32CGN4PP-679dcc8749\/pasted_image_at_2016_11_14_11_07_am_480.png?t=xoxe-6911509088-177219117537-177786475698-c3d3bb179c",
            "thumb_480_w": 480,
            "thumb_480_h": 92,
            "thumb_160": "https:\/\/files.slack.com\/files-tmb\/T06STEZ2L-F32CGN4PP-679dcc8749\/pasted_image_at_2016_11_14_11_07_am_160.png?t=xoxe-6911509088-177219117537-177786475698-c3d3bb179c",
            "thumb_720": "https:\/\/files.slack.com\/files-tmb\/T06STEZ2L-F32CGN4PP-679dcc8749\/pasted_image_at_2016_11_14_11_07_am_720.png?t=xoxe-6911509088-177219117537-177786475698-c3d3bb179c",
            "thumb_720_w": 720,
            "thumb_720_h": 138,
            "thumb_960": "https:\/\/files.slack.com\/files-tmb\/T06STEZ2L-F32CGN4PP-679dcc8749\/pasted_image_at_2016_11_14_11_07_am_960.png?t=xoxe-6911509088-177219117537-177786475698-c3d3bb179c",
            "thumb_960_w": 960,
            "thumb_960_h": 183,
            "image_exif_rotation": 1,
            "original_w": 1010,
            "original_h": 193,
            "permalink": "https:\/\/txstatecs.slack.com\/files\/jcflinn\/F32CGN4PP\/pasted_image_at_2016_11_14_11_07_am.png",
            "permalink_public": "https:\/\/slack-files.com\/T06STEZ2L-F32CGN4PP-5652c0d52c",
            "channels": [
                "C06STNWGZ"
            ],
            "groups": [],
            "ims": [],
            "comments_count": 0
        },
        "user": "U06TD3AUW",
        "upload": true,
        "display_as_bot": false,
        "username": "jcflinn",
        "bot_id": null,
        "ts": "1479143249.000667"
    },
    {
        "type": "message",
        "subtype": "file_share",
        "text": "<@U06TD3AUW|jcflinn> uploaded a file: <https:\/\/txstatecs.slack.com\/files\/jcflinn\/F32CGSPM3\/pasted_image_at_2016_11_14_11_07_am.png|wait...>",
        "file": {
            "id": "F32CGSPM3",
            "created": 1479143267,
            "timestamp": 1479143267,
            "name": "Pasted image at 2016_11_14 11_07 AM.png",
            "title": "wait...",
            "mimetype": "image\/png",
            "filetype": "png",
            "pretty_type": "PNG",
            "user": "U06TD3AUW",
            "editable": false,
            "size": 10784,
            "mode": "hosted",
            "is_external": false,
            "external_type": "",
            "is_public": true,
            "public_url_shared": false,
            "display_as_bot": false,
            "username": "",
            "url_private": "https:\/\/files.slack.com\/files-pri\/T06STEZ2L-F32CGSPM3\/pasted_image_at_2016_11_14_11_07_am.png?t=xoxe-6911509088-177219117537-177786475698-c3d3bb179c",
            "url_private_download": "https:\/\/files.slack.com\/files-pri\/T06STEZ2L-F32CGSPM3\/download\/pasted_image_at_2016_11_14_11_07_am.png?t=xoxe-6911509088-177219117537-177786475698-c3d3bb179c",
            "thumb_64": "https:\/\/files.slack.com\/files-tmb\/T06STEZ2L-F32CGSPM3-baa64445c4\/pasted_image_at_2016_11_14_11_07_am_64.png?t=xoxe-6911509088-177219117537-177786475698-c3d3bb179c",
            "thumb_80": "https:\/\/files.slack.com\/files-tmb\/T06STEZ2L-F32CGSPM3-baa64445c4\/pasted_image_at_2016_11_14_11_07_am_80.png?t=xoxe-6911509088-177219117537-177786475698-c3d3bb179c",
            "thumb_360": "https:\/\/files.slack.com\/files-tmb\/T06STEZ2L-F32CGSPM3-baa64445c4\/pasted_image_at_2016_11_14_11_07_am_360.png?t=xoxe-6911509088-177219117537-177786475698-c3d3bb179c",
            "thumb_360_w": 360,
            "thumb_360_h": 30,
            "thumb_480": "https:\/\/files.slack.com\/files-tmb\/T06STEZ2L-F32CGSPM3-baa64445c4\/pasted_image_at_2016_11_14_11_07_am_480.png?t=xoxe-6911509088-177219117537-177786475698-c3d3bb179c",
            "thumb_480_w": 480,
            "thumb_480_h": 40,
            "thumb_160": "https:\/\/files.slack.com\/files-tmb\/T06STEZ2L-F32CGSPM3-baa64445c4\/pasted_image_at_2016_11_14_11_07_am_160.png?t=xoxe-6911509088-177219117537-177786475698-c3d3bb179c",
            "thumb_720": "https:\/\/files.slack.com\/files-tmb\/T06STEZ2L-F32CGSPM3-baa64445c4\/pasted_image_at_2016_11_14_11_07_am_720.png?t=xoxe-6911509088-177219117537-177786475698-c3d3bb179c",
            "thumb_720_w": 720,
            "thumb_720_h": 60,
            "image_exif_rotation": 1,
            "original_w": 722,
            "original_h": 60,
            "permalink": "https:\/\/txstatecs.slack.com\/files\/jcflinn\/F32CGSPM3\/pasted_image_at_2016_11_14_11_07_am.png",
            "permalink_public": "https:\/\/slack-files.com\/T06STEZ2L-F32CGSPM3-653fd3450a",
            "channels": [
                "C06STNWGZ"
            ],
            "groups": [],
            "ims": [],
            "comments_count": 0
        },
        "user": "U06TD3AUW",
        "upload": true,
        "display_as_bot": false,
        "username": "jcflinn",
        "bot_id": null,
        "ts": "1479143269.000668"
    },
    {
        "type": "message",
        "subtype": "file_share",
        "text": "<@U06TD3AUW|jcflinn> uploaded a file: <https:\/\/txstatecs.slack.com\/files\/jcflinn\/F329YGXK4\/pasted_image_at_2016_11_14_11_08_am.png|....>",
        "file": {
            "id": "F329YGXK4",
            "created": 1479143291,
            "timestamp": 1479143291,
            "name": "Pasted image at 2016_11_14 11_08 AM.png",
            "title": "....",
            "mimetype": "image\/png",
            "filetype": "png",
            "pretty_type": "PNG",
            "user": "U06TD3AUW",
            "editable": false,
            "size": 2622,
            "mode": "hosted",
            "is_external": false,
            "external_type": "",
            "is_public": true,
            "public_url_shared": false,
            "display_as_bot": false,
            "username": "",
            "url_private": "https:\/\/files.slack.com\/files-pri\/T06STEZ2L-F329YGXK4\/pasted_image_at_2016_11_14_11_08_am.png?t=xoxe-6911509088-177219117537-177786475698-c3d3bb179c",
            "url_private_download": "https:\/\/files.slack.com\/files-pri\/T06STEZ2L-F329YGXK4\/download\/pasted_image_at_2016_11_14_11_08_am.png?t=xoxe-6911509088-177219117537-177786475698-c3d3bb179c",
            "thumb_64": "https:\/\/files.slack.com\/files-tmb\/T06STEZ2L-F329YGXK4-aa3cc04667\/pasted_image_at_2016_11_14_11_08_am_64.png?t=xoxe-6911509088-177219117537-177786475698-c3d3bb179c",
            "thumb_80": "https:\/\/files.slack.com\/files-tmb\/T06STEZ2L-F329YGXK4-aa3cc04667\/pasted_image_at_2016_11_14_11_08_am_80.png?t=xoxe-6911509088-177219117537-177786475698-c3d3bb179c",
            "thumb_360": "https:\/\/files.slack.com\/files-tmb\/T06STEZ2L-F329YGXK4-aa3cc04667\/pasted_image_at_2016_11_14_11_08_am_360.png?t=xoxe-6911509088-177219117537-177786475698-c3d3bb179c",
            "thumb_360_w": 309,
            "thumb_360_h": 24,
            "thumb_160": "https:\/\/files.slack.com\/files-tmb\/T06STEZ2L-F329YGXK4-aa3cc04667\/pasted_image_at_2016_11_14_11_08_am_160.png?t=xoxe-6911509088-177219117537-177786475698-c3d3bb179c",
            "image_exif_rotation": 1,
            "original_w": 309,
            "original_h": 24,
            "permalink": "https:\/\/txstatecs.slack.com\/files\/jcflinn\/F329YGXK4\/pasted_image_at_2016_11_14_11_08_am.png",
            "permalink_public": "https:\/\/slack-files.com\/T06STEZ2L-F329YGXK4-e31d0f516d",
            "channels": [
                "C06STNWGZ"
            ],
            "groups": [],
            "ims": [],
            "comments_count": 0
        },
        "user": "U06TD3AUW",
        "upload": true,
        "display_as_bot": false,
        "username": "jcflinn",
        "bot_id": null,
        "ts": "1479143293.000669"
    },
    {
        "type": "message",
        "subtype": "file_share",
        "text": "<@U06TD3AUW|jcflinn> uploaded a file: <https:\/\/txstatecs.slack.com\/files\/jcflinn\/F329YTRFU\/pasted_image_at_2016_11_14_11_08_am.png|oh...>",
        "file": {
            "id": "F329YTRFU",
            "created": 1479143324,
            "timestamp": 1479143324,
            "name": "Pasted image at 2016_11_14 11_08 AM.png",
            "title": "oh...",
            "mimetype": "image\/png",
            "filetype": "png",
            "pretty_type": "PNG",
            "user": "U06TD3AUW",
            "editable": false,
            "size": 1082,
            "mode": "hosted",
            "is_external": false,
            "external_type": "",
            "is_public": true,
            "public_url_shared": false,
            "display_as_bot": false,
            "username": "",
            "url_private": "https:\/\/files.slack.com\/files-pri\/T06STEZ2L-F329YTRFU\/pasted_image_at_2016_11_14_11_08_am.png?t=xoxe-6911509088-177219117537-177786475698-c3d3bb179c",
            "url_private_download": "https:\/\/files.slack.com\/files-pri\/T06STEZ2L-F329YTRFU\/download\/pasted_image_at_2016_11_14_11_08_am.png?t=xoxe-6911509088-177219117537-177786475698-c3d3bb179c",
            "thumb_64": "https:\/\/files.slack.com\/files-tmb\/T06STEZ2L-F329YTRFU-3b86efeb6b\/pasted_image_at_2016_11_14_11_08_am_64.png?t=xoxe-6911509088-177219117537-177786475698-c3d3bb179c",
            "thumb_80": "https:\/\/files.slack.com\/files-tmb\/T06STEZ2L-F329YTRFU-3b86efeb6b\/pasted_image_at_2016_11_14_11_08_am_80.png?t=xoxe-6911509088-177219117537-177786475698-c3d3bb179c",
            "thumb_360": "https:\/\/files.slack.com\/files-tmb\/T06STEZ2L-F329YTRFU-3b86efeb6b\/pasted_image_at_2016_11_14_11_08_am_360.png?t=xoxe-6911509088-177219117537-177786475698-c3d3bb179c",
            "thumb_360_w": 103,
            "thumb_360_h": 18,
            "thumb_160": "https:\/\/files.slack.com\/files-tmb\/T06STEZ2L-F329YTRFU-3b86efeb6b\/pasted_image_at_2016_11_14_11_08_am_160.png?t=xoxe-6911509088-177219117537-177786475698-c3d3bb179c",
            "image_exif_rotation": 1,
            "original_w": 103,
            "original_h": 18,
            "permalink": "https:\/\/txstatecs.slack.com\/files\/jcflinn\/F329YTRFU\/pasted_image_at_2016_11_14_11_08_am.png",
            "permalink_public": "https:\/\/slack-files.com\/T06STEZ2L-F329YTRFU-b01b8c5cac",
            "channels": [
                "C06STNWGZ"
            ],
            "groups": [],
            "ims": [],
            "comments_count": 0
        },
        "user": "U06TD3AUW",
        "upload": true,
        "display_as_bot": false,
        "username": "jcflinn",
        "bot_id": null,
        "ts": "1479143327.000670"
    },
    {
        "type": "message",
        "subtype": "file_share",
        "text": "<@U06TD3AUW|jcflinn> uploaded a file: <https:\/\/txstatecs.slack.com\/files\/jcflinn\/F32C6KJPN\/whenyouhaven_tvr.jpg|When you haven't told anyone about VR in weeks...>",
        "file": {
            "id": "F32C6KJPN",
            "created": 1479143352,
            "timestamp": 1479143352,
            "name": "whenyouhaven'tVR.jpg",
            "title": "When you haven't told anyone about VR in weeks...",
            "mimetype": "image\/jpeg",
            "filetype": "jpg",
            "pretty_type": "JPEG",
            "user": "U06TD3AUW",
            "editable": false,
            "size": 55308,
            "mode": "hosted",
            "is_external": false,
            "external_type": "",
            "is_public": true,
            "public_url_shared": false,
            "display_as_bot": false,
            "username": "",
            "url_private": "https:\/\/files.slack.com\/files-pri\/T06STEZ2L-F32C6KJPN\/whenyouhaven_tvr.jpg?t=xoxe-6911509088-177219117537-177786475698-c3d3bb179c",
            "url_private_download": "https:\/\/files.slack.com\/files-pri\/T06STEZ2L-F32C6KJPN\/download\/whenyouhaven_tvr.jpg?t=xoxe-6911509088-177219117537-177786475698-c3d3bb179c",
            "thumb_64": "https:\/\/files.slack.com\/files-tmb\/T06STEZ2L-F32C6KJPN-f44af9277c\/whenyouhaven_tvr_64.jpg?t=xoxe-6911509088-177219117537-177786475698-c3d3bb179c",
            "thumb_80": "https:\/\/files.slack.com\/files-tmb\/T06STEZ2L-F32C6KJPN-f44af9277c\/whenyouhaven_tvr_80.jpg?t=xoxe-6911509088-177219117537-177786475698-c3d3bb179c",
            "thumb_360": "https:\/\/files.slack.com\/files-tmb\/T06STEZ2L-F32C6KJPN-f44af9277c\/whenyouhaven_tvr_360.jpg?t=xoxe-6911509088-177219117537-177786475698-c3d3bb179c",
            "thumb_360_w": 327,
            "thumb_360_h": 360,
            "thumb_480": "https:\/\/files.slack.com\/files-tmb\/T06STEZ2L-F32C6KJPN-f44af9277c\/whenyouhaven_tvr_480.jpg?t=xoxe-6911509088-177219117537-177786475698-c3d3bb179c",
            "thumb_480_w": 436,
            "thumb_480_h": 480,
            "thumb_160": "https:\/\/files.slack.com\/files-tmb\/T06STEZ2L-F32C6KJPN-f44af9277c\/whenyouhaven_tvr_160.jpg?t=xoxe-6911509088-177219117537-177786475698-c3d3bb179c",
            "image_exif_rotation": 1,
            "original_w": 640,
            "original_h": 704,
            "permalink": "https:\/\/txstatecs.slack.com\/files\/jcflinn\/F32C6KJPN\/whenyouhaven_tvr.jpg",
            "permalink_public": "https:\/\/slack-files.com\/T06STEZ2L-F32C6KJPN-5bc1a418f0",
            "channels": [
                "C06STNWGZ"
            ],
            "groups": [],
            "ims": [],
            "comments_count": 0,
            "reactions": [
                {
                    "name": "doge",
                    "users": [
                        "U0Q6DBY7Q"
                    ],
                    "count": 1
                },
                {
                    "name": "shia",
                    "users": [
                        "U0Q6DBY7Q"
                    ],
                    "count": 1
                },
                {
                    "name": "explodyparrot",
                    "users": [
                        "U0Q6DBY7Q"
                    ],
                    "count": 1
                },
                {
                    "name": "trophy",
                    "users": [
                        "U2M75S2FQ"
                    ],
                    "count": 1
                }
            ]
        },
        "user": "U06TD3AUW",
        "upload": true,
        "display_as_bot": false,
        "username": "jcflinn",
        "bot_id": null,
        "ts": "1479143355.000671"
    },
    {
        "type": "message",
        "user": "U0Q6DBY7Q",
        "text": "I'm still waiting for part 2 of my demo!",
        "ts": "1479145052.000677"
    },
    {
        "type": "message",
        "user": "U06TBPWAW",
        "text": "lol",
        "ts": "1479149556.000678"
    },
    {
        "type": "message",
        "user": "U06TBPWAW",
        "text": "So good",
        "ts": "1479149561.000679"
    }
]