[
    {
        "user": "U2MLR32UD",
        "text": "<@U2MLR32UD|c_h289> has joined the channel",
        "type": "message",
        "subtype": "channel_join",
        "ts": "1476141299.000289"
    },
    {
        "user": "U2MLWGM52",
        "text": "<@U2MLWGM52|yebra06> has joined the channel",
        "type": "message",
        "subtype": "channel_join",
        "ts": "1476145000.000290"
    },
    {
        "user": "U2MMLSM6V",
        "text": "<@U2MMLSM6V|mbc54> has joined the channel",
        "type": "message",
        "subtype": "channel_join",
        "ts": "1476147480.000291"
    }
]