[
    {
        "user": "U0K96PWET",
        "type": "message",
        "subtype": "channel_join",
        "text": "<@U0K96PWET|stpcollabr8nlstn> has joined the channel",
        "ts": "1453684890.000002"
    },
    {
        "user": "U0K97CWU8",
        "type": "message",
        "subtype": "channel_join",
        "text": "<@U0K97CWU8|oinkster_thepig> has joined the channel",
        "ts": "1453684921.000003"
    },
    {
        "user": "U0K97DSGZ",
        "type": "message",
        "subtype": "channel_join",
        "text": "<@U0K97DSGZ|tonylam> has joined the channel",
        "ts": "1453686955.000004"
    },
    {
        "user": "U0K9BSV5X",
        "type": "message",
        "subtype": "channel_join",
        "text": "<@U0K9BSV5X|klk2> has joined the channel",
        "ts": "1453693737.000005"
    }
]