[
    {
        "user": "U2ACMGTGX",
        "text": "<@U2ACMGTGX|tqblocker> has joined the channel",
        "type": "message",
        "subtype": "channel_join",
        "ts": "1473585004.000063"
    },
    {
        "type": "message",
        "user": "U0Q6DBY7Q",
        "text": "Is there a good place to get chicken and waffles in San Marcos?",
        "ts": "1473633817.000064",
        "reactions": [
            {
                "name": "+1",
                "users": [
                    "U06STR2NR"
                ],
                "count": 1
            }
        ]
    }
]