[
    {
        "type": "message",
        "user": "U06TBPWAW",
        "text": "This was too great not to share. During Rice University's HackRice event last weekend. A group make a new programming language based on python called: TrumpScript",
        "ts": "1453577331.000002"
    },
    {
        "type": "message",
        "user": "U06TBPWAW",
        "text": "<http:\/\/samshadwell.me\/TrumpScript\/>",
        "ts": "1453577356.000003"
    },
    {
        "type": "message",
        "user": "U06TBPWAW",
        "text": "Here are some of the features",
        "ts": "1453577383.000004"
    },
    {
        "type": "message",
        "user": "U06TBPWAW",
        "text": "No floating point numbers, only integers. America never does anything halfway.\n\nAll numbers must be strictly greater than 1 million. The small stuff is inconsequential to us.\n\nThere are no import statements allowed. All code has to be home-grown and American made.\n\nInstead of True and False, we have factand lie.",
        "ts": "1453577769.000005"
    },
    {
        "type": "message",
        "user": "U06TBPWAW",
        "text": "The language is completely case insensitive",
        "ts": "1453577795.000006"
    },
    {
        "type": "message",
        "user": "U06TD3AUW",
        "text": "Lol! ",
        "ts": "1453578031.000007"
    },
    {
        "type": "message",
        "user": "U06TD3AUW",
        "text": "That is too good",
        "ts": "1453578035.000008"
    },
    {
        "type": "message",
        "user": "U06TD3AUW",
        "text": "I love the integers only thing Haha ",
        "ts": "1453578046.000009"
    },
    {
        "type": "message",
        "user": "U06TBPWAW",
        "text": "Click the link and they have some more. I thought it was well done. ",
        "ts": "1453578486.000010"
    },
    {
        "type": "message",
        "user": "U0JMJDERY",
        "text": "~",
        "ts": "1453578602.000011"
    },
    {
        "type": "message",
        "user": "U06TBPWAW",
        "text": "Oh snap Blake is here",
        "ts": "1453578634.000012"
    },
    {
        "type": "message",
        "user": "U06TD3AUW",
        "text": "Everyone leave",
        "ts": "1453578643.000013"
    },
    {
        "type": "message",
        "user": "U06TBPWAW",
        "text": "<@U06TD3AUW> <http:\/\/thecreatorsproject.vice.com\/blog\/48-hours-in-vr?utm_source=tcpfbus>",
        "attachments": [
            {
                "service_name": "The Creators Project",
                "title": "This Guy Just Spent 48 Hours in Virtual Reality | The Creators Project",
                "title_link": "http:\/\/thecreatorsproject.vice.com\/blog\/48-hours-in-vr?utm_source=tcpfbus",
                "text": "Berlin-based Thorsten Wiedemann spent two days in various virtual realities with the help of a VR Shaman. Here’s what happened.",
                "fallback": "The Creators Project: This Guy Just Spent 48 Hours in Virtual Reality | The Creators Project",
                "thumb_url": "http:\/\/thecreatorsproject-images.vice.com\/content-images\/article\/48-hours-in-vr\/2809498e5c443adc3974d22ae72039e4.jpg?1xw:0.48362720403023xh;*,*&amp;resize=1200:*",
                "from_url": "http:\/\/thecreatorsproject.vice.com\/blog\/48-hours-in-vr?utm_source=tcpfbus",
                "thumb_width": 640,
                "thumb_height": 397,
                "id": 1
            }
        ],
        "ts": "1453590123.000014"
    },
    {
        "type": "message",
        "user": "U06TBPWAW",
        "text": "What Jason did over the weekend",
        "ts": "1453590172.000016"
    },
    {
        "type": "message",
        "user": "U06TD3AUW",
        "text": "yea I watched that lol",
        "ts": "1453620149.000002"
    },
    {
        "type": "message",
        "user": "U06TD3AUW",
        "text": "There was a time he had a panic attack or something",
        "ts": "1453620165.000003"
    },
    {
        "type": "message",
        "user": "U06TD3AUW",
        "text": "filthy casual",
        "ts": "1453620171.000004"
    }
]