[
    {
        "type": "message",
        "user": "U0LPKCLLS",
        "text": "Yeah, he finally emailed me back and told me if there was no opcode then it's pseudo",
        "ts": "1469702882.000017"
    },
    {
        "type": "message",
        "user": "U06TD3AUW",
        "text": "hey <@U0LPKCLLS> , you down for the gym tomorrow?",
        "edited": {
            "user": "U06TD3AUW",
            "ts": "1469759733.000000"
        },
        "ts": "1469759723.000002"
    },
    {
        "type": "message",
        "user": "U0LPKCLLS",
        "text": "What time? I'm going to see the new Bourne movie at 8:30",
        "ts": "1469760249.000004",
        "reactions": [
            {
                "name": "gun",
                "users": [
                    "U06TD3AUW"
                ],
                "count": 1
            },
            {
                "name": "man_in_business_suit_levitating",
                "users": [
                    "U06TD3AUW"
                ],
                "count": 1
            },
            {
                "name": "movie_camera",
                "users": [
                    "U06TD3AUW"
                ],
                "count": 1
            }
        ]
    },
    {
        "type": "message",
        "user": "U06TD3AUW",
        "text": "Ah, I was going around 5-6 but I can catch you another time",
        "ts": "1469760305.000005"
    },
    {
        "type": "message",
        "user": "U0LPKCLLS",
        "text": "That works, I don't stay for very long, I only do one muscle for about 45 minutes ",
        "ts": "1469760367.000006",
        "reactions": [
            {
                "name": "muscle",
                "users": [
                    "U06TD3AUW"
                ],
                "count": 1
            }
        ]
    },
    {
        "type": "message",
        "user": "U06TD3AUW",
        "text": "Sweet I'll text you tomorrow",
        "ts": "1469760425.000007"
    },
    {
        "type": "message",
        "user": "U0LPKCLLS",
        "text": "Cool",
        "ts": "1469760437.000008"
    },
    {
        "type": "message",
        "user": "U0JMJDERY",
        "text": "\/giphy workout",
        "attachments": [
            {
                "fallback": "giphy: <http:\/\/giphy.com\/gifs\/guy-fieri-jc1Fu8DXTV184>",
                "image_url": "http:\/\/media4.giphy.com\/media\/jc1Fu8DXTV184\/giphy.gif",
                "image_width": 479,
                "image_height": 200,
                "image_bytes": 1461947,
                "is_animated": true,
                "title": "workout",
                "id": 1,
                "title_link": "http:\/\/giphy.com\/gifs\/guy-fieri-jc1Fu8DXTV184"
            }
        ],
        "ts": "1469760451.000009",
        "reactions": [
            {
                "name": "muscle",
                "users": [
                    "U06TD3AUW",
                    "U0LPKCLLS"
                ],
                "count": 2
            },
            {
                "name": "sunglasses",
                "users": [
                    "U06TD3AUW",
                    "U0LPKCLLS"
                ],
                "count": 2
            }
        ]
    },
    {
        "type": "message",
        "user": "U06TD3AUW",
        "text": "\/giphy fit fam",
        "attachments": [
            {
                "fallback": "giphy: <http:\/\/giphy.com\/gifs\/fits-3X0AzMd8NRUD6>",
                "image_url": "http:\/\/media.giphy.com\/media\/3X0AzMd8NRUD6\/giphy-tumblr.gif",
                "image_width": 250,
                "image_height": 140,
                "image_bytes": 1518104,
                "is_animated": true,
                "title": "fit fam",
                "id": 1,
                "title_link": "http:\/\/giphy.com\/gifs\/fits-3X0AzMd8NRUD6"
            }
        ],
        "ts": "1469760517.000010"
    },
    {
        "type": "message",
        "user": "U06TD3AUW",
        "text": "I hate you so much giphy",
        "ts": "1469760527.000011"
    },
    {
        "type": "message",
        "user": "U0JMJDERY",
        "text": "\/giphy giphy hates you",
        "attachments": [
            {
                "fallback": "giphy: <http:\/\/giphy.com\/gifs\/PiXlH2IA8sMla>",
                "image_url": "http:\/\/media1.giphy.com\/media\/PiXlH2IA8sMla\/giphy.gif",
                "image_width": 429,
                "image_height": 200,
                "image_bytes": 1975957,
                "is_animated": true,
                "title": "giphy hates you",
                "id": 1,
                "title_link": "http:\/\/giphy.com\/gifs\/PiXlH2IA8sMla"
            }
        ],
        "ts": "1469760621.000012"
    },
    {
        "type": "message",
        "user": "U06TD3AUW",
        "text": "\/giphy sad",
        "attachments": [
            {
                "fallback": "giphy: <http:\/\/giphy.com\/gifs\/sad-baby-crying-8ykJ4yAnwgK2I>",
                "image_url": "http:\/\/media4.giphy.com\/media\/8ykJ4yAnwgK2I\/giphy.gif",
                "image_width": 245,
                "image_height": 200,
                "image_bytes": 824177,
                "is_animated": true,
                "title": "sad",
                "id": 1,
                "title_link": "http:\/\/giphy.com\/gifs\/sad-baby-crying-8ykJ4yAnwgK2I"
            }
        ],
        "ts": "1469760645.000013"
    },
    {
        "type": "message",
        "user": "U0JMJDERY",
        "text": "\/giphy z snap",
        "attachments": [
            {
                "fallback": "giphy: <http:\/\/giphy.com\/gifs\/adele-z-snap-bod8ochAgz2uc>",
                "image_url": "https:\/\/media4.giphy.com\/media\/bod8ochAgz2uc\/giphy.gif",
                "image_width": 456,
                "image_height": 246,
                "image_bytes": 606864,
                "is_animated": true,
                "title": "z snap",
                "id": 1,
                "title_link": "http:\/\/giphy.com\/gifs\/adele-z-snap-bod8ochAgz2uc"
            }
        ],
        "ts": "1469760658.000014",
        "reactions": [
            {
                "name": "party_parrot",
                "users": [
                    "U0K96PWET"
                ],
                "count": 1
            }
        ]
    },
    {
        "type": "message",
        "user": "U06TD3AUW",
        "text": "\/giphy owned",
        "attachments": [
            {
                "fallback": "giphy: <http:\/\/giphy.com\/gifs\/mom-romanoff-o54Bpo69nkmD6>",
                "image_url": "http:\/\/media0.giphy.com\/media\/o54Bpo69nkmD6\/giphy.gif",
                "image_width": 280,
                "image_height": 210,
                "image_bytes": 1109880,
                "is_animated": true,
                "title": "owned",
                "id": 1,
                "title_link": "http:\/\/giphy.com\/gifs\/mom-romanoff-o54Bpo69nkmD6"
            }
        ],
        "ts": "1469760669.000015"
    },
    {
        "type": "message",
        "user": "U06TD3AUW",
        "text": "I know what I want to learn this weekend..",
        "ts": "1469760684.000016"
    },
    {
        "type": "message",
        "user": "U0JMJDERY",
        "text": "z snap?",
        "ts": "1469760694.000017"
    },
    {
        "type": "message",
        "user": "U06TD3AUW",
        "text": "Of course. What else?",
        "ts": "1469760709.000018"
    },
    {
        "type": "message",
        "user": "U0JMJDERY",
        "text": "That's all you need",
        "ts": "1469760719.000019"
    },
    {
        "type": "message",
        "user": "U06TD3AUW",
        "text": "wait",
        "ts": "1469760722.000020"
    },
    {
        "type": "message",
        "user": "U06TD3AUW",
        "text": "did she even do a 'z'",
        "ts": "1469760731.000021"
    },
    {
        "type": "message",
        "user": "U06TD3AUW",
        "text": "oh wait",
        "ts": "1469760739.000022"
    },
    {
        "type": "message",
        "user": "U06TD3AUW",
        "text": "I'm dumb",
        "ts": "1469760741.000023"
    },
    {
        "type": "message",
        "user": "U0JMJDERY",
        "text": "It has some sass in there",
        "ts": "1469760745.000024"
    },
    {
        "type": "message",
        "user": "U06TD3AUW",
        "text": "for some reason I thought there was only 3 snaps to a z (I was thinking lines, not corners)",
        "ts": "1469760767.000025"
    },
    {
        "type": "message",
        "user": "U06TD3AUW",
        "text": "\/giphy sass",
        "attachments": [
            {
                "fallback": "giphy: <http:\/\/giphy.com\/gifs\/khloe-kardashian-sass-110hQ9sxUMdxaU>",
                "image_url": "http:\/\/media1.giphy.com\/media\/110hQ9sxUMdxaU\/giphy.gif",
                "image_width": 400,
                "image_height": 242,
                "image_bytes": 1477899,
                "is_animated": true,
                "title": "sass",
                "id": 1,
                "title_link": "http:\/\/giphy.com\/gifs\/khloe-kardashian-sass-110hQ9sxUMdxaU"
            }
        ],
        "ts": "1469760791.000026"
    },
    {
        "type": "message",
        "user": "U0JMJDERY",
        "text": "A z has 4 points young padawan",
        "ts": "1469760792.000027"
    },
    {
        "type": "message",
        "user": "U06TD3AUW",
        "text": "\/giphy learning",
        "attachments": [
            {
                "fallback": "giphy: <http:\/\/giphy.com\/gifs\/imadeit-qKltgF7Aw515K>",
                "image_url": "http:\/\/media2.giphy.com\/media\/qKltgF7Aw515K\/giphy.gif",
                "image_width": 496,
                "image_height": 419,
                "image_bytes": 482501,
                "is_animated": true,
                "title": "learning",
                "id": 1,
                "title_link": "http:\/\/giphy.com\/gifs\/imadeit-qKltgF7Aw515K"
            }
        ],
        "ts": "1469760798.000028"
    },
    {
        "type": "message",
        "user": "U0JMJDERY",
        "text": "\/giphy I'm so smart",
        "attachments": [
            {
                "fallback": "giphy: <http:\/\/giphy.com\/gifs\/godfrey-gao-tsao-lqp3qHIki6oUw>",
                "image_url": "http:\/\/media3.giphy.com\/media\/lqp3qHIki6oUw\/giphy.gif",
                "image_width": 540,
                "image_height": 240,
                "image_bytes": 1226509,
                "is_animated": true,
                "title": "I'm so smart",
                "id": 1,
                "title_link": "http:\/\/giphy.com\/gifs\/godfrey-gao-tsao-lqp3qHIki6oUw"
            }
        ],
        "ts": "1469760813.000029"
    },
    {
        "type": "message",
        "user": "U0JMJDERY",
        "text": "\/giphy Well that was lame.",
        "attachments": [
            {
                "fallback": "giphy: <http:\/\/giphy.com\/gifs\/season-6-the-simpsons-6x23-l2JdVgbW3h9WDBJHq>",
                "image_url": "http:\/\/media.giphy.com\/media\/l2JdVgbW3h9WDBJHq\/giphy-tumblr.gif",
                "image_width": 250,
                "image_height": 190,
                "image_bytes": 678703,
                "is_animated": true,
                "title": "Well that was lame.",
                "id": 1,
                "title_link": "http:\/\/giphy.com\/gifs\/season-6-the-simpsons-6x23-l2JdVgbW3h9WDBJHq"
            }
        ],
        "ts": "1469760842.000030"
    },
    {
        "type": "message",
        "user": "U06TD3AUW",
        "text": "lol I can see him thinking some of the stuff on <http:\/\/reddit.com\/r\/iamverysmart|reddit.com\/r\/iamverysmart>",
        "edited": {
            "user": "U06TD3AUW",
            "ts": "1469760872.000000"
        },
        "ts": "1469760862.000031"
    }
]