[
    {
        "type": "message",
        "user": "U06TD3AUW",
        "text": "somebody bring me tacos at work....pls....I'm running low on energyyyy",
        "ts": "1477644379.000562",
        "reactions": [
            {
                "name": "taco",
                "users": [
                    "U0Q6DBY7Q"
                ],
                "count": 1
            }
        ]
    },
    {
        "type": "message",
        "user": "U06TD3AUW",
        "text": "\/gif need tacos",
        "ts": "1477644386.000563"
    },
    {
        "text": "",
        "bot_id": "B2A9URYCQ",
        "attachments": [
            {
                "fallback": "<http:\/\/media.tumblr.com\/a15a0e9f2be8a39c3e2d343f53b9a11d\/tumblr_inline_mljcd7FPHy1qz4rgp.gif>",
                "image_url": "http:\/\/media.tumblr.com\/a15a0e9f2be8a39c3e2d343f53b9a11d\/tumblr_inline_mljcd7FPHy1qz4rgp.gif",
                "image_width": 313,
                "image_height": 216,
                "image_bytes": 485766,
                "is_animated": true,
                "id": 1
            }
        ],
        "type": "message",
        "subtype": "bot_message",
        "ts": "1477644386.000564"
    },
    {
        "type": "message",
        "user": "U0K96PWET",
        "text": "Well I spoke too soon <@U06TD3AUW>. We're now doing BDD. There's forms to fill out. This can't be good.",
        "ts": "1477666506.000565"
    },
    {
        "type": "message",
        "user": "U06TD3AUW",
        "text": "oh man, let me know what you end up using",
        "ts": "1477666698.000566"
    },
    {
        "type": "message",
        "user": "U06TD3AUW",
        "text": "I'm using Behave for BDD right now",
        "ts": "1477666706.000567"
    },
    {
        "type": "message",
        "user": "U0K96PWET",
        "text": "are you using python?",
        "ts": "1477666916.000568"
    },
    {
        "type": "message",
        "user": "U06TD3AUW",
        "text": "yes maam",
        "ts": "1477666924.000569"
    },
    {
        "type": "message",
        "user": "U0K96PWET",
        "text": "ahh",
        "ts": "1477666954.000570"
    },
    {
        "type": "message",
        "user": "U0K96PWET",
        "text": "no idea how this whole thing works - we're still using mocha, chai and enzye",
        "ts": "1477666984.000571"
    },
    {
        "type": "message",
        "user": "U0K96PWET",
        "text": "for javascript",
        "ts": "1477666989.000572"
    },
    {
        "type": "message",
        "user": "U0K96PWET",
        "text": "that's what you get when you're gone for a week I suppose.",
        "ts": "1477667005.000573",
        "reactions": [
            {
                "name": "feels",
                "users": [
                    "U06TD3AUW"
                ],
                "count": 1
            }
        ]
    },
    {
        "type": "message",
        "user": "U0JLW9BB6",
        "text": "ok, I know TDD, but what's BDD?",
        "ts": "1477667074.000574"
    },
    {
        "type": "message",
        "user": "U06TD3AUW",
        "text": "Behavior Driven Development",
        "ts": "1477667090.000575"
    },
    {
        "type": "message",
        "user": "U06TD3AUW",
        "text": "As opposed to Test Driven Development",
        "ts": "1477667097.000576"
    },
    {
        "type": "message",
        "user": "U06TD3AUW",
        "text": "<@U0K96PWET> I feel you, was gone for over a week pretty much due to midterms, came back and now I have a project due today at 6 and I'm no where near finished... So I've been here for literally 12 hours now and not leaving anytime soon",
        "ts": "1477667207.000577"
    },
    {
        "type": "message",
        "user": "U06TD3AUW",
        "text": "And as for BDD I'm still trying to grasp it as well...",
        "ts": "1477667240.000578"
    },
    {
        "type": "message",
        "user": "U0K96PWET",
        "text": "what have we gotten ourselves into!",
        "ts": "1477667252.000579"
    },
    {
        "type": "message",
        "user": "U06TD3AUW",
        "text": "Chaos!",
        "ts": "1477667260.000580"
    },
    {
        "type": "message",
        "user": "U0JLW9BB6",
        "text": "thanks Jason",
        "ts": "1477667266.000581",
        "reactions": [
            {
                "name": "+1",
                "users": [
                    "U06TD3AUW"
                ],
                "count": 1
            }
        ]
    },
    {
        "type": "message",
        "user": "U06TD3AUW",
        "text": "<@U0JLW9BB6> To expand, BDD is supposed to be helpful to every member of a cross-functional product team (as opposed to TDD, which is only really helpful to the engineers themselves) by describing how the \"behavior\" of the software is supposed to look and use that \"behavior\" as the test for your code. \n\nKeep in mind, you _can_ use TDD along side BDD if you want. BDD is just there to make it easier for the entire team to understand the tests.\n\n(at least this is what I got out of it)",
        "ts": "1477667725.000582",
        "reactions": [
            {
                "name": "+1",
                "users": [
                    "U0JLW9BB6"
                ],
                "count": 1
            }
        ]
    },
    {
        "type": "message",
        "user": "U0JLW9BB6",
        "text": "I'm familiar with TDD, but hadn't heard of BDD before",
        "ts": "1477667926.000583"
    },
    {
        "type": "message",
        "user": "U0JLW9BB6",
        "text": "appreciate the explanation",
        "ts": "1477667958.000584"
    },
    {
        "type": "message",
        "user": "U06TD3AUW",
        "text": "No problem. Here's an example to give you a better idea of what it would look like:\n```\nFeature: Title (one line describing the story\/feature)\n    \n    As a         [role]\n    I want      [feature]\n    So that    [benefit]\n\n    Scenario: Title1 (for Behavior 1)\n\n        Given    [context or setup]\n        And       [some more context]...\n        When   [event occurs]\n        Then     [expected outcome]\n        And       [another outcome]....\n\n    Scenario: Title 2 (for Behavior 2)\n    ....\n```",
        "ts": "1477668030.000585",
        "reactions": [
            {
                "name": "+1",
                "users": [
                    "U0JLW9BB6"
                ],
                "count": 1
            }
        ]
    },
    {
        "type": "message",
        "user": "U06TD3AUW",
        "text": "thats the very basics of it",
        "ts": "1477668178.000586"
    },
    {
        "type": "message",
        "user": "U06TD3AUW",
        "text": "can def get more complicated",
        "ts": "1477668185.000587"
    },
    {
        "type": "message",
        "user": "U0Q6DBY7Q",
        "text": "Jason-esque post coming up...I might be opening up a can of worms here, but I'm interested to hear people's thoughts on something. What do you think of \"women in tech,\" \"women in stem,\" etc type things? I personally tend to not get involved in that kind of stuff because I hate when people try to act like I got certain grades or job opportunities because I have some sort of female advantage. I think code is gender neutral. I don't want to be \"that girl programmer,\" but just \"that badass programmer.\" Either way, you are smart, logical people and I'd like to hear your thoughts on this. Please keep it nice and respectful. ",
        "ts": "1477668513.000588"
    },
    {
        "type": "message",
        "user": "U0L74J1CN",
        "text": "I like women in *blank* events because they are meant to help women network with other women because tech\/science is a pretty male dominated field. It also is to help encourage women because there are still people, male and female, who believe stem is a boy thing.\nHowever, it is causing a lot of people to think that women are just handed opportunities because we are women. I think it is good to have, but the message it puts out can be negative.",
        "ts": "1477668883.000589",
        "reactions": [
            {
                "name": "clap",
                "users": [
                    "U06STR2NR"
                ],
                "count": 1
            }
        ]
    },
    {
        "type": "message",
        "user": "U0Q6DBY7Q",
        "text": "I appreciate the idea behind it, because it can be intimidating to be a woman in ____. ",
        "ts": "1477669018.000590"
    },
    {
        "type": "message",
        "user": "U06TD3AUW",
        "text": "I will share my thoughts (as a man's point of view) once I am off the toilet ",
        "ts": "1477669050.000591",
        "reactions": [
            {
                "name": "toilet",
                "users": [
                    "U0Q6DBY7Q"
                ],
                "count": 1
            },
            {
                "name": "hankey",
                "users": [
                    "U0Q6DBY7Q",
                    "U0L74J1CN"
                ],
                "count": 2
            }
        ]
    },
    {
        "type": "message",
        "user": "U0L74J1CN",
        "text": "It is sad because there are plenty of people who undermine what I have done in terms of work and getting a job because it was \"so easy for me\"",
        "ts": "1477669181.000592",
        "reactions": [
            {
                "name": "heavy_check_mark",
                "users": [
                    "U0Q6DBY7Q"
                ],
                "count": 1
            }
        ]
    },
    {
        "type": "message",
        "user": "U06STR2NR",
        "text": "^ which I think is ridiculous because I don't know a single woman in CS with a worse GPA than mine",
        "ts": "1477669224.000593",
        "reactions": [
            {
                "name": "point_up",
                "users": [
                    "U06TD3AUW"
                ],
                "count": 1
            }
        ]
    },
    {
        "type": "message",
        "user": "U0Q6DBY7Q",
        "text": "I've definitely been told that I got certain grades or interviews because I'm a minority woman. ",
        "ts": "1477669374.000594"
    },
    {
        "type": "message",
        "user": "U0K96PWET",
        "text": "I've enjoyed women-central events. Same reasons as <@U0L74J1CN> mentioned. But this last week I got the chance to meet lots of executive women and I was honest and told them about how I struggle. It was refreshing because as high up as they are they have felt the same and were able to excel in spite of that fear. So that felt good. I appreciate events like this for that reason. I can express my fears with people who share them.",
        "ts": "1477669618.000595"
    },
    {
        "type": "message",
        "user": "U0Q6DBY7Q",
        "text": "Have you ever read lean in? This summer, my boss' boss (who is a woman) told me to read it. It was actually really awesome. I'd totally recommend it for women and men. ",
        "ts": "1477669723.000596"
    },
    {
        "type": "message",
        "user": "U0K96PWET",
        "text": "I haven't read it yet but I want to",
        "ts": "1477669799.000597"
    },
    {
        "type": "message",
        "user": "U0Q6DBY7Q",
        "text": "One of the best things it does is really call women out on the things they could be doing to hinder their career without even realizing it. Sheryl Sandburg is a badass. ",
        "ts": "1477669876.000598"
    },
    {
        "type": "message",
        "user": "U0LPKBHK2",
        "text": "I disagree with <@U0Q6DBY7Q>. I feel like we are being graded harder than dudes. I have had a chance to compare one of my midterm results with another dude to see where I went wrong, and we happened to have same answer to one question, with the difference was him getting 8 points for that and me getting 3 points. For that reason you either don't want to be associated with \"the girl in tech\", or be there in a full force so that others don't want to mess with you.",
        "ts": "1477670038.000599"
    },
    {
        "type": "message",
        "user": "U0K96PWET",
        "text": "Interesting read: <http:\/\/money.cnn.com\/2016\/02\/12\/technology\/women-coders-study-github\/>",
        "attachments": [
            {
                "service_name": "CNNMoney",
                "title": "Women coders do better than men in gender-blind study",
                "title_link": "http:\/\/money.cnn.com\/2016\/02\/12\/technology\/women-coders-study-github\/",
                "text": "Women coders do better than men in a gender-blind study that examines GitHub requests.",
                "fallback": "CNNMoney: Women coders do better than men in gender-blind study",
                "image_url": "http:\/\/i2.cdn.turner.com\/money\/dam\/assets\/160212173733-female-coders-780x439.jpg",
                "from_url": "http:\/\/money.cnn.com\/2016\/02\/12\/technology\/women-coders-study-github\/",
                "image_width": 444,
                "image_height": 250,
                "image_bytes": 92536,
                "service_icon": "http:\/\/money.cnn.com\/favicon.ico",
                "id": 1
            }
        ],
        "ts": "1477670166.000600"
    },
    {
        "type": "message",
        "user": "U0Q6DBY7Q",
        "text": "I definitely think it's important to network and have relationships with people who understand the challenges you face. And yes, for me that does mean I can greatly benefit from spending time with other women in cs. ",
        "ts": "1477670175.000602"
    },
    {
        "type": "message",
        "user": "U0Q6DBY7Q",
        "text": "The impression that I get from other cs ladies is that we try to prove ourselves. ",
        "ts": "1477670228.000603"
    },
    {
        "type": "message",
        "user": "U0K96PWET",
        "text": "So effin true",
        "ts": "1477670297.000604"
    },
    {
        "type": "message",
        "user": "U0K96PWET",
        "text": "that was an echoed concern. We have to work harder to prove we're not just checking a box.",
        "ts": "1477670320.000605"
    },
    {
        "type": "message",
        "user": "U0K96PWET",
        "text": "Is there a slack plugin that will just leave `Jason Flinn is typing` at the bottom. Pretty sure I see that every time I look at our channels. Why change it?",
        "ts": "1477670415.000606"
    },
    {
        "type": "message",
        "user": "U0Q6DBY7Q",
        "text": "Lol yes",
        "ts": "1477670426.000607"
    },
    {
        "type": "message",
        "user": "U0Q6DBY7Q",
        "text": "I love seeing Michelle is typing fast ",
        "ts": "1477670438.000608",
        "reactions": [
            {
                "name": "joy",
                "users": [
                    "U0LPKBHK2"
                ],
                "count": 1
            },
            {
                "name": "+1",
                "users": [
                    "U0LPKBHK2"
                ],
                "count": 1
            },
            {
                "name": "fastparrot",
                "users": [
                    "U0LPKBHK2"
                ],
                "count": 1
            }
        ]
    },
    {
        "type": "message",
        "user": "U0K96PWET",
        "text": "^ also a favorite",
        "ts": "1477670446.000609"
    },
    {
        "type": "message",
        "user": "U0K96PWET",
        "text": "I'm in suspense waiting for <@U06TD3AUW> but I'm also half convinced he's actually just writing a love letter to tacos.",
        "ts": "1477670696.000610",
        "reactions": [
            {
                "name": "heart",
                "users": [
                    "U0Q6DBY7Q",
                    "U06TD3AUW"
                ],
                "count": 2
            },
            {
                "name": "taco",
                "users": [
                    "U0Q6DBY7Q",
                    "U06TD3AUW"
                ],
                "count": 2
            }
        ]
    },
    {
        "type": "message",
        "user": "U0Q6DBY7Q",
        "text": "The purest form of love",
        "ts": "1477670795.000611"
    },
    {
        "type": "message",
        "user": "U0Q6DBY7Q",
        "text": "The love between a man and tacos",
        "ts": "1477670817.000612"
    },
    {
        "type": "message",
        "user": "U06TD3AUW",
        "text": "Tacos are awesome.",
        "ts": "1477670832.000613"
    },
    {
        "type": "message",
        "user": "U0K96PWET",
        "text": "Hahahaha",
        "ts": "1477670898.000614"
    },
    {
        "type": "message",
        "user": "U0Q6DBY7Q",
        "text": "I'm all about queso. Queso is life. ",
        "ts": "1477671026.000615"
    },
    {
        "type": "message",
        "user": "U06TD3AUW",
        "text": "Tacos + Queso = Foodgasm",
        "ts": "1477671059.000616"
    },
    {
        "type": "message",
        "user": "U06TD3AUW",
        "text": "But really though",
        "ts": "1477671064.000617"
    },
    {
        "type": "message",
        "user": "U06TD3AUW",
        "text": "I tend to agree with <@U0L74J1CN>'s and <@U0K96PWET>'s point of view on the women in ___ events. I feel like they create a sense of welcome and belonging for women in our field when the everyday class\/office can seem so unwelcoming for women in our industry due to the obvious disparity between the number of men and women in our field. \n\nAnd it doesn't help that a large majority of the men in our field think the way that many of you have seen first hand and instantly attribute your accomplishments to your gender (def when your accomplishments are greater than theirs...#hatersgonnahate). And there are those men who *don't* try to be that way, but can come off that way due to lack of social skills and anxiety around the opposite sex (both large problems with the men of STEM).\n\nThese events allow them to share experiences and challenges they've had to face as women in STEM fields and, as a result, provide encouragement to those just starting out or hitting a hard obstacle in the workplace as well as offer a sense of community that they feel comfortable around.\n\nIf the roles were reversed and I found myself in a field dominated by women who, as a majority, didn't feel I belonged, I would honestly be on the lookout to find other guys out there who I could bond with and who could share my experiences and go to for advice. If I couldn't find that, I would honestly find it hard not to question my chosen field.\n\nThat being said, everyone is different. There are those women who feel better when surrounded by other successful women in their career or others who are going through what they are. Then there are those who just say \"fuck it\" and just push to prove every one wrong and to prove that they can do it on their own without any \"special\" help. I wouldn't say either way is a wrong outlook on the topic, but just two different paths depending on your personality. But don't just think that there is only one path and its that way or no way.\n\nI, personally, have inadvertently given women \"special treatment\" in CS by offering them more help than guys in class\/tutoring\/etc in an attempt to \"keep them in the field\" in an effort to prevent them from becoming discouraged and quitting. I didn't realize that I was \"pandering\" to them simply because they were women (most of them proved to be more talented than me at coding) until it was pointed out to me.\n\nI'm trying not to think that way anymore, but that is an example of women receiving \"special treatment\" in a benevolent manner rather than malevolent. \n\n*TL;DR - I like the women in ___ things as they offer welcome to women in a field where that is hard to come by. Guys in STEM can treat women differently for multiple reasons (sexist, jealousy, lack of social skills, or \"over helping\"). Women in ___ things are there to help those who thrive in social settings while there is still the path of \"prove yourself\" for those who rather not have the \"women\" label at all and just be seen as a coder. I don't see anything wrong with either path, as long as that's what she wants out of it, and not what she feels like she has to do*",
        "edited": {
            "user": "U06TD3AUW",
            "ts": "1477671222.000000"
        },
        "ts": "1477671066.000618",
        "reactions": [
            {
                "name": "dancing_lisa",
                "users": [
                    "U0K96PWET",
                    "U0Q6DBY7Q"
                ],
                "count": 2
            }
        ]
    },
    {
        "type": "message",
        "user": "U06TD3AUW",
        "text": "I'd like to add that the only thing that I feel I can relate with when it comes to what women go through in our field (though not to the same degree), is the fact that I'm a minority in CS. I can count the number of black people in each class on one hand (and I'm the only black coder at home depot). \n\nEven though I'm black and I know companies look for minorities to fill out their diversity checklist, I don't want to be hired simply because of my race and I don't want to feel like I have to \"prove\" that black people can excel in STEM as well. *Though* I don't feel the need to join the \"Blacks in STEM\" groups, simply because I'm the type of person that doesn't want to attribute my race into my career at all. I feel I'm much more on the \"Don't label me by my race, but by my skills\" path. \n\nSo I can see why some women would rather follow that route, as I'm on that route myself.",
        "ts": "1477671529.000620"
    },
    {
        "type": "message",
        "user": "U0Q6DBY7Q",
        "text": "As someone who is about to get their second degree, has a great gpa, has worked their ass off, saved up to have the opportunity to even come back to school, works while in school, etc, it's incredibly insulting and disappointing to be told that I got my job offer because I'm a minority woman. But, like <@U06TD3AUW> said, haters gonna hate. I'm over proving myself. I got this far. Show up like you earned it, ladies, because you did. ",
        "ts": "1477671670.000621"
    },
    {
        "type": "message",
        "user": "U0Q6DBY7Q",
        "text": "Thanks so much for your perspective, <@U06TD3AUW>  Blacks in stem are like unicorns. ",
        "ts": "1477671735.000622",
        "reactions": [
            {
                "name": "sunglasses",
                "users": [
                    "U2A8NPQQK"
                ],
                "count": 1
            },
            {
                "name": "unicorn_face",
                "users": [
                    "U0K96PWET",
                    "U2A8NPQQK",
                    "U06TD3AUW"
                ],
                "count": 3
            }
        ]
    },
    {
        "type": "message",
        "user": "U2A8NPQQK",
        "text": "\n\n\n<https:\/\/txstatecs.growbot.io\/props\/|So hot, gonna need shades! :sunglasses:>  @jcflinn `13`. \n\n",
        "bot_id": "B2AA0ENUU",
        "edited": {
            "user": "U2A8NPQQK",
            "ts": "1477713914.000000"
        },
        "ts": "1477671735.000623"
    },
    {
        "type": "message",
        "user": "U0Q6DBY7Q",
        "text": "Thanks for all your thoughts on the subject, everyone. Good talk. :)",
        "ts": "1477671855.000625",
        "reactions": [
            {
                "name": "clap",
                "users": [
                    "U06TD3AUW",
                    "U0L74J1CN"
                ],
                "count": 2
            }
        ]
    },
    {
        "type": "message",
        "user": "U0LPKBHK2",
        "text": "<@U06TD3AUW> you look asian to me. :flag-jp:",
        "ts": "1477671882.000626",
        "reactions": [
            {
                "name": "kimono",
                "users": [
                    "U06TD3AUW",
                    "U0Q6DBY7Q"
                ],
                "count": 2
            },
            {
                "name": "rice_ball",
                "users": [
                    "U06TD3AUW"
                ],
                "count": 1
            },
            {
                "name": "ramen",
                "users": [
                    "U06TD3AUW"
                ],
                "count": 1
            },
            {
                "name": "sushi",
                "users": [
                    "U06TD3AUW",
                    "U0Q6DBY7Q"
                ],
                "count": 2
            }
        ]
    },
    {
        "type": "message",
        "user": "U0Q6DBY7Q",
        "text": "<@U06TD3AUW> is ethnically ambiguous, like me lol",
        "ts": "1477671941.000628",
        "reactions": [
            {
                "name": "taco",
                "users": [
                    "U06TD3AUW",
                    "U0Q6DBY7Q"
                ],
                "count": 2
            },
            {
                "name": "poultry_leg",
                "users": [
                    "U06TD3AUW",
                    "U0Q6DBY7Q"
                ],
                "count": 2
            },
            {
                "name": "sushi",
                "users": [
                    "U06TD3AUW",
                    "U0Q6DBY7Q"
                ],
                "count": 2
            }
        ]
    },
    {
        "type": "message",
        "user": "U0LPKBHK2",
        "text": "Katie, you are from mars",
        "ts": "1477672072.000629",
        "reactions": [
            {
                "name": "alien",
                "users": [
                    "U0Q6DBY7Q"
                ],
                "count": 1
            },
            {
                "name": "aliensguy",
                "users": [
                    "U0Q6DBY7Q"
                ],
                "count": 1
            }
        ]
    },
    {
        "type": "message",
        "user": "U0Q6DBY7Q",
        "text": "Yessss I am",
        "ts": "1477672106.000630"
    },
    {
        "type": "message",
        "user": "U0L74J1CN",
        "text": "Such lovely discussions ^^ \nMany of y'all should be praised for the hard work y'all have done to get where you are and not told \"it's because you're a woman\/black\/asian\/gay\/etc\"\nY'all kick ass",
        "ts": "1477677081.000632",
        "reactions": [
            {
                "name": "muscle",
                "users": [
                    "U06TD3AUW",
                    "U0Q6DBY7Q"
                ],
                "count": 2
            },
            {
                "name": "shia",
                "users": [
                    "U0Q6DBY7Q",
                    "U0K96PWET"
                ],
                "count": 2
            }
        ]
    },
    {
        "type": "message",
        "user": "U2M75S2FQ",
        "text": "If you take idea that a woman is where she is because she is a woman and generalize the idea, it fails horribly.  I'd challenge someone with those ideas to consider their own success and try to isolate it to a single \"privilege\". For example, if they had parents' money for school, could they definitely say that without parents' money would they have been successful? Life is entirely too complex to draw such basic connections between a single cause and effect. And if that job is indeed doable, it is definitely not the place of someone educated in only technology.\nAssuming that this logic can be accepted without further analysis, I'd like to point out it's a huge waste of time on the aggressors side. That energy would have been better spent working on something or expanding their network (potentially with the victim of the conversation) or watching mindless television.",
        "ts": "1477679733.000633"
    },
    {
        "type": "message",
        "user": "U0K96PWET",
        "text": "deep thoughts",
        "ts": "1477680185.000634"
    },
    {
        "type": "message",
        "subtype": "file_share",
        "text": "<@U06TD3AUW|jcflinn> uploaded a file: <https:\/\/txstatecs.slack.com\/files\/jcflinn\/F2VN5MDJR\/img_20161028_141343.jpg|VR Pumpkin Carving at Work!>",
        "file": {
            "id": "F2VN5MDJR",
            "created": 1477682243,
            "timestamp": 1477682243,
            "name": "IMG_20161028_141343.jpg",
            "title": "VR Pumpkin Carving at Work!",
            "mimetype": "image\/jpeg",
            "filetype": "jpg",
            "pretty_type": "JPEG",
            "user": "U06TD3AUW",
            "editable": false,
            "size": 4388511,
            "mode": "hosted",
            "is_external": false,
            "external_type": "",
            "is_public": true,
            "public_url_shared": false,
            "display_as_bot": false,
            "username": "",
            "url_private": "https:\/\/files.slack.com\/files-pri\/T06STEZ2L-F2VN5MDJR\/img_20161028_141343.jpg?t=xoxe-6911509088-177219117537-177786475698-c3d3bb179c",
            "url_private_download": "https:\/\/files.slack.com\/files-pri\/T06STEZ2L-F2VN5MDJR\/download\/img_20161028_141343.jpg?t=xoxe-6911509088-177219117537-177786475698-c3d3bb179c",
            "thumb_64": "https:\/\/files.slack.com\/files-tmb\/T06STEZ2L-F2VN5MDJR-a551a7f84d\/img_20161028_141343_64.jpg?t=xoxe-6911509088-177219117537-177786475698-c3d3bb179c",
            "thumb_80": "https:\/\/files.slack.com\/files-tmb\/T06STEZ2L-F2VN5MDJR-a551a7f84d\/img_20161028_141343_80.jpg?t=xoxe-6911509088-177219117537-177786475698-c3d3bb179c",
            "thumb_360": "https:\/\/files.slack.com\/files-tmb\/T06STEZ2L-F2VN5MDJR-a551a7f84d\/img_20161028_141343_360.jpg?t=xoxe-6911509088-177219117537-177786475698-c3d3bb179c",
            "thumb_360_w": 360,
            "thumb_360_h": 203,
            "thumb_480": "https:\/\/files.slack.com\/files-tmb\/T06STEZ2L-F2VN5MDJR-a551a7f84d\/img_20161028_141343_480.jpg?t=xoxe-6911509088-177219117537-177786475698-c3d3bb179c",
            "thumb_480_w": 480,
            "thumb_480_h": 270,
            "thumb_160": "https:\/\/files.slack.com\/files-tmb\/T06STEZ2L-F2VN5MDJR-a551a7f84d\/img_20161028_141343_160.jpg?t=xoxe-6911509088-177219117537-177786475698-c3d3bb179c",
            "thumb_720": "https:\/\/files.slack.com\/files-tmb\/T06STEZ2L-F2VN5MDJR-a551a7f84d\/img_20161028_141343_720.jpg?t=xoxe-6911509088-177219117537-177786475698-c3d3bb179c",
            "thumb_720_w": 720,
            "thumb_720_h": 405,
            "thumb_960": "https:\/\/files.slack.com\/files-tmb\/T06STEZ2L-F2VN5MDJR-a551a7f84d\/img_20161028_141343_960.jpg?t=xoxe-6911509088-177219117537-177786475698-c3d3bb179c",
            "thumb_960_w": 960,
            "thumb_960_h": 540,
            "thumb_1024": "https:\/\/files.slack.com\/files-tmb\/T06STEZ2L-F2VN5MDJR-a551a7f84d\/img_20161028_141343_1024.jpg?t=xoxe-6911509088-177219117537-177786475698-c3d3bb179c",
            "thumb_1024_w": 1024,
            "thumb_1024_h": 576,
            "image_exif_rotation": 1,
            "original_w": 5312,
            "original_h": 2988,
            "permalink": "https:\/\/txstatecs.slack.com\/files\/jcflinn\/F2VN5MDJR\/img_20161028_141343.jpg",
            "permalink_public": "https:\/\/slack-files.com\/T06STEZ2L-F2VN5MDJR-04fc9a2a8b",
            "channels": [
                "C06STNWGZ"
            ],
            "groups": [],
            "ims": [],
            "comments_count": 0,
            "reactions": [
                {
                    "name": "heart",
                    "users": [
                        "U0Q6DBY7Q",
                        "U1B786N12"
                    ],
                    "count": 2
                },
                {
                    "name": "mindblown",
                    "users": [
                        "U0Q6DBY7Q"
                    ],
                    "count": 1
                }
            ]
        },
        "user": "U06TD3AUW",
        "upload": true,
        "display_as_bot": false,
        "username": "jcflinn",
        "bot_id": null,
        "ts": "1477682251.000635"
    },
    {
        "user": "U2VQW5W7P",
        "text": "<@U2VQW5W7P|safturento> has joined the channel",
        "type": "message",
        "subtype": "channel_join",
        "ts": "1477697387.000643"
    }
]