[
    {
        "type": "message",
        "user": "U0JMJDERY",
        "text": "This is the most hilarious thing I've ever listened to: <https:\/\/www.youtube.com\/watch?v=7vN_PEmeKb0>",
        "attachments": [
            {
                "service_name": "YouTube",
                "service_url": "https:\/\/www.youtube.com\/",
                "title": "State of Georgia Vs. Denver Fenton Allen | Rick and Morty | Adult Swim",
                "title_link": "https:\/\/www.youtube.com\/watch?v=7vN_PEmeKb0",
                "author_name": "Adult Swim",
                "author_link": "https:\/\/www.youtube.com\/user\/adultswim",
                "thumb_url": "https:\/\/i.ytimg.com\/vi\/7vN_PEmeKb0\/hqdefault.jpg",
                "thumb_width": 480,
                "thumb_height": 360,
                "fallback": "YouTube Video: State of Georgia Vs. Denver Fenton Allen | Rick and Morty | Adult Swim",
                "video_html": "<iframe width=\"400\" height=\"225\" src=\"https:\/\/www.youtube.com\/embed\/7vN_PEmeKb0?feature=oembed&autoplay=1&iv_load_policy=3\" frameborder=\"0\" allowfullscreen><\/iframe>",
                "video_html_width": 400,
                "video_html_height": 225,
                "from_url": "https:\/\/www.youtube.com\/watch?v=7vN_PEmeKb0",
                "service_icon": "https:\/\/a.slack-edge.com\/2089\/img\/unfurl_icons\/youtube.png",
                "id": 1
            }
        ],
        "ts": "1470333988.000002",
        "reactions": [
            {
                "name": "joy",
                "users": [
                    "U06TD3AUW",
                    "U0LPKCLLS"
                ],
                "count": 2
            }
        ]
    },
    {
        "type": "message",
        "user": "U06TD3AUW",
        "text": "Rick and Morty is the greatest lol",
        "ts": "1470340587.000004"
    },
    {
        "type": "message",
        "user": "U06TD3AUW",
        "text": "I still can't believe that happened in real life haha",
        "ts": "1470340896.000005"
    }
]