[
    {
        "user": "U0LF2CH7G",
        "type": "message",
        "subtype": "channel_join",
        "text": "<@U0LF2CH7G|aob11> has joined the channel",
        "ts": "1454758934.000020"
    },
    {
        "user": "U0LFBNCCX",
        "type": "message",
        "subtype": "channel_join",
        "text": "<@U0LFBNCCX|tunderwood> has joined the channel",
        "ts": "1454779848.000021"
    },
    {
        "user": "U0LFLCQ83",
        "type": "message",
        "subtype": "channel_join",
        "text": "<@U0LFLCQ83|foytek> has joined the channel",
        "ts": "1454802395.000022"
    }
]