[
    {
        "type": "message",
        "user": "U0JMJDERY",
        "text": "<http:\/\/i.imgur.com\/KzCHMAx.gif>",
        "attachments": [
            {
                "fallback": "320x236px image",
                "image_url": "http:\/\/i.imgur.com\/KzCHMAx.gif",
                "image_width": 320,
                "image_height": 236,
                "image_bytes": 7193112,
                "is_animated": true,
                "from_url": "http:\/\/i.imgur.com\/KzCHMAx.gif",
                "id": 1
            }
        ],
        "ts": "1479418071.000687",
        "reactions": [
            {
                "name": "laughing",
                "users": [
                    "U0KN45G2W",
                    "U0L74J1CN",
                    "U06TD3AUW"
                ],
                "count": 3
            },
            {
                "name": "joy",
                "users": [
                    "U2BQ62Z6G"
                ],
                "count": 1
            }
        ]
    },
    {
        "type": "message",
        "subtype": "file_share",
        "text": "<@U2BQ62Z6G|markmcdermott> uploaded a file: <https:\/\/txstatecs.slack.com\/files\/markmcdermott\/F348PB7GC\/engineers.png|engineers.png>",
        "file": {
            "id": "F348PB7GC",
            "created": 1479424465,
            "timestamp": 1479424465,
            "name": "engineers.png",
            "title": "engineers.png",
            "mimetype": "image\/png",
            "filetype": "png",
            "pretty_type": "PNG",
            "user": "U2BQ62Z6G",
            "editable": false,
            "size": 1255801,
            "mode": "hosted",
            "is_external": false,
            "external_type": "",
            "is_public": true,
            "public_url_shared": false,
            "display_as_bot": false,
            "username": "",
            "url_private": "https:\/\/files.slack.com\/files-pri\/T06STEZ2L-F348PB7GC\/engineers.png?t=xoxe-6911509088-177219117537-177786475698-c3d3bb179c",
            "url_private_download": "https:\/\/files.slack.com\/files-pri\/T06STEZ2L-F348PB7GC\/download\/engineers.png?t=xoxe-6911509088-177219117537-177786475698-c3d3bb179c",
            "thumb_64": "https:\/\/files.slack.com\/files-tmb\/T06STEZ2L-F348PB7GC-f7562cdec1\/engineers_64.png?t=xoxe-6911509088-177219117537-177786475698-c3d3bb179c",
            "thumb_80": "https:\/\/files.slack.com\/files-tmb\/T06STEZ2L-F348PB7GC-f7562cdec1\/engineers_80.png?t=xoxe-6911509088-177219117537-177786475698-c3d3bb179c",
            "thumb_360": "https:\/\/files.slack.com\/files-tmb\/T06STEZ2L-F348PB7GC-f7562cdec1\/engineers_360.png?t=xoxe-6911509088-177219117537-177786475698-c3d3bb179c",
            "thumb_360_w": 360,
            "thumb_360_h": 215,
            "thumb_480": "https:\/\/files.slack.com\/files-tmb\/T06STEZ2L-F348PB7GC-f7562cdec1\/engineers_480.png?t=xoxe-6911509088-177219117537-177786475698-c3d3bb179c",
            "thumb_480_w": 480,
            "thumb_480_h": 286,
            "thumb_160": "https:\/\/files.slack.com\/files-tmb\/T06STEZ2L-F348PB7GC-f7562cdec1\/engineers_160.png?t=xoxe-6911509088-177219117537-177786475698-c3d3bb179c",
            "thumb_720": "https:\/\/files.slack.com\/files-tmb\/T06STEZ2L-F348PB7GC-f7562cdec1\/engineers_720.png?t=xoxe-6911509088-177219117537-177786475698-c3d3bb179c",
            "thumb_720_w": 720,
            "thumb_720_h": 429,
            "thumb_960": "https:\/\/files.slack.com\/files-tmb\/T06STEZ2L-F348PB7GC-f7562cdec1\/engineers_960.png?t=xoxe-6911509088-177219117537-177786475698-c3d3bb179c",
            "thumb_960_w": 960,
            "thumb_960_h": 573,
            "thumb_1024": "https:\/\/files.slack.com\/files-tmb\/T06STEZ2L-F348PB7GC-f7562cdec1\/engineers_1024.png?t=xoxe-6911509088-177219117537-177786475698-c3d3bb179c",
            "thumb_1024_w": 1024,
            "thumb_1024_h": 611,
            "image_exif_rotation": 1,
            "original_w": 1207,
            "original_h": 720,
            "permalink": "https:\/\/txstatecs.slack.com\/files\/markmcdermott\/F348PB7GC\/engineers.png",
            "permalink_public": "https:\/\/slack-files.com\/T06STEZ2L-F348PB7GC-1c584c9188",
            "channels": [
                "C06STNWGZ"
            ],
            "groups": [],
            "ims": [],
            "comments_count": 0,
            "reactions": [
                {
                    "name": "joy",
                    "users": [
                        "U06TD3AUW",
                        "U0KTJE2EM"
                    ],
                    "count": 2
                }
            ]
        },
        "user": "U2BQ62Z6G",
        "upload": true,
        "display_as_bot": false,
        "username": "markmcdermott",
        "bot_id": null,
        "ts": "1479424470.000689"
    }
]