[
    {
        "type": "message",
        "user": "U06TD3AUW",
        "text": "\/giphy gg no re",
        "attachments": [
            {
                "fallback": "giphy: <http:\/\/giphy.com\/gifs\/loop-gg-re-XDES6mdnsIBji>",
                "image_url": "http:\/\/media4.giphy.com\/media\/XDES6mdnsIBji\/giphy.gif",
                "image_width": 240,
                "image_height": 134,
                "image_bytes": 623597,
                "is_animated": true,
                "title": "gg no re",
                "id": 1,
                "title_link": "http:\/\/giphy.com\/gifs\/loop-gg-re-XDES6mdnsIBji"
            }
        ],
        "ts": "1469120588.000002"
    },
    {
        "type": "message",
        "user": "U0JMJDERY",
        "text": "Beautiful",
        "ts": "1469120627.000003"
    },
    {
        "type": "message",
        "user": "U06TD3AUW",
        "text": "_Manager walks up to my cubicle with a super serious look on his face_\n\n*Manager:* So some of the engineers....actually, all of the engineers, will be working nonstop through lunch tomorrow...\n\n*Me:* ...Ok.\n\n*Manager:* We have a _really_ important meeting right after lunch. Exactly at 2:55pm...\n\n*Me:* ...Okaayyy.... (\"2:*55*\"?...why not just 3?..)\n\n*Manager:* We would like you to join us for the meeting.\n\n*Me:* Alright. Will it be held in a conference room or conference call?\n\n*Manager:* We'll be meeting down the street...\n\n*Me:* ....Allllrightttt....(Down the street? At a restaurant maybe?)\n\n*Manager:* The meeting will roughly exactly 120 min...\n\n_Manager starts to walk away_\n\n*Me:* (...wat...) Umm...What is the topic of the meeting?\n\n_Manager turns his head and looks at me with the same serious face_\n\n*Manager:* ...........................................The new Star Trek......................................\n\n_*Immediately adds meeting to outlook calendar and sets to \"Do Not Disturb\"*_",
        "ts": "1469121640.000004",
        "reactions": [
            {
                "name": "nerd_face",
                "users": [
                    "U0K96PWET",
                    "U0L7K1PB4"
                ],
                "count": 2
            },
            {
                "name": "joy",
                "users": [
                    "U0LPKBHK2"
                ],
                "count": 1
            }
        ]
    },
    {
        "type": "message",
        "user": "U0JMJDERY",
        "text": "Nice",
        "ts": "1469121703.000005"
    }
]