[
    {
        "type": "message",
        "user": "U2M75S2FQ",
        "text": "Bout to come up on some breakfast tacos. It's okay to be jealous.",
        "ts": "1477753376.000645",
        "reactions": [
            {
                "name": "taco",
                "users": [
                    "U06TD3AUW"
                ],
                "count": 1
            },
            {
                "name": "burrito",
                "users": [
                    "U06TD3AUW"
                ],
                "count": 1
            }
        ]
    },
    {
        "type": "message",
        "user": "U0L74J1CN",
        "text": "I am at the Met, drop some off at my door",
        "ts": "1477753425.000646",
        "reactions": [
            {
                "name": "laughing",
                "users": [
                    "U2M75S2FQ"
                ],
                "count": 1
            }
        ]
    },
    {
        "type": "message",
        "user": "U06TD3AUW",
        "text": "Just a reminder for those who don't know, Github has a student developer pack that gives us a bunch of free software\/services or discounts just for being a student. Check it out while you can!\n<https:\/\/education.github.com\/pack>",
        "attachments": [
            {
                "service_name": "GitHub Education",
                "title": "GitHub Student Developer Pack",
                "title_link": "https:\/\/education.github.com\/pack",
                "text": "The best developer tools, free for students. Get your GitHub Student Developer Pack now.",
                "fallback": "GitHub Education: GitHub Student Developer Pack",
                "image_url": "https:\/\/dwa5x7aod66zk.cloudfront.net\/assets\/pack\/twitter-summary-card-image-bec1d1f933d223919ff0576af8838cffe3975633b24641e9d7b1c4317066ae24.png",
                "image_width": 467,
                "image_height": 250,
                "from_url": "https:\/\/education.github.com\/pack",
                "image_bytes": 71521,
                "service_icon": "https:\/\/education.github.com\/favicon.ico",
                "id": 1
            }
        ],
        "ts": "1477770126.000647",
        "reactions": [
            {
                "name": "heart",
                "users": [
                    "U2M75S2FQ",
                    "U0JPHMXGQ"
                ],
                "count": 2
            }
        ]
    },
    {
        "type": "message",
        "user": "U06STR2NR",
        "text": "<https:\/\/tools.ietf.org\/html\/rfc1149>",
        "ts": "1477782044.000649",
        "reactions": [
            {
                "name": "+1",
                "users": [
                    "U0JPHMXGQ"
                ],
                "count": 1
            }
        ]
    }
]