[
    {
        "type": "message",
        "user": "U0K97DSGZ",
        "text": "<@U06TD3AUW>: I got my denial email from Samsung just now. Those dudes don’t know what they are missing out on. :stuck_out_tongue:",
        "ts": "1459983196.000085"
    },
    {
        "type": "message",
        "user": "U0L7GN8HM",
        "text": "Aww man bummer. Take your talents and multiple monitors elsewhere",
        "ts": "1459983238.000086"
    },
    {
        "type": "message",
        "user": "U06TBPWAW",
        "text": "You should reply back to the email saying\n\n\"Update: I know have a vertical monitor. Please reevaluate \"",
        "ts": "1459983278.000087",
        "reactions": [
            {
                "name": "joy",
                "users": [
                    "U0L7GN8HM",
                    "U06STR2NR",
                    "U06TD3AUW"
                ],
                "count": 3
            }
        ]
    },
    {
        "type": "message",
        "user": "U0K97DSGZ",
        "text": "I probably have bad interview skills",
        "ts": "1459983873.000088"
    },
    {
        "type": "message",
        "user": "U06TD3AUW",
        "text": "You'll only get better with practice! ",
        "ts": "1459986352.000089"
    },
    {
        "type": "message",
        "user": "U0K97DSGZ",
        "text": "It's fine. If it was meant to be it was meant to be. I got interviewed denied by Best Buy, Exxon, USAA, FBD, CGI, and Apple(AppleCare support). Then I somehow ended up at IBM. It'll all workout in the end.",
        "ts": "1459994065.000090",
        "reactions": [
            {
                "name": "+1",
                "users": [
                    "U06TD3AUW"
                ],
                "count": 1
            }
        ]
    },
    {
        "type": "message",
        "user": "U0K96PWET",
        "text": "They're lame. They couldn't handle your level of Rockstar. ",
        "ts": "1459996371.000091"
    }
]