[
    {
        "user": "U0LGDR7EC",
        "type": "message",
        "subtype": "channel_join",
        "text": "<@U0LGDR7EC|mycluster> has joined the channel",
        "ts": "1454860240.000023"
    },
    {
        "user": "U0LGJ5JHG",
        "type": "message",
        "subtype": "channel_join",
        "text": "<@U0LGJ5JHG|jjh84> has joined the channel",
        "ts": "1454869475.000024"
    },
    {
        "user": "U0LGX933N",
        "type": "message",
        "subtype": "channel_join",
        "text": "<@U0LGX933N|krod> has joined the channel",
        "ts": "1454904643.000025"
    }
]