[
    {
        "type": "message",
        "user": "U06TD3AUW",
        "text": "Wow they changed up my class schedule so much.... Almost all the professors I've signed up for specifically have been changed... ",
        "ts": "1471612360.000081"
    },
    {
        "type": "message",
        "user": "U06TD3AUW",
        "text": "Did your linear algebra professor change too <@U06STR2NR>? ",
        "ts": "1471612433.000082"
    },
    {
        "type": "message",
        "user": "U06STR2NR",
        "text": "i just checked",
        "ts": "1471625541.000083"
    },
    {
        "type": "message",
        "user": "U06STR2NR",
        "text": "shit",
        "ts": "1471625542.000084"
    },
    {
        "type": "message",
        "user": "U06STR2NR",
        "text": "yes it did",
        "ts": "1471625555.000085"
    },
    {
        "type": "message",
        "user": "U06TD3AUW",
        "text": "at least the new guy is apparently pretty good. But still would have preferred Shroff. Debating on if I should just keep this class's better schedule for me (MW 11:00-12:20) or pick up the new opening for Shroff (MWF 9:00am-9:50am).",
        "ts": "1471626075.000086"
    },
    {
        "type": "message",
        "user": "U06STR2NR",
        "text": "he's got a 4.1 on rate my professors and now I have Fridays off",
        "ts": "1471626226.000087"
    },
    {
        "type": "message",
        "user": "U06STR2NR",
        "text": "¯\\_(ツ)_\/¯",
        "ts": "1471626231.000088"
    },
    {
        "type": "message",
        "user": "U06STR2NR",
        "text": "i'm gonna stick with it",
        "ts": "1471626245.000089"
    },
    {
        "type": "message",
        "user": "U06TD3AUW",
        "text": "haha yea that's what I'm thinking as well",
        "ts": "1471626341.000090"
    },
    {
        "type": "message",
        "user": "U06TD3AUW",
        "text": "Fridays off = best schedule",
        "ts": "1471626350.000091"
    },
    {
        "type": "message",
        "user": "U0LPKCLLS",
        "text": "bool fridaysOff = true;\n\nif (!fridaysOff)\n  cout  &lt;&lt; \"sucks to suck, bro\"",
        "ts": "1471626533.000092",
        "reactions": [
            {
                "name": "joy",
                "users": [
                    "U06TD3AUW"
                ],
                "count": 1
            }
        ]
    },
    {
        "type": "message",
        "user": "U0JMJDERY",
        "text": "Heartbleed = true; ",
        "ts": "1471626599.000093",
        "reactions": [
            {
                "name": "heavy_heart_exclamation_mark_ornament",
                "users": [
                    "U06TD3AUW"
                ],
                "count": 1
            }
        ]
    },
    {
        "type": "message",
        "user": "U1B6UPLCU",
        "text": "you should patch your openssl <@U0JMJDERY>. been a known bug for a while",
        "ts": "1471626690.000094",
        "reactions": [
            {
                "name": "beetle",
                "users": [
                    "U06TD3AUW"
                ],
                "count": 1
            }
        ]
    },
    {
        "type": "message",
        "user": "U1B6UPLCU",
        "text": ":upside_down_face:",
        "ts": "1471626705.000095"
    },
    {
        "type": "message",
        "user": "U06TD3AUW",
        "text": "<@U0LPKCLLS>: Error: expected ';' on line 4",
        "ts": "1471626818.000096",
        "reactions": [
            {
                "name": "+1",
                "users": [
                    "U0KTJE2EM"
                ],
                "count": 1
            }
        ]
    },
    {
        "type": "message",
        "user": "U1B6UPLCU",
        "text": "```sucks to suck, bro```",
        "ts": "1471626902.000097",
        "reactions": [
            {
                "name": "joy",
                "users": [
                    "U06TD3AUW"
                ],
                "count": 1
            }
        ]
    },
    {
        "type": "message",
        "user": "U0LPKCLLS",
        "text": "I modified my compiler to add them where it's expected. Get on my level.",
        "ts": "1471627004.000098"
    },
    {
        "type": "message",
        "user": "U06TD3AUW",
        "text": "\/giphy hacker!",
        "attachments": [
            {
                "fallback": "giphy: <http:\/\/giphy.com\/gifs\/hackers-movie-hacking-13AN8X7jBIm15m>",
                "image_url": "http:\/\/media1.giphy.com\/media\/13AN8X7jBIm15m\/giphy.gif",
                "image_width": 463,
                "image_height": 200,
                "image_bytes": 1424272,
                "is_animated": true,
                "title": "hacker!",
                "id": 1,
                "title_link": "http:\/\/giphy.com\/gifs\/hackers-movie-hacking-13AN8X7jBIm15m"
            }
        ],
        "ts": "1471627182.000099"
    },
    {
        "type": "message",
        "user": "U06STR2NR",
        "text": "\/giphy unix",
        "attachments": [
            {
                "fallback": "giphy: <http:\/\/giphy.com\/gifs\/seconds-epoch-LbhpyNmmHDZKM>",
                "image_url": "http:\/\/media4.giphy.com\/media\/LbhpyNmmHDZKM\/giphy.gif",
                "image_width": 638,
                "image_height": 157,
                "image_bytes": 10184,
                "is_animated": true,
                "title": "unix",
                "id": 1,
                "title_link": "http:\/\/giphy.com\/gifs\/seconds-epoch-LbhpyNmmHDZKM"
            }
        ],
        "ts": "1471627234.000100"
    },
    {
        "type": "message",
        "user": "U06STR2NR",
        "text": "not what I had hoped for",
        "ts": "1471627243.000101",
        "reactions": [
            {
                "name": "joy",
                "users": [
                    "U06TD3AUW"
                ],
                "count": 1
            }
        ]
    },
    {
        "type": "message",
        "subtype": "file_share",
        "text": "<@U06STR2NR|kevin> uploaded a file: <https:\/\/txstatecs.slack.com\/files\/kevin\/F23419CSD\/pasted_image_at_2016_08_19_12_21_pm.png|Pasted image at 2016-08-19, 12:21 PM> and commented: <http:\/\/reddit.com\/r\/itsaunixsystem|reddit.com\/r\/itsaunixsystem>",
        "file": {
            "id": "F23419CSD",
            "created": 1471627295,
            "timestamp": 1471627295,
            "name": "Pasted image at 2016_08_19 12_21 PM.png",
            "title": "Pasted image at 2016-08-19, 12:21 PM",
            "mimetype": "image\/png",
            "filetype": "png",
            "pretty_type": "PNG",
            "user": "U06STR2NR",
            "editable": false,
            "size": 1148842,
            "mode": "hosted",
            "is_external": false,
            "external_type": "",
            "is_public": true,
            "public_url_shared": false,
            "display_as_bot": false,
            "username": "",
            "url_private": "https:\/\/files.slack.com\/files-pri\/T06STEZ2L-F23419CSD\/pasted_image_at_2016_08_19_12_21_pm.png?t=xoxe-6911509088-177219117537-177786475698-c3d3bb179c",
            "url_private_download": "https:\/\/files.slack.com\/files-pri\/T06STEZ2L-F23419CSD\/download\/pasted_image_at_2016_08_19_12_21_pm.png?t=xoxe-6911509088-177219117537-177786475698-c3d3bb179c",
            "thumb_64": "https:\/\/files.slack.com\/files-tmb\/T06STEZ2L-F23419CSD-65164ce038\/pasted_image_at_2016_08_19_12_21_pm_64.png?t=xoxe-6911509088-177219117537-177786475698-c3d3bb179c",
            "thumb_80": "https:\/\/files.slack.com\/files-tmb\/T06STEZ2L-F23419CSD-65164ce038\/pasted_image_at_2016_08_19_12_21_pm_80.png?t=xoxe-6911509088-177219117537-177786475698-c3d3bb179c",
            "thumb_360": "https:\/\/files.slack.com\/files-tmb\/T06STEZ2L-F23419CSD-65164ce038\/pasted_image_at_2016_08_19_12_21_pm_360.png?t=xoxe-6911509088-177219117537-177786475698-c3d3bb179c",
            "thumb_360_w": 360,
            "thumb_360_h": 194,
            "thumb_480": "https:\/\/files.slack.com\/files-tmb\/T06STEZ2L-F23419CSD-65164ce038\/pasted_image_at_2016_08_19_12_21_pm_480.png?t=xoxe-6911509088-177219117537-177786475698-c3d3bb179c",
            "thumb_480_w": 480,
            "thumb_480_h": 259,
            "thumb_160": "https:\/\/files.slack.com\/files-tmb\/T06STEZ2L-F23419CSD-65164ce038\/pasted_image_at_2016_08_19_12_21_pm_160.png?t=xoxe-6911509088-177219117537-177786475698-c3d3bb179c",
            "thumb_720": "https:\/\/files.slack.com\/files-tmb\/T06STEZ2L-F23419CSD-65164ce038\/pasted_image_at_2016_08_19_12_21_pm_720.png?t=xoxe-6911509088-177219117537-177786475698-c3d3bb179c",
            "thumb_720_w": 720,
            "thumb_720_h": 389,
            "thumb_960": "https:\/\/files.slack.com\/files-tmb\/T06STEZ2L-F23419CSD-65164ce038\/pasted_image_at_2016_08_19_12_21_pm_960.png?t=xoxe-6911509088-177219117537-177786475698-c3d3bb179c",
            "thumb_960_w": 960,
            "thumb_960_h": 519,
            "thumb_1024": "https:\/\/files.slack.com\/files-tmb\/T06STEZ2L-F23419CSD-65164ce038\/pasted_image_at_2016_08_19_12_21_pm_1024.png?t=xoxe-6911509088-177219117537-177786475698-c3d3bb179c",
            "thumb_1024_w": 1024,
            "thumb_1024_h": 553,
            "image_exif_rotation": 1,
            "original_w": 1403,
            "original_h": 758,
            "permalink": "https:\/\/txstatecs.slack.com\/files\/kevin\/F23419CSD\/pasted_image_at_2016_08_19_12_21_pm.png",
            "permalink_public": "https:\/\/slack-files.com\/T06STEZ2L-F23419CSD-2384015488",
            "channels": [
                "C06STNWGZ"
            ],
            "groups": [],
            "ims": [],
            "comments_count": 1,
            "initial_comment": {
                "id": "Fc233PR4BY",
                "created": 1471627295,
                "timestamp": 1471627295,
                "user": "U06STR2NR",
                "is_intro": true,
                "comment": "<http:\/\/reddit.com\/r\/itsaunixsystem|reddit.com\/r\/itsaunixsystem>",
                "channel": ""
            },
            "reactions": [
                {
                    "name": "+1",
                    "users": [
                        "U0LPKCLLS"
                    ],
                    "count": 1
                }
            ]
        },
        "user": "U06STR2NR",
        "upload": true,
        "display_as_bot": false,
        "username": "kevin",
        "bot_id": null,
        "ts": "1471627300.000102"
    },
    {
        "type": "message",
        "user": "U1B6UPLCU",
        "text": "seems like that counter has a third chromosome in the code",
        "ts": "1471627312.000103",
        "reactions": [
            {
                "name": "joy",
                "users": [
                    "U0LPKCLLS"
                ],
                "count": 1
            }
        ]
    },
    {
        "type": "message",
        "user": "U0LPKCLLS",
        "text": "They switched up my prob and stats professor to Ioudina and she has a terrible rating :( Texas State y u do dis",
        "ts": "1471628651.000105"
    },
    {
        "type": "message",
        "user": "U06TD3AUW",
        "text": "RIP",
        "ts": "1471628729.000106"
    },
    {
        "type": "message",
        "user": "U06TD3AUW",
        "text": "Ioudina is terrible",
        "ts": "1471628735.000107"
    },
    {
        "type": "message",
        "user": "U06TD3AUW",
        "text": "I barely passed her class",
        "ts": "1471628744.000108"
    },
    {
        "type": "message",
        "user": "U06TD3AUW",
        "text": "get ready to be talked to like you're the dumbest class she's ever had",
        "ts": "1471628768.000109"
    },
    {
        "type": "message",
        "user": "U0LPKCLLS",
        "text": "Ugh. If it wasn't for the VA I would try to switch sections.",
        "ts": "1471628942.000110"
    },
    {
        "type": "message",
        "user": "U06TD3AUW",
        "text": "I will say her hw was easy though",
        "ts": "1471629058.000111"
    },
    {
        "type": "message",
        "user": "U06TD3AUW",
        "text": "and her quizzes were straight from the hw",
        "ts": "1471629094.000112"
    },
    {
        "type": "message",
        "user": "U06TD3AUW",
        "text": "but her tests were written in hell",
        "ts": "1471629113.000113",
        "reactions": [
            {
                "name": "+1",
                "users": [
                    "U0LPKBHK2"
                ],
                "count": 1
            }
        ]
    },
    {
        "type": "message",
        "user": "U0LPKCLLS",
        "text": "Haha great",
        "ts": "1471629130.000114"
    },
    {
        "type": "message",
        "user": "U0LPKCLLS",
        "text": "RIP my GPA",
        "ts": "1471629145.000115"
    },
    {
        "type": "message",
        "user": "U0L7K1PB4",
        "text": "you gonna put your gpa on your tombstone or what",
        "ts": "1471629178.000116",
        "reactions": [
            {
                "name": "joy",
                "users": [
                    "U06TBPWAW"
                ],
                "count": 1
            }
        ]
    },
    {
        "type": "message",
        "user": "U0L7K1PB4",
        "text": "gpa is for underachievers :japanese_ogre:",
        "ts": "1471629199.000117"
    },
    {
        "type": "message",
        "user": "U0LPKCLLS",
        "text": "Bold move, Cotton",
        "ts": "1471629218.000118"
    },
    {
        "type": "message",
        "user": "U0LPKCLLS",
        "text": "I've found a few places care actually, like USAA",
        "ts": "1471629236.000119"
    },
    {
        "type": "message",
        "user": "U06TD3AUW",
        "text": "And Exxon",
        "ts": "1471629287.000120"
    },
    {
        "type": "message",
        "user": "U0LPKCLLS",
        "text": "Though personally, I could care less about courses I need for some requirement",
        "ts": "1471629292.000121"
    },
    {
        "type": "message",
        "user": "U06TD3AUW",
        "text": "If you have lower than a 3.6 they literally just throw it away",
        "ts": "1471629308.000122"
    },
    {
        "type": "message",
        "user": "U0L7K1PB4",
        "text": "prob &amp; stats is actually *cool* and *good* so do yourself a favor and switch to zhao after the first week",
        "ts": "1471629331.000123",
        "reactions": [
            {
                "name": "clap",
                "users": [
                    "U06STR2NR"
                ],
                "count": 1
            }
        ]
    },
    {
        "type": "message",
        "user": "U06TD3AUW",
        "text": "<@U0LPKCLLS>: yea I just put my \"major gpa\" on my resume and that seemed to suffice",
        "ts": "1471629346.000124"
    },
    {
        "type": "message",
        "user": "U0LPKCLLS",
        "text": "Admiral Zhao teaches? What is this place, Ba Sing Se?",
        "ts": "1471629366.000125",
        "reactions": [
            {
                "name": "fire",
                "users": [
                    "U06TD3AUW",
                    "U06TBPWAW",
                    "U0L7GN8HM"
                ],
                "count": 3
            },
            {
                "name": "earth_americas",
                "users": [
                    "U06TD3AUW",
                    "U06TBPWAW"
                ],
                "count": 2
            },
            {
                "name": "dash",
                "users": [
                    "U06TD3AUW",
                    "U06TBPWAW"
                ],
                "count": 2
            },
            {
                "name": "droplet",
                "users": [
                    "U06TD3AUW",
                    "U06TBPWAW"
                ],
                "count": 2
            },
            {
                "name": "taco",
                "users": [
                    "U0L7K1PB4",
                    "U06TD3AUW"
                ],
                "count": 2
            }
        ]
    },
    {
        "type": "message",
        "user": "U06TD3AUW",
        "text": "yea probs and stats is essential if you are looking into data science stuff for the future",
        "ts": "1471629378.000126"
    },
    {
        "type": "message",
        "user": "U06TBPWAW",
        "text": "you win slack for the week <@U0LPKCLLS>",
        "ts": "1471629434.000127"
    },
    {
        "type": "message",
        "user": "U0LPKCLLS",
        "text": "Dude, literally I've seen Koh, Ju Lee, now Zhao",
        "ts": "1471629479.000128",
        "reactions": [
            {
                "name": "joy",
                "users": [
                    "U06TD3AUW"
                ],
                "count": 1
            }
        ]
    },
    {
        "type": "message",
        "user": "U06TD3AUW",
        "text": "Damnit! I wanted that award! I'll get you next time Mr. Poopybutthole!",
        "ts": "1471629497.000129"
    },
    {
        "type": "message",
        "user": "U0LPKCLLS",
        "text": "Ooo wee maybe next tiiiiime",
        "ts": "1471629516.000130"
    },
    {
        "type": "message",
        "user": "U06TD3AUW",
        "text": "lmao",
        "ts": "1471629520.000131"
    },
    {
        "type": "message",
        "user": "U0L7K1PB4",
        "text": "you should protest to the ISC (international slack committee duh)",
        "ts": "1471629538.000132"
    },
    {
        "type": "message",
        "user": "U06STR2NR",
        "text": "Thanks Mr. Poopybutthole. I can always count on you. ",
        "ts": "1471629540.000133",
        "reactions": [
            {
                "name": "+1",
                "users": [
                    "U0LPKCLLS"
                ],
                "count": 1
            }
        ]
    },
    {
        "type": "message",
        "user": "U06TD3AUW",
        "text": "\/giphy mr. poopybutthole",
        "attachments": [
            {
                "fallback": "giphy: <http:\/\/giphy.com\/gifs\/rickandmorty-rick-and-morty-episode-210-xTiTnKH3dDw1ww53R6>",
                "image_url": "http:\/\/media3.giphy.com\/media\/xTiTnKH3dDw1ww53R6\/giphy.gif",
                "image_width": 480,
                "image_height": 270,
                "image_bytes": 1220015,
                "is_animated": true,
                "title": "mr. poopybutthole",
                "id": 1,
                "title_link": "http:\/\/giphy.com\/gifs\/rickandmorty-rick-and-morty-episode-210-xTiTnKH3dDw1ww53R6"
            }
        ],
        "ts": "1471629563.000134"
    },
    {
        "type": "message",
        "user": "U0L7K1PB4",
        "text": "man got pizza on he head",
        "ts": "1471629646.000135"
    },
    {
        "type": "message",
        "user": "U0JMJDERY",
        "text": "two years or more",
        "ts": "1471630516.000136",
        "reactions": [
            {
                "name": "cry",
                "users": [
                    "U0LPKCLLS"
                ],
                "count": 1
            }
        ]
    }
]