[
    {
        "type": "message",
        "user": "U06TD3AUW",
        "text": "<!here|@here> What's everyone's go-to coding music playlist\/artist\/album\/song? While I've been loving my Tycho\/FTL playlist for coding, I'm interested in seeing what you guys listen to while coding\/studying.",
        "ts": "1474308808.000147"
    },
    {
        "type": "message",
        "user": "U0KN45G2W",
        "text": "<https:\/\/www.youtube.com\/watch?v=PGUX7cIMwoM>",
        "attachments": [
            {
                "service_name": "YouTube",
                "service_url": "https:\/\/www.youtube.com\/",
                "title": "Lil Jon - Bend Ova ft. Tyga",
                "title_link": "https:\/\/www.youtube.com\/watch?v=PGUX7cIMwoM",
                "author_name": "LilJonVEVO",
                "author_link": "https:\/\/www.youtube.com\/user\/LilJonVEVO",
                "thumb_url": "https:\/\/i.ytimg.com\/vi\/PGUX7cIMwoM\/hqdefault.jpg",
                "thumb_width": 480,
                "thumb_height": 360,
                "fallback": "YouTube Video: Lil Jon - Bend Ova ft. Tyga",
                "video_html": "<iframe width=\"400\" height=\"225\" src=\"https:\/\/www.youtube.com\/embed\/PGUX7cIMwoM?feature=oembed&autoplay=1&iv_load_policy=3\" frameborder=\"0\" allowfullscreen><\/iframe>",
                "video_html_width": 400,
                "video_html_height": 225,
                "from_url": "https:\/\/www.youtube.com\/watch?v=PGUX7cIMwoM",
                "service_icon": "https:\/\/a.slack-edge.com\/2089\/img\/unfurl_icons\/youtube.png",
                "id": 1
            }
        ],
        "ts": "1474309221.000148",
        "reactions": [
            {
                "name": "joy",
                "users": [
                    "U06TD3AUW"
                ],
                "count": 1
            }
        ]
    },
    {
        "type": "message",
        "user": "U2CPDV3HR",
        "text": "Honestly, I prefer quick, technical music for coding... be that intricacies in lyrics (Tech N9ne, Tonedeff, etc) or instruments (Protest the Hero, Destrage, etc). Pumps me up.",
        "ts": "1474309224.000150"
    },
    {
        "type": "message",
        "user": "U2BQ62Z6G",
        "text": "various electronic, sometimes i put this track on repeat <https:\/\/soundcloud.com\/siskiyousound\/firewood-ft-leo-goh>",
        "attachments": [
            {
                "service_name": "SoundCloud",
                "service_url": "http:\/\/soundcloud.com",
                "title": "FIREWOOD Ft. LEO GOH by -SISKIYOU-",
                "title_link": "https:\/\/soundcloud.com\/siskiyousound\/firewood-ft-leo-goh",
                "author_name": "-SISKIYOU-",
                "author_link": "https:\/\/soundcloud.com\/siskiyousound",
                "thumb_url": "http:\/\/i1.sndcdn.com\/artworks-000128519296-w5pb55-t500x500.jpg",
                "text": "\"Firewood\"\n\nGuitar - Leo Goh\n\nPlease subscribe to his youtube account:\n\n<https:\/\/www.youtube.com\/user\/LeoGohMusic>",
                "fallback": "SoundCloud Audio: Link: FIREWOOD Ft. LEO GOH by -SISKIYOU-",
                "audio_html": "<iframe width=\"100%\" height=\"150\" scrolling=\"no\" frameborder=\"no\" src=\"https:\/\/w.soundcloud.com\/player\/?visual=true&url=https%3A%2F%2Fapi.soundcloud.com%2Ftracks%2F222377527&show_artwork=true&maxheight=150\"><\/iframe>",
                "audio_html_width": 100,
                "audio_html_height": 150,
                "from_url": "https:\/\/soundcloud.com\/siskiyousound\/firewood-ft-leo-goh",
                "thumb_width": 500,
                "thumb_height": 500,
                "service_icon": "https:\/\/soundcloud.com\/favicon.ico",
                "id": 1
            }
        ],
        "ts": "1474309393.000151"
    },
    {
        "type": "message",
        "user": "U0L7K1PB4",
        "text": "This on repeat <https:\/\/www.youtube.com\/watch?v=1qN72LEQnaU>",
        "attachments": [
            {
                "service_name": "YouTube",
                "service_url": "https:\/\/www.youtube.com\/",
                "title": "The Hampsterdance Song",
                "title_link": "https:\/\/www.youtube.com\/watch?v=1qN72LEQnaU",
                "author_name": "Kamara666",
                "author_link": "https:\/\/www.youtube.com\/user\/Kamara666",
                "thumb_url": "https:\/\/i.ytimg.com\/vi\/1qN72LEQnaU\/hqdefault.jpg",
                "thumb_width": 480,
                "thumb_height": 360,
                "fallback": "YouTube Video: The Hampsterdance Song",
                "video_html": "<iframe width=\"400\" height=\"300\" src=\"https:\/\/www.youtube.com\/embed\/1qN72LEQnaU?feature=oembed&autoplay=1&iv_load_policy=3\" frameborder=\"0\" allowfullscreen><\/iframe>",
                "video_html_width": 400,
                "video_html_height": 300,
                "from_url": "https:\/\/www.youtube.com\/watch?v=1qN72LEQnaU",
                "service_icon": "https:\/\/a.slack-edge.com\/2089\/img\/unfurl_icons\/youtube.png",
                "id": 1
            }
        ],
        "ts": "1474309628.000153",
        "reactions": [
            {
                "name": "+1",
                "users": [
                    "U2BQ62Z6G"
                ],
                "count": 1
            },
            {
                "name": "hamster",
                "users": [
                    "U06TD3AUW"
                ],
                "count": 1
            }
        ]
    },
    {
        "type": "message",
        "user": "U06TD3AUW",
        "text": "<@U0KN45G2W> : LMAO I've never seen the music video before. Was not expecting that lol\n<@U2CPDV3HR>: Sweet! I'll check them out now!\n<@U2BQ62Z6G>: nice! Adding that to my playlist now!\n<@U0L7K1PB4>: An absolute classic.",
        "ts": "1474309954.000155"
    },
    {
        "type": "message",
        "user": "U0KN45G2W",
        "text": "lol",
        "ts": "1474309997.000156"
    },
    {
        "type": "message",
        "user": "U06TD3AUW",
        "text": "good shit <@U0KN45G2W> <@U0L7K1PB4> <@U2CPDV3HR> <@U2BQ62Z6G>",
        "ts": "1474310266.000157",
        "reactions": [
            {
                "name": "dancer",
                "users": [
                    "U2A8NPQQK"
                ],
                "count": 1
            }
        ]
    },
    {
        "type": "message",
        "user": "U2A8NPQQK",
        "text": "\n\n\n<https:\/\/txstatecs.growbot.io\/props\/|:dancer: I like your style.>  @sean `1`, @josh.granberry `1`, @markmcdermott `1` &amp; @kwd22 `1`. \n\n",
        "bot_id": "B2AA0ENUU",
        "ts": "1474310266.000158"
    },
    {
        "type": "message",
        "user": "U06STR2NR",
        "text": "<https:\/\/www.youtube.com\/watch?v=uVqNyEvRauI&amp;list=PLm091qu9kDS883YZfGZHHr1KN-rHCJ7Qa&amp;index=2>",
        "attachments": [
            {
                "service_name": "YouTube",
                "service_url": "https:\/\/www.youtube.com\/",
                "title": "London Elektricity - This Dark Matter (feat. Liane Carroll)",
                "title_link": "https:\/\/www.youtube.com\/watch?v=uVqNyEvRauI&amp;list=PLm091qu9kDS883YZfGZHHr1KN-rHCJ7Qa&amp;index=2",
                "author_name": "Hospital Records",
                "author_link": "https:\/\/www.youtube.com\/user\/HospitalRecords",
                "thumb_url": "https:\/\/i.ytimg.com\/vi\/uVqNyEvRauI\/hqdefault.jpg",
                "thumb_width": 480,
                "thumb_height": 360,
                "fallback": "YouTube Video: London Elektricity - This Dark Matter (feat. Liane Carroll)",
                "video_html": "<iframe width=\"400\" height=\"225\" src=\"https:\/\/www.youtube.com\/embed\/videoseries?list=PLm091qu9kDS883YZfGZHHr1KN-rHCJ7Qa\" frameborder=\"0\" allowfullscreen><\/iframe>",
                "video_html_width": 400,
                "video_html_height": 225,
                "from_url": "https:\/\/www.youtube.com\/watch?v=uVqNyEvRauI&amp;list=PLm091qu9kDS883YZfGZHHr1KN-rHCJ7Qa&amp;index=2",
                "service_icon": "https:\/\/a.slack-edge.com\/2089\/img\/unfurl_icons\/youtube.png",
                "id": 1
            }
        ],
        "ts": "1474320725.000159",
        "reactions": [
            {
                "name": "fb_like",
                "users": [
                    "U2BQ62Z6G"
                ],
                "count": 1
            },
            {
                "name": "+1",
                "users": [
                    "U06TD3AUW"
                ],
                "count": 1
            }
        ]
    },
    {
        "user": "U2DBU3859",
        "text": "<@U2DBU3859|mjn41> has joined the channel",
        "type": "message",
        "subtype": "channel_join",
        "ts": "1474324174.000161",
        "reactions": [
            {
                "name": "party_parrot",
                "users": [
                    "U06TD3AUW"
                ],
                "count": 1
            }
        ]
    },
    {
        "user": "U2DF07NCQ",
        "text": "<@U2DF07NCQ|kylerayg> has joined the channel",
        "type": "message",
        "subtype": "channel_join",
        "ts": "1474338025.000162"
    },
    {
        "user": "U2DFHUWG2",
        "text": "<@U2DFHUWG2|avd1> has joined the channel",
        "type": "message",
        "subtype": "channel_join",
        "ts": "1474338206.000163"
    },
    {
        "user": "U06T5A5KK",
        "text": "<@U06T5A5KK|bikinavisho> has left the channel",
        "type": "message",
        "subtype": "channel_leave",
        "ts": "1474346759.000164"
    }
]