[
    {
        "type": "message",
        "user": "U0Q6DBY7Q",
        "text": "I don't have very high hopes for this class",
        "ts": "1472757755.000050"
    },
    {
        "type": "message",
        "user": "U06TD3AUW",
        "text": "me neither...sucks cuz I was really looking forward to this class",
        "ts": "1472758967.000051"
    },
    {
        "type": "message",
        "user": "U0Q6DBY7Q",
        "text": "Yeah I was really excited about taking it.",
        "ts": "1472759048.000052"
    },
    {
        "type": "message",
        "user": "U06TBPWAW",
        "text": "Can still be excited for it. You'll still be making a full stack website",
        "ts": "1472759218.000053",
        "reactions": [
            {
                "name": "party_parrot",
                "users": [
                    "U0Q6DBY7Q"
                ],
                "count": 1
            }
        ]
    },
    {
        "type": "message",
        "user": "U06TD3AUW",
        "text": "Yea, true. I'm still excited for the course work and group projects. Was just hoping for some really informative lectures.",
        "ts": "1472759265.000054",
        "reactions": [
            {
                "name": "heavy_check_mark",
                "users": [
                    "U0Q6DBY7Q"
                ],
                "count": 1
            }
        ]
    },
    {
        "type": "message",
        "user": "U06TBPWAW",
        "text": "I feel like part of me is gone. MacBook is out for the week getting repaired. I hope she's alright. I just miss her. Well updated back with her results ",
        "ts": "1472759327.000055",
        "reactions": [
            {
                "name": "skull",
                "users": [
                    "U0Q6DBY7Q",
                    "U1B6UPLCU"
                ],
                "count": 2
            }
        ]
    },
    {
        "type": "message",
        "user": "U0L74J1CN",
        "text": "Do you have pictures of her to stare at and cry over?",
        "ts": "1472759398.000056"
    },
    {
        "type": "message",
        "subtype": "file_share",
        "text": "<@U06TD3AUW|jcflinn> uploaded a file: <https:\/\/txstatecs.slack.com\/files\/jcflinn\/F27E534VC\/brokenmac.jpg|Josh's Baby>",
        "file": {
            "id": "F27E534VC",
            "created": 1472759528,
            "timestamp": 1472759528,
            "name": "brokenmac.jpg",
            "title": "Josh's Baby",
            "mimetype": "image\/jpeg",
            "filetype": "jpg",
            "pretty_type": "JPEG",
            "user": "U06TD3AUW",
            "editable": false,
            "size": 54435,
            "mode": "hosted",
            "is_external": false,
            "external_type": "",
            "is_public": true,
            "public_url_shared": false,
            "display_as_bot": false,
            "username": "",
            "url_private": "https:\/\/files.slack.com\/files-pri\/T06STEZ2L-F27E534VC\/brokenmac.jpg?t=xoxe-6911509088-177219117537-177786475698-c3d3bb179c",
            "url_private_download": "https:\/\/files.slack.com\/files-pri\/T06STEZ2L-F27E534VC\/download\/brokenmac.jpg?t=xoxe-6911509088-177219117537-177786475698-c3d3bb179c",
            "thumb_64": "https:\/\/files.slack.com\/files-tmb\/T06STEZ2L-F27E534VC-190441f0bf\/brokenmac_64.jpg?t=xoxe-6911509088-177219117537-177786475698-c3d3bb179c",
            "thumb_80": "https:\/\/files.slack.com\/files-tmb\/T06STEZ2L-F27E534VC-190441f0bf\/brokenmac_80.jpg?t=xoxe-6911509088-177219117537-177786475698-c3d3bb179c",
            "thumb_360": "https:\/\/files.slack.com\/files-tmb\/T06STEZ2L-F27E534VC-190441f0bf\/brokenmac_360.jpg?t=xoxe-6911509088-177219117537-177786475698-c3d3bb179c",
            "thumb_360_w": 360,
            "thumb_360_h": 270,
            "thumb_480": "https:\/\/files.slack.com\/files-tmb\/T06STEZ2L-F27E534VC-190441f0bf\/brokenmac_480.jpg?t=xoxe-6911509088-177219117537-177786475698-c3d3bb179c",
            "thumb_480_w": 480,
            "thumb_480_h": 360,
            "thumb_160": "https:\/\/files.slack.com\/files-tmb\/T06STEZ2L-F27E534VC-190441f0bf\/brokenmac_160.jpg?t=xoxe-6911509088-177219117537-177786475698-c3d3bb179c",
            "image_exif_rotation": 1,
            "original_w": 610,
            "original_h": 458,
            "permalink": "https:\/\/txstatecs.slack.com\/files\/jcflinn\/F27E534VC\/brokenmac.jpg",
            "permalink_public": "https:\/\/slack-files.com\/T06STEZ2L-F27E534VC-85b11354e6",
            "channels": [
                "C06STNWGZ"
            ],
            "groups": [],
            "ims": [],
            "comments_count": 0,
            "reactions": [
                {
                    "name": "metal",
                    "users": [
                        "U1B6UPLCU"
                    ],
                    "count": 1
                }
            ]
        },
        "user": "U06TD3AUW",
        "upload": true,
        "display_as_bot": false,
        "username": "jcflinn",
        "bot_id": null,
        "ts": "1472759530.000057"
    },
    {
        "type": "message",
        "subtype": "file_share",
        "text": "<@U06TBPWAW|splitix> uploaded a file: <https:\/\/txstatecs.slack.com\/files\/splitix\/F27E5E5V4\/slack_for_ios_upload.jpg|Slack for iOS Upload>",
        "file": {
            "id": "F27E5E5V4",
            "created": 1472759579,
            "timestamp": 1472759579,
            "name": "Slack for iOS Upload.jpg",
            "title": "Slack for iOS Upload",
            "mimetype": "image\/jpeg",
            "filetype": "jpg",
            "pretty_type": "JPEG",
            "user": "U06TBPWAW",
            "editable": false,
            "size": 395332,
            "mode": "hosted",
            "is_external": false,
            "external_type": "",
            "is_public": true,
            "public_url_shared": false,
            "display_as_bot": false,
            "username": "",
            "url_private": "https:\/\/files.slack.com\/files-pri\/T06STEZ2L-F27E5E5V4\/slack_for_ios_upload.jpg?t=xoxe-6911509088-177219117537-177786475698-c3d3bb179c",
            "url_private_download": "https:\/\/files.slack.com\/files-pri\/T06STEZ2L-F27E5E5V4\/download\/slack_for_ios_upload.jpg?t=xoxe-6911509088-177219117537-177786475698-c3d3bb179c",
            "thumb_64": "https:\/\/files.slack.com\/files-tmb\/T06STEZ2L-F27E5E5V4-eb9a877ced\/slack_for_ios_upload_64.jpg?t=xoxe-6911509088-177219117537-177786475698-c3d3bb179c",
            "thumb_80": "https:\/\/files.slack.com\/files-tmb\/T06STEZ2L-F27E5E5V4-eb9a877ced\/slack_for_ios_upload_80.jpg?t=xoxe-6911509088-177219117537-177786475698-c3d3bb179c",
            "thumb_360": "https:\/\/files.slack.com\/files-tmb\/T06STEZ2L-F27E5E5V4-eb9a877ced\/slack_for_ios_upload_360.jpg?t=xoxe-6911509088-177219117537-177786475698-c3d3bb179c",
            "thumb_360_w": 203,
            "thumb_360_h": 360,
            "thumb_480": "https:\/\/files.slack.com\/files-tmb\/T06STEZ2L-F27E5E5V4-eb9a877ced\/slack_for_ios_upload_480.jpg?t=xoxe-6911509088-177219117537-177786475698-c3d3bb179c",
            "thumb_480_w": 270,
            "thumb_480_h": 480,
            "thumb_160": "https:\/\/files.slack.com\/files-tmb\/T06STEZ2L-F27E5E5V4-eb9a877ced\/slack_for_ios_upload_160.jpg?t=xoxe-6911509088-177219117537-177786475698-c3d3bb179c",
            "thumb_720": "https:\/\/files.slack.com\/files-tmb\/T06STEZ2L-F27E5E5V4-eb9a877ced\/slack_for_ios_upload_720.jpg?t=xoxe-6911509088-177219117537-177786475698-c3d3bb179c",
            "thumb_720_w": 405,
            "thumb_720_h": 720,
            "thumb_960": "https:\/\/files.slack.com\/files-tmb\/T06STEZ2L-F27E5E5V4-eb9a877ced\/slack_for_ios_upload_960.jpg?t=xoxe-6911509088-177219117537-177786475698-c3d3bb179c",
            "thumb_960_w": 540,
            "thumb_960_h": 960,
            "thumb_1024": "https:\/\/files.slack.com\/files-tmb\/T06STEZ2L-F27E5E5V4-eb9a877ced\/slack_for_ios_upload_1024.jpg?t=xoxe-6911509088-177219117537-177786475698-c3d3bb179c",
            "thumb_1024_w": 576,
            "thumb_1024_h": 1024,
            "image_exif_rotation": 1,
            "original_w": 1080,
            "original_h": 1920,
            "permalink": "https:\/\/txstatecs.slack.com\/files\/splitix\/F27E5E5V4\/slack_for_ios_upload.jpg",
            "permalink_public": "https:\/\/slack-files.com\/T06STEZ2L-F27E5E5V4-5fd72286c0",
            "channels": [
                "C06STNWGZ"
            ],
            "groups": [],
            "ims": [],
            "comments_count": 0
        },
        "user": "U06TBPWAW",
        "upload": true,
        "display_as_bot": false,
        "username": "splitix",
        "bot_id": null,
        "ts": "1472759583.000058"
    },
    {
        "type": "message",
        "user": "U0L74J1CN",
        "text": "Paaaaaaain",
        "ts": "1472759585.000059"
    },
    {
        "type": "message",
        "user": "U0Q6DBY7Q",
        "text": "<https:\/\/s-media-cache-ak0.pinimg.com\/736x\/11\/c2\/c8\/11c2c8fc3c0678101a020aaabb898e63.jpg>",
        "attachments": [
            {
                "fallback": "512x366px image",
                "image_url": "https:\/\/s-media-cache-ak0.pinimg.com\/736x\/11\/c2\/c8\/11c2c8fc3c0678101a020aaabb898e63.jpg",
                "image_width": 512,
                "image_height": 366,
                "image_bytes": 32928,
                "from_url": "https:\/\/s-media-cache-ak0.pinimg.com\/736x\/11\/c2\/c8\/11c2c8fc3c0678101a020aaabb898e63.jpg",
                "id": 1
            }
        ],
        "ts": "1472759623.000060",
        "reactions": [
            {
                "name": "laughing",
                "users": [
                    "U0KN45G2W"
                ],
                "count": 1
            },
            {
                "name": "smile_cat",
                "users": [
                    "U0KTJE2EM"
                ],
                "count": 1
            }
        ]
    },
    {
        "type": "message",
        "user": "U1B6UPLCU",
        "text": "that isnt a big blue mac is it? :cry: I feel for ya though <@U06TBPWAW>. if it's of any consolation, my 2 week old Nexus 6P was launched from a minivan doing burnouts in reverse yesterday.... it was just a wee baby",
        "ts": "1472763850.000063"
    },
    {
        "type": "message",
        "user": "U1B6UPLCU",
        "text": "that happen in class?",
        "ts": "1472763871.000064"
    },
    {
        "user": "U27EKB9QT",
        "text": "<@U27EKB9QT|mm1747> has joined the channel",
        "type": "message",
        "subtype": "channel_join",
        "ts": "1472770206.000065"
    },
    {
        "type": "message",
        "user": "U06STR2NR",
        "text": "if anyone likes jungle\/dnb music Kiva Lounge is putting on a show called Concrete Jungle tonight (and the first Thursday of every month) <http:\/\/kiva.localtickets.com\/event\/concrete-jungle-first-thursdays-at-kiva\/>",
        "attachments": [
            {
                "service_name": "Kiva Ticketing",
                "title": "Concrete Jungle (first Thursdays at Kiva)",
                "title_link": "http:\/\/kiva.localtickets.com\/event\/concrete-jungle-first-thursdays-at-kiva\/",
                "text": "Episode Phive &amp; Lionway Present: CONCRETE JUNGLE :Dub:::Ragga:::Jungle: Lionway Crew: Raggafarian Mutiny Mad Selekta Sterling Cutlass (first Thursdays at Kiva in San Marcos) NO COVER 21+",
                "fallback": "Kiva Ticketing: Concrete Jungle (first Thursdays at Kiva)",
                "thumb_url": "http:\/\/kiva.localtickets.com\/wp-content\/uploads\/sites\/24\/2016\/08\/facebook_event_615739411924225.jpg",
                "from_url": "http:\/\/kiva.localtickets.com\/event\/concrete-jungle-first-thursdays-at-kiva\/",
                "thumb_width": 720,
                "thumb_height": 477,
                "id": 1
            }
        ],
        "ts": "1472774814.000066"
    }
]