[
    {
        "type": "message",
        "user": "U0JMBJ5M2",
        "text": "Golang is the next language on my backlog, heard it's like C but for hipst- I mean more modern",
        "ts": "1475911226.000281"
    },
    {
        "type": "message",
        "user": "U06TD3AUW",
        "text": "<@U2BQ62Z6G> yea the one I listen to always references certain topics from shop talk and sometimes has guests on his show from shop talk. I'll give it a look see, thanks! ",
        "ts": "1475932873.000282",
        "reactions": [
            {
                "name": "bow",
                "users": [
                    "U2A8NPQQK"
                ],
                "count": 1
            },
            {
                "name": "+1",
                "users": [
                    "U2BQ62Z6G"
                ],
                "count": 1
            }
        ]
    },
    {
        "type": "message",
        "user": "U2A8NPQQK",
        "text": "\n\n\n<https:\/\/txstatecs.growbot.io\/props\/|:bow: Take a bow!>  @markmcdermott `5`. \n\n",
        "bot_id": "B2AA0ENUU",
        "edited": {
            "user": "U2A8NPQQK",
            "ts": "1475942364.000000"
        },
        "ts": "1475932874.000283"
    }
]