[
    {
        "type": "message",
        "user": "U06TD3AUW",
        "text": "When you push your code into production on a Friday afternoon.\n<https:\/\/i.imgur.com\/vaughVw.gifv>",
        "attachments": [
            {
                "service_name": "Imgur",
                "title": "Nailed it!",
                "title_link": "https:\/\/i.imgur.com\/vaughVw.gifv",
                "fallback": "Imgur: Nailed it!",
                "thumb_url": "https:\/\/i.imgur.com\/vaughVwh.jpg",
                "video_html_width": "720",
                "video_html_height": "720",
                "video_url": "https:\/\/i.imgur.com\/vaughVw.mp4",
                "video_html": "<video poster=\"https:\/\/i.imgur.com\/vaughVwh.jpg\" src=\"https:\/\/i.imgur.com\/vaughVw.mp4\" width=\"720\" height=\"720\" autoplay=\"autoplay\" preload=\"auto\" muted=\"muted\" loop=\"loop\" webkit-playsinline><\/video>",
                "from_url": "https:\/\/i.imgur.com\/vaughVw.gifv",
                "thumb_width": 720,
                "thumb_height": 720,
                "service_icon": "https:\/\/i.imgur.com\/favicon.ico",
                "id": 1
            }
        ],
        "ts": "1483141455.000056",
        "reactions": [
            {
                "name": "sweat_smile",
                "users": [
                    "U0KR8R2P9",
                    "U0KTJE2EM",
                    "U0Q6DBY7Q"
                ],
                "count": 3
            }
        ]
    }
]