[
    {
        "type": "message",
        "subtype": "file_share",
        "text": "<@U06TBPWAW|splitix> uploaded a file: <https:\/\/txstatecs.slack.com\/files\/splitix\/F3L5G30BD\/got_my_third_monitor__battlestation_.jpg|Got my third monitor (Battlestation)>",
        "file": {
            "id": "F3L5G30BD",
            "created": 1483224265,
            "timestamp": 1483224265,
            "name": "Got my third monitor (Battlestation).jpg",
            "title": "Got my third monitor (Battlestation)",
            "mimetype": "image\/jpeg",
            "filetype": "jpg",
            "pretty_type": "JPEG",
            "user": "U06TBPWAW",
            "editable": false,
            "size": 2149926,
            "mode": "hosted",
            "is_external": false,
            "external_type": "",
            "is_public": true,
            "public_url_shared": false,
            "display_as_bot": false,
            "username": "",
            "url_private": "https:\/\/files.slack.com\/files-pri\/T06STEZ2L-F3L5G30BD\/got_my_third_monitor__battlestation_.jpg?t=xoxe-6911509088-177219117537-177786475698-c3d3bb179c",
            "url_private_download": "https:\/\/files.slack.com\/files-pri\/T06STEZ2L-F3L5G30BD\/download\/got_my_third_monitor__battlestation_.jpg?t=xoxe-6911509088-177219117537-177786475698-c3d3bb179c",
            "thumb_64": "https:\/\/files.slack.com\/files-tmb\/T06STEZ2L-F3L5G30BD-6600f05e07\/got_my_third_monitor__battlestation__64.jpg?t=xoxe-6911509088-177219117537-177786475698-c3d3bb179c",
            "thumb_80": "https:\/\/files.slack.com\/files-tmb\/T06STEZ2L-F3L5G30BD-6600f05e07\/got_my_third_monitor__battlestation__80.jpg?t=xoxe-6911509088-177219117537-177786475698-c3d3bb179c",
            "thumb_360": "https:\/\/files.slack.com\/files-tmb\/T06STEZ2L-F3L5G30BD-6600f05e07\/got_my_third_monitor__battlestation__360.jpg?t=xoxe-6911509088-177219117537-177786475698-c3d3bb179c",
            "thumb_360_w": 360,
            "thumb_360_h": 270,
            "thumb_480": "https:\/\/files.slack.com\/files-tmb\/T06STEZ2L-F3L5G30BD-6600f05e07\/got_my_third_monitor__battlestation__480.jpg?t=xoxe-6911509088-177219117537-177786475698-c3d3bb179c",
            "thumb_480_w": 480,
            "thumb_480_h": 360,
            "thumb_160": "https:\/\/files.slack.com\/files-tmb\/T06STEZ2L-F3L5G30BD-6600f05e07\/got_my_third_monitor__battlestation__160.jpg?t=xoxe-6911509088-177219117537-177786475698-c3d3bb179c",
            "thumb_720": "https:\/\/files.slack.com\/files-tmb\/T06STEZ2L-F3L5G30BD-6600f05e07\/got_my_third_monitor__battlestation__720.jpg?t=xoxe-6911509088-177219117537-177786475698-c3d3bb179c",
            "thumb_720_w": 720,
            "thumb_720_h": 540,
            "thumb_960": "https:\/\/files.slack.com\/files-tmb\/T06STEZ2L-F3L5G30BD-6600f05e07\/got_my_third_monitor__battlestation__960.jpg?t=xoxe-6911509088-177219117537-177786475698-c3d3bb179c",
            "thumb_960_w": 960,
            "thumb_960_h": 720,
            "thumb_1024": "https:\/\/files.slack.com\/files-tmb\/T06STEZ2L-F3L5G30BD-6600f05e07\/got_my_third_monitor__battlestation__1024.jpg?t=xoxe-6911509088-177219117537-177786475698-c3d3bb179c",
            "thumb_1024_w": 1024,
            "thumb_1024_h": 768,
            "image_exif_rotation": 1,
            "original_w": 4032,
            "original_h": 3024,
            "permalink": "https:\/\/txstatecs.slack.com\/files\/splitix\/F3L5G30BD\/got_my_third_monitor__battlestation_.jpg",
            "permalink_public": "https:\/\/slack-files.com\/T06STEZ2L-F3L5G30BD-abbf5909cd",
            "channels": [
                "C06STNWGZ"
            ],
            "groups": [],
            "ims": [],
            "comments_count": 0,
            "reactions": [
                {
                    "name": "100",
                    "users": [
                        "U2BQ62Z6G",
                        "U06TD3AUW",
                        "U0LPKCLLS"
                    ],
                    "count": 3
                },
                {
                    "name": "+1",
                    "users": [
                        "U0MEFKFU7"
                    ],
                    "count": 1
                }
            ]
        },
        "user": "U06TBPWAW",
        "upload": true,
        "display_as_bot": false,
        "username": "splitix",
        "bot_id": null,
        "ts": "1483224269.000058"
    },
    {
        "type": "message",
        "user": "U06TD3AUW",
        "text": "<http:\/\/reddit.com\/r\/battlestations|reddit.com\/r\/battlestations>",
        "ts": "1483231640.000063"
    },
    {
        "type": "message",
        "user": "U06TD3AUW",
        "text": "@what wallpaper is the one on the left?",
        "ts": "1483231652.000064"
    },
    {
        "type": "message",
        "user": "U06TBPWAW",
        "text": "It's all one image I sliced to fix correctly across all monitors. One fire watch image ",
        "ts": "1483231907.000065"
    },
    {
        "type": "message",
        "user": "U06TD3AUW",
        "text": "It looks dope!",
        "ts": "1483232307.000066"
    }
]