[
    {
        "type": "message",
        "subtype": "file_share",
        "text": "<@U0JMBJ5M2|pokemonmegaman> uploaded a file: <https:\/\/txstatecs.slack.com\/files\/pokemonmegaman\/F30LMCT2R\/screenshot_2016-11-09-13-53-53.png|Perks of a well maintained github>",
        "file": {
            "id": "F30LMCT2R",
            "created": 1478721366,
            "timestamp": 1478721366,
            "name": "Screenshot_2016-11-09-13-53-53.png",
            "title": "Perks of a well maintained github",
            "mimetype": "image\/png",
            "filetype": "png",
            "pretty_type": "PNG",
            "user": "U0JMBJ5M2",
            "editable": false,
            "size": 287044,
            "mode": "hosted",
            "is_external": false,
            "external_type": "",
            "is_public": true,
            "public_url_shared": false,
            "display_as_bot": false,
            "username": "",
            "url_private": "https:\/\/files.slack.com\/files-pri\/T06STEZ2L-F30LMCT2R\/screenshot_2016-11-09-13-53-53.png?t=xoxe-6911509088-177219117537-177786475698-c3d3bb179c",
            "url_private_download": "https:\/\/files.slack.com\/files-pri\/T06STEZ2L-F30LMCT2R\/download\/screenshot_2016-11-09-13-53-53.png?t=xoxe-6911509088-177219117537-177786475698-c3d3bb179c",
            "thumb_64": "https:\/\/files.slack.com\/files-tmb\/T06STEZ2L-F30LMCT2R-444e749129\/screenshot_2016-11-09-13-53-53_64.png?t=xoxe-6911509088-177219117537-177786475698-c3d3bb179c",
            "thumb_80": "https:\/\/files.slack.com\/files-tmb\/T06STEZ2L-F30LMCT2R-444e749129\/screenshot_2016-11-09-13-53-53_80.png?t=xoxe-6911509088-177219117537-177786475698-c3d3bb179c",
            "thumb_360": "https:\/\/files.slack.com\/files-tmb\/T06STEZ2L-F30LMCT2R-444e749129\/screenshot_2016-11-09-13-53-53_360.png?t=xoxe-6911509088-177219117537-177786475698-c3d3bb179c",
            "thumb_360_w": 203,
            "thumb_360_h": 360,
            "thumb_480": "https:\/\/files.slack.com\/files-tmb\/T06STEZ2L-F30LMCT2R-444e749129\/screenshot_2016-11-09-13-53-53_480.png?t=xoxe-6911509088-177219117537-177786475698-c3d3bb179c",
            "thumb_480_w": 270,
            "thumb_480_h": 480,
            "thumb_160": "https:\/\/files.slack.com\/files-tmb\/T06STEZ2L-F30LMCT2R-444e749129\/screenshot_2016-11-09-13-53-53_160.png?t=xoxe-6911509088-177219117537-177786475698-c3d3bb179c",
            "thumb_720": "https:\/\/files.slack.com\/files-tmb\/T06STEZ2L-F30LMCT2R-444e749129\/screenshot_2016-11-09-13-53-53_720.png?t=xoxe-6911509088-177219117537-177786475698-c3d3bb179c",
            "thumb_720_w": 405,
            "thumb_720_h": 720,
            "thumb_960": "https:\/\/files.slack.com\/files-tmb\/T06STEZ2L-F30LMCT2R-444e749129\/screenshot_2016-11-09-13-53-53_960.png?t=xoxe-6911509088-177219117537-177786475698-c3d3bb179c",
            "thumb_960_w": 540,
            "thumb_960_h": 960,
            "thumb_1024": "https:\/\/files.slack.com\/files-tmb\/T06STEZ2L-F30LMCT2R-444e749129\/screenshot_2016-11-09-13-53-53_1024.png?t=xoxe-6911509088-177219117537-177786475698-c3d3bb179c",
            "thumb_1024_w": 576,
            "thumb_1024_h": 1024,
            "image_exif_rotation": 1,
            "original_w": 1080,
            "original_h": 1920,
            "permalink": "https:\/\/txstatecs.slack.com\/files\/pokemonmegaman\/F30LMCT2R\/screenshot_2016-11-09-13-53-53.png",
            "permalink_public": "https:\/\/slack-files.com\/T06STEZ2L-F30LMCT2R-d94582e3eb",
            "channels": [
                "C06STNWGZ"
            ],
            "groups": [],
            "ims": [],
            "comments_count": 0,
            "reactions": [
                {
                    "name": "100",
                    "users": [
                        "U0KTJE2EM"
                    ],
                    "count": 1
                }
            ]
        },
        "user": "U0JMBJ5M2",
        "upload": true,
        "display_as_bot": false,
        "username": "pokemonmegaman",
        "bot_id": null,
        "ts": "1478721373.000658"
    },
    {
        "type": "message",
        "user": "U0JMBJ5M2",
        "text": "Don't think I will be saying yes to the offer, but goes to show the value of a well maintained github page",
        "ts": "1478721414.000659"
    },
    {
        "type": "message",
        "user": "U0KN45G2W",
        "text": "Yeah, I need to get better about that",
        "ts": "1478727755.000660"
    },
    {
        "type": "message",
        "user": "U0KN45G2W",
        "text": "that’s awesome, though",
        "ts": "1478727761.000661"
    },
    {
        "type": "message",
        "user": "U0KN45G2W",
        "text": "congrats, even if you say no, that’s gotta feel good",
        "ts": "1478727768.000662"
    },
    {
        "type": "message",
        "subtype": "file_share",
        "text": "<@U0KTJE2EM|will> uploaded a file: <https:\/\/txstatecs.slack.com\/files\/will\/F30LZ4FS6\/screen_shot_2016-11-09_at_5.23.25_pm.png|Screen Shot 2016-11-09 at 5.23.25 PM.png> and commented: I got one of those a while back. Was totally skeptical from the names and overseas stuff though lol. Plus I like backend 10 fold compared to front end, so that was an instant no for me.",
        "file": {
            "id": "F30LZ4FS6",
            "created": 1478734145,
            "timestamp": 1478734145,
            "name": "Screen Shot 2016-11-09 at 5.23.25 PM.png",
            "title": "Screen Shot 2016-11-09 at 5.23.25 PM.png",
            "mimetype": "image\/png",
            "filetype": "png",
            "pretty_type": "PNG",
            "user": "U0KTJE2EM",
            "editable": false,
            "size": 124899,
            "mode": "hosted",
            "is_external": false,
            "external_type": "",
            "is_public": true,
            "public_url_shared": false,
            "display_as_bot": false,
            "username": "",
            "url_private": "https:\/\/files.slack.com\/files-pri\/T06STEZ2L-F30LZ4FS6\/screen_shot_2016-11-09_at_5.23.25_pm.png?t=xoxe-6911509088-177219117537-177786475698-c3d3bb179c",
            "url_private_download": "https:\/\/files.slack.com\/files-pri\/T06STEZ2L-F30LZ4FS6\/download\/screen_shot_2016-11-09_at_5.23.25_pm.png?t=xoxe-6911509088-177219117537-177786475698-c3d3bb179c",
            "thumb_64": "https:\/\/files.slack.com\/files-tmb\/T06STEZ2L-F30LZ4FS6-2668fd7ce2\/screen_shot_2016-11-09_at_5.23.25_pm_64.png?t=xoxe-6911509088-177219117537-177786475698-c3d3bb179c",
            "thumb_80": "https:\/\/files.slack.com\/files-tmb\/T06STEZ2L-F30LZ4FS6-2668fd7ce2\/screen_shot_2016-11-09_at_5.23.25_pm_80.png?t=xoxe-6911509088-177219117537-177786475698-c3d3bb179c",
            "thumb_360": "https:\/\/files.slack.com\/files-tmb\/T06STEZ2L-F30LZ4FS6-2668fd7ce2\/screen_shot_2016-11-09_at_5.23.25_pm_360.png?t=xoxe-6911509088-177219117537-177786475698-c3d3bb179c",
            "thumb_360_w": 360,
            "thumb_360_h": 353,
            "thumb_480": "https:\/\/files.slack.com\/files-tmb\/T06STEZ2L-F30LZ4FS6-2668fd7ce2\/screen_shot_2016-11-09_at_5.23.25_pm_480.png?t=xoxe-6911509088-177219117537-177786475698-c3d3bb179c",
            "thumb_480_w": 480,
            "thumb_480_h": 471,
            "thumb_160": "https:\/\/files.slack.com\/files-tmb\/T06STEZ2L-F30LZ4FS6-2668fd7ce2\/screen_shot_2016-11-09_at_5.23.25_pm_160.png?t=xoxe-6911509088-177219117537-177786475698-c3d3bb179c",
            "image_exif_rotation": 1,
            "original_w": 564,
            "original_h": 553,
            "permalink": "https:\/\/txstatecs.slack.com\/files\/will\/F30LZ4FS6\/screen_shot_2016-11-09_at_5.23.25_pm.png",
            "permalink_public": "https:\/\/slack-files.com\/T06STEZ2L-F30LZ4FS6-50d3722f62",
            "channels": [
                "C06STNWGZ"
            ],
            "groups": [],
            "ims": [],
            "comments_count": 1,
            "initial_comment": {
                "id": "Fc31BDA1HU",
                "created": 1478734145,
                "timestamp": 1478734145,
                "user": "U0KTJE2EM",
                "is_intro": true,
                "comment": "I got one of those a while back. Was totally skeptical from the names and overseas stuff though lol. Plus I like backend 10 fold compared to front end, so that was an instant no for me.",
                "channel": ""
            }
        },
        "user": "U0KTJE2EM",
        "upload": true,
        "display_as_bot": false,
        "username": "will",
        "bot_id": null,
        "ts": "1478734147.000663"
    },
    {
        "type": "message",
        "user": "U06STR2NR",
        "text": "Startup life seems like it definitely has benefits. I've been on hold with IBM \"help\" desk for 20 minutes",
        "ts": "1478735549.000665"
    },
    {
        "type": "message",
        "user": "U0JMBJ5M2",
        "text": "Startup life has its benefits, but one of the drawbacks, ironically, is no benifits.",
        "ts": "1478736574.000666",
        "reactions": [
            {
                "name": "clap::skin-tone-2",
                "users": [
                    "U2M75S2FQ",
                    "U0Q6DBY7Q",
                    "U0KTJE2EM",
                    "U06TD3AUW"
                ],
                "count": 4
            },
            {
                "name": "laughing",
                "users": [
                    "U06STR2NR"
                ],
                "count": 1
            }
        ]
    }
]