[
    {
        "type": "message",
        "user": "U0K96PWET",
        "text": "<https:\/\/pbs.twimg.com\/media\/Ct_tcMaWYAA4fIL.jpg:large>",
        "attachments": [
            {
                "fallback": "585x2048px image",
                "image_url": "https:\/\/pbs.twimg.com\/media\/Ct_tcMaWYAA4fIL.jpg:large",
                "image_width": 585,
                "image_height": 2048,
                "image_bytes": 311959,
                "from_url": "https:\/\/pbs.twimg.com\/media\/Ct_tcMaWYAA4fIL.jpg:large",
                "id": 1
            }
        ],
        "ts": "1475873580.000258"
    },
    {
        "type": "message",
        "user": "U0K96PWET",
        "text": "I don’t know most of these languages but the ones I do - teehee",
        "ts": "1475873597.000260",
        "reactions": [
            {
                "name": "heart",
                "users": [
                    "U0Q6DBY7Q"
                ],
                "count": 1
            },
            {
                "name": "computer",
                "users": [
                    "U0Q6DBY7Q"
                ],
                "count": 1
            }
        ]
    },
    {
        "type": "message",
        "user": "U06TD3AUW",
        "text": "lmao that php one made me bust out laughing",
        "ts": "1475873743.000261",
        "reactions": [
            {
                "name": "skull_and_crossbones",
                "users": [
                    "U0K96PWET"
                ],
                "count": 1
            }
        ]
    },
    {
        "type": "message",
        "user": "U0K96PWET",
        "text": "I like how the javascript dude is a hipster",
        "ts": "1475873947.000262"
    },
    {
        "type": "message",
        "user": "U06TD3AUW",
        "text": "lol I didn't even notice that at first haha",
        "ts": "1475873968.000263"
    },
    {
        "type": "message",
        "user": "U06TBPWAW",
        "text": "lol I love JS. I’m no hipster",
        "ts": "1475873981.000264",
        "reactions": [
            {
                "name": "hipster",
                "users": [
                    "U0Q6DBY7Q"
                ],
                "count": 1
            },
            {
                "name": "hipster_oversized_glasses",
                "users": [
                    "U0Q6DBY7Q"
                ],
                "count": 1
            }
        ]
    },
    {
        "type": "message",
        "user": "U06TD3AUW",
        "text": "I'm super curious about lisp now hah",
        "ts": "1475873986.000265"
    },
    {
        "type": "message",
        "user": "U06TBPWAW",
        "text": "Node is the greatest",
        "ts": "1475873997.000266",
        "reactions": [
            {
                "name": "javascript",
                "users": [
                    "U06TD3AUW",
                    "U0JMBJ5M2"
                ],
                "count": 2
            }
        ]
    },
    {
        "type": "message",
        "user": "U06TD3AUW",
        "text": "I like javascript, python, and C# so far. Though I haven't gotten too deep in any of those to really see the effects described in the comic.",
        "ts": "1475874698.000267"
    },
    {
        "type": "message",
        "user": "U0L57KVC2",
        "text": "Surprised there are no swift programmers here. ",
        "ts": "1475878228.000268"
    },
    {
        "type": "message",
        "user": "U06TD3AUW",
        "text": "I've been meaning to pick up swift. It's just way low on my priority backlog right now",
        "ts": "1475878367.000269",
        "reactions": [
            {
                "name": "party_parrot_shuffle",
                "users": [
                    "U0Q6DBY7Q"
                ],
                "count": 1
            }
        ]
    },
    {
        "type": "message",
        "user": "U0Q6DBY7Q",
        "text": "Priorities now: sleep and graduate",
        "ts": "1475878401.000270",
        "reactions": [
            {
                "name": "ok_hand",
                "users": [
                    "U06STR2NR"
                ],
                "count": 1
            }
        ]
    },
    {
        "type": "message",
        "user": "U06TD3AUW",
        "text": "My Priorities: Tacos and Money (for more tacos)",
        "ts": "1475878436.000271"
    },
    {
        "type": "message",
        "user": "U06TD3AUW",
        "text": "Does anyone listen to developer podcasts?",
        "ts": "1475879068.000272"
    },
    {
        "type": "message",
        "user": "U06TD3AUW",
        "text": "or am I the only lame one",
        "ts": "1475879197.000273"
    },
    {
        "type": "message",
        "user": "U0K96PWET",
        "text": "\/giphy crickets",
        "attachments": [
            {
                "fallback": "giphy: <http:\/\/giphy.com\/gifs\/crickets-Cv8gAYBIsyotG>",
                "image_url": "http:\/\/media2.giphy.com\/media\/Cv8gAYBIsyotG\/giphy.gif",
                "image_width": 196,
                "image_height": 155,
                "image_bytes": 90354,
                "is_animated": true,
                "title": "crickets",
                "id": 1,
                "title_link": "http:\/\/giphy.com\/gifs\/crickets-Cv8gAYBIsyotG"
            }
        ],
        "ts": "1475886581.000274",
        "reactions": [
            {
                "name": "feels",
                "users": [
                    "U06TD3AUW"
                ],
                "count": 1
            },
            {
                "name": "feelsbadman",
                "users": [
                    "U06TD3AUW"
                ],
                "count": 1
            },
            {
                "name": "sad_parrot",
                "users": [
                    "U06TD3AUW",
                    "U0Q6DBY7Q"
                ],
                "count": 2
            },
            {
                "name": "heart",
                "users": [
                    "U0Q6DBY7Q"
                ],
                "count": 1
            }
        ]
    },
    {
        "type": "message",
        "user": "U0L74J1CN",
        "text": "What developer podcasts? I haven't found many interesting ones on google music. I do sometimes listen to Security Now! ",
        "ts": "1475889661.000275"
    },
    {
        "type": "message",
        "user": "U06TD3AUW",
        "text": "Ive only really found one so far (Developer Tea) and I'm liking it, though I don't have much experience with them to know if it's \"good\" compared to others. \n\nI'm assuming Security Now deals with security? Lol",
        "ts": "1475889786.000276"
    },
    {
        "type": "message",
        "user": "U0L74J1CN",
        "text": "Lol yes\nBut I'll look into that one, i want a good podcast to listen to",
        "ts": "1475891879.000277"
    },
    {
        "type": "message",
        "user": "U2BQ62Z6G",
        "text": "i haven’t tuned in in awhile but shop talk is cool for front end",
        "ts": "1475894778.000278",
        "reactions": [
            {
                "name": "+1",
                "users": [
                    "U06TD3AUW"
                ],
                "count": 1
            }
        ]
    },
    {
        "type": "message",
        "user": "U2BQ62Z6G",
        "text": "the dude’s from austin, i believe",
        "ts": "1475894790.000279"
    },
    {
        "type": "message",
        "user": "U2BQ62Z6G",
        "text": "no scratch that, i don’t think he’s from austin lol :mario3:",
        "ts": "1475895247.000280"
    }
]