[
    {
        "type": "message",
        "user": "U1B6UPLCU",
        "text": "Low chance but: anyone have a gtx 1070 they're trying to offload?",
        "ts": "1473271002.000013"
    },
    {
        "type": "message",
        "user": "U1B6UPLCU",
        "text": "My second 4k monitor's in. &lt;g&gt; &amp; one wall mounts installed, seconds en route.",
        "ts": "1473271073.000014"
    },
    {
        "type": "message",
        "subtype": "file_share",
        "text": "<@U1B6UPLCU|ethan> uploaded a file: <https:\/\/txstatecs.slack.com\/files\/ethan\/F296KJC5A\/img_20160907_125553.jpg|All hail the floating monitor>",
        "file": {
            "id": "F296KJC5A",
            "created": 1473271109,
            "timestamp": 1473271109,
            "name": "IMG_20160907_125553.jpg",
            "title": "All hail the floating monitor",
            "mimetype": "image\/jpeg",
            "filetype": "jpg",
            "pretty_type": "JPEG",
            "user": "U1B6UPLCU",
            "editable": false,
            "size": 3148572,
            "mode": "hosted",
            "is_external": false,
            "external_type": "",
            "is_public": true,
            "public_url_shared": false,
            "display_as_bot": false,
            "username": "",
            "url_private": "https:\/\/files.slack.com\/files-pri\/T06STEZ2L-F296KJC5A\/img_20160907_125553.jpg?t=xoxe-6911509088-177219117537-177786475698-c3d3bb179c",
            "url_private_download": "https:\/\/files.slack.com\/files-pri\/T06STEZ2L-F296KJC5A\/download\/img_20160907_125553.jpg?t=xoxe-6911509088-177219117537-177786475698-c3d3bb179c",
            "thumb_64": "https:\/\/files.slack.com\/files-tmb\/T06STEZ2L-F296KJC5A-20c5bfe7cb\/img_20160907_125553_64.jpg?t=xoxe-6911509088-177219117537-177786475698-c3d3bb179c",
            "thumb_80": "https:\/\/files.slack.com\/files-tmb\/T06STEZ2L-F296KJC5A-20c5bfe7cb\/img_20160907_125553_80.jpg?t=xoxe-6911509088-177219117537-177786475698-c3d3bb179c",
            "thumb_360": "https:\/\/files.slack.com\/files-tmb\/T06STEZ2L-F296KJC5A-20c5bfe7cb\/img_20160907_125553_360.jpg?t=xoxe-6911509088-177219117537-177786475698-c3d3bb179c",
            "thumb_360_w": 269,
            "thumb_360_h": 360,
            "thumb_480": "https:\/\/files.slack.com\/files-tmb\/T06STEZ2L-F296KJC5A-20c5bfe7cb\/img_20160907_125553_480.jpg?t=xoxe-6911509088-177219117537-177786475698-c3d3bb179c",
            "thumb_480_w": 359,
            "thumb_480_h": 480,
            "thumb_160": "https:\/\/files.slack.com\/files-tmb\/T06STEZ2L-F296KJC5A-20c5bfe7cb\/img_20160907_125553_160.jpg?t=xoxe-6911509088-177219117537-177786475698-c3d3bb179c",
            "thumb_720": "https:\/\/files.slack.com\/files-tmb\/T06STEZ2L-F296KJC5A-20c5bfe7cb\/img_20160907_125553_720.jpg?t=xoxe-6911509088-177219117537-177786475698-c3d3bb179c",
            "thumb_720_w": 539,
            "thumb_720_h": 720,
            "thumb_960": "https:\/\/files.slack.com\/files-tmb\/T06STEZ2L-F296KJC5A-20c5bfe7cb\/img_20160907_125553_960.jpg?t=xoxe-6911509088-177219117537-177786475698-c3d3bb179c",
            "thumb_960_w": 718,
            "thumb_960_h": 960,
            "thumb_1024": "https:\/\/files.slack.com\/files-tmb\/T06STEZ2L-F296KJC5A-20c5bfe7cb\/img_20160907_125553_1024.jpg?t=xoxe-6911509088-177219117537-177786475698-c3d3bb179c",
            "thumb_1024_w": 766,
            "thumb_1024_h": 1024,
            "image_exif_rotation": 1,
            "original_w": 2992,
            "original_h": 4000,
            "permalink": "https:\/\/txstatecs.slack.com\/files\/ethan\/F296KJC5A\/img_20160907_125553.jpg",
            "permalink_public": "https:\/\/slack-files.com\/T06STEZ2L-F296KJC5A-88304a7958",
            "channels": [
                "C06STNWGZ"
            ],
            "groups": [],
            "ims": [],
            "comments_count": 0,
            "reactions": [
                {
                    "name": "100",
                    "users": [
                        "U0KTJE2EM"
                    ],
                    "count": 1
                },
                {
                    "name": "money_mouth_face",
                    "users": [
                        "U0KTJE2EM",
                        "U06TD3AUW"
                    ],
                    "count": 2
                }
            ]
        },
        "user": "U1B6UPLCU",
        "upload": true,
        "display_as_bot": false,
        "username": "ethan",
        "bot_id": null,
        "ts": "1473271116.000015"
    },
    {
        "type": "message",
        "user": "U1B6UPLCU",
        "text": "in other news: anyone looking for a good GPU upgrade? Once I find my nvidia replacement, Ill have 2 7970's for sale. They're monster cards, and quite the space heater for the upcoming winter season!",
        "ts": "1473271393.000016"
    },
    {
        "type": "message",
        "user": "U06TBPWAW",
        "text": "VR at the Barton creek mall",
        "ts": "1473290235.000019"
    },
    {
        "type": "message",
        "subtype": "file_share",
        "text": "<@U06TBPWAW|splitix> uploaded a file: <https:\/\/txstatecs.slack.com\/files\/splitix\/F298XQADR\/slack_for_ios_upload.jpg|Slack for iOS Upload>",
        "file": {
            "id": "F298XQADR",
            "created": 1473290252,
            "timestamp": 1473290252,
            "name": "Slack for iOS Upload.jpg",
            "title": "Slack for iOS Upload",
            "mimetype": "image\/jpeg",
            "filetype": "jpg",
            "pretty_type": "JPEG",
            "user": "U06TBPWAW",
            "editable": false,
            "size": 690429,
            "mode": "hosted",
            "is_external": false,
            "external_type": "",
            "is_public": true,
            "public_url_shared": false,
            "display_as_bot": false,
            "username": "",
            "url_private": "https:\/\/files.slack.com\/files-pri\/T06STEZ2L-F298XQADR\/slack_for_ios_upload.jpg?t=xoxe-6911509088-177219117537-177786475698-c3d3bb179c",
            "url_private_download": "https:\/\/files.slack.com\/files-pri\/T06STEZ2L-F298XQADR\/download\/slack_for_ios_upload.jpg?t=xoxe-6911509088-177219117537-177786475698-c3d3bb179c",
            "thumb_64": "https:\/\/files.slack.com\/files-tmb\/T06STEZ2L-F298XQADR-9772c524d8\/slack_for_ios_upload_64.jpg?t=xoxe-6911509088-177219117537-177786475698-c3d3bb179c",
            "thumb_80": "https:\/\/files.slack.com\/files-tmb\/T06STEZ2L-F298XQADR-9772c524d8\/slack_for_ios_upload_80.jpg?t=xoxe-6911509088-177219117537-177786475698-c3d3bb179c",
            "thumb_360": "https:\/\/files.slack.com\/files-tmb\/T06STEZ2L-F298XQADR-9772c524d8\/slack_for_ios_upload_360.jpg?t=xoxe-6911509088-177219117537-177786475698-c3d3bb179c",
            "thumb_360_w": 270,
            "thumb_360_h": 360,
            "thumb_480": "https:\/\/files.slack.com\/files-tmb\/T06STEZ2L-F298XQADR-9772c524d8\/slack_for_ios_upload_480.jpg?t=xoxe-6911509088-177219117537-177786475698-c3d3bb179c",
            "thumb_480_w": 360,
            "thumb_480_h": 480,
            "thumb_160": "https:\/\/files.slack.com\/files-tmb\/T06STEZ2L-F298XQADR-9772c524d8\/slack_for_ios_upload_160.jpg?t=xoxe-6911509088-177219117537-177786475698-c3d3bb179c",
            "thumb_720": "https:\/\/files.slack.com\/files-tmb\/T06STEZ2L-F298XQADR-9772c524d8\/slack_for_ios_upload_720.jpg?t=xoxe-6911509088-177219117537-177786475698-c3d3bb179c",
            "thumb_720_w": 540,
            "thumb_720_h": 720,
            "thumb_960": "https:\/\/files.slack.com\/files-tmb\/T06STEZ2L-F298XQADR-9772c524d8\/slack_for_ios_upload_960.jpg?t=xoxe-6911509088-177219117537-177786475698-c3d3bb179c",
            "thumb_960_w": 720,
            "thumb_960_h": 960,
            "thumb_1024": "https:\/\/files.slack.com\/files-tmb\/T06STEZ2L-F298XQADR-9772c524d8\/slack_for_ios_upload_1024.jpg?t=xoxe-6911509088-177219117537-177786475698-c3d3bb179c",
            "thumb_1024_w": 768,
            "thumb_1024_h": 1024,
            "image_exif_rotation": 1,
            "original_w": 1512,
            "original_h": 2016,
            "permalink": "https:\/\/txstatecs.slack.com\/files\/splitix\/F298XQADR\/slack_for_ios_upload.jpg",
            "permalink_public": "https:\/\/slack-files.com\/T06STEZ2L-F298XQADR-92440c5848",
            "channels": [
                "C06STNWGZ"
            ],
            "groups": [],
            "ims": [],
            "comments_count": 0
        },
        "user": "U06TBPWAW",
        "upload": true,
        "display_as_bot": false,
        "username": "splitix",
        "bot_id": null,
        "ts": "1473290257.000020"
    },
    {
        "type": "message",
        "subtype": "file_share",
        "text": "<@U06TBPWAW|splitix> uploaded a file: <https:\/\/txstatecs.slack.com\/files\/splitix\/F29AVA70A\/slack_for_ios_upload.jpg|Slack for iOS Upload>",
        "file": {
            "id": "F29AVA70A",
            "created": 1473290275,
            "timestamp": 1473290275,
            "name": "Slack for iOS Upload.jpg",
            "title": "Slack for iOS Upload",
            "mimetype": "image\/jpeg",
            "filetype": "jpg",
            "pretty_type": "JPEG",
            "user": "U06TBPWAW",
            "editable": false,
            "size": 524908,
            "mode": "hosted",
            "is_external": false,
            "external_type": "",
            "is_public": true,
            "public_url_shared": false,
            "display_as_bot": false,
            "username": "",
            "url_private": "https:\/\/files.slack.com\/files-pri\/T06STEZ2L-F29AVA70A\/slack_for_ios_upload.jpg?t=xoxe-6911509088-177219117537-177786475698-c3d3bb179c",
            "url_private_download": "https:\/\/files.slack.com\/files-pri\/T06STEZ2L-F29AVA70A\/download\/slack_for_ios_upload.jpg?t=xoxe-6911509088-177219117537-177786475698-c3d3bb179c",
            "thumb_64": "https:\/\/files.slack.com\/files-tmb\/T06STEZ2L-F29AVA70A-8749693898\/slack_for_ios_upload_64.jpg?t=xoxe-6911509088-177219117537-177786475698-c3d3bb179c",
            "thumb_80": "https:\/\/files.slack.com\/files-tmb\/T06STEZ2L-F29AVA70A-8749693898\/slack_for_ios_upload_80.jpg?t=xoxe-6911509088-177219117537-177786475698-c3d3bb179c",
            "thumb_360": "https:\/\/files.slack.com\/files-tmb\/T06STEZ2L-F29AVA70A-8749693898\/slack_for_ios_upload_360.jpg?t=xoxe-6911509088-177219117537-177786475698-c3d3bb179c",
            "thumb_360_w": 270,
            "thumb_360_h": 360,
            "thumb_480": "https:\/\/files.slack.com\/files-tmb\/T06STEZ2L-F29AVA70A-8749693898\/slack_for_ios_upload_480.jpg?t=xoxe-6911509088-177219117537-177786475698-c3d3bb179c",
            "thumb_480_w": 360,
            "thumb_480_h": 480,
            "thumb_160": "https:\/\/files.slack.com\/files-tmb\/T06STEZ2L-F29AVA70A-8749693898\/slack_for_ios_upload_160.jpg?t=xoxe-6911509088-177219117537-177786475698-c3d3bb179c",
            "thumb_720": "https:\/\/files.slack.com\/files-tmb\/T06STEZ2L-F29AVA70A-8749693898\/slack_for_ios_upload_720.jpg?t=xoxe-6911509088-177219117537-177786475698-c3d3bb179c",
            "thumb_720_w": 540,
            "thumb_720_h": 720,
            "thumb_960": "https:\/\/files.slack.com\/files-tmb\/T06STEZ2L-F29AVA70A-8749693898\/slack_for_ios_upload_960.jpg?t=xoxe-6911509088-177219117537-177786475698-c3d3bb179c",
            "thumb_960_w": 720,
            "thumb_960_h": 960,
            "thumb_1024": "https:\/\/files.slack.com\/files-tmb\/T06STEZ2L-F29AVA70A-8749693898\/slack_for_ios_upload_1024.jpg?t=xoxe-6911509088-177219117537-177786475698-c3d3bb179c",
            "thumb_1024_w": 768,
            "thumb_1024_h": 1024,
            "image_exif_rotation": 1,
            "original_w": 1512,
            "original_h": 2016,
            "permalink": "https:\/\/txstatecs.slack.com\/files\/splitix\/F29AVA70A\/slack_for_ios_upload.jpg",
            "permalink_public": "https:\/\/slack-files.com\/T06STEZ2L-F29AVA70A-aabdca70f8",
            "channels": [
                "C06STNWGZ"
            ],
            "groups": [],
            "ims": [],
            "comments_count": 0
        },
        "user": "U06TBPWAW",
        "upload": true,
        "display_as_bot": false,
        "username": "splitix",
        "bot_id": null,
        "ts": "1473290278.000021"
    },
    {
        "type": "message",
        "user": "U06TD3AUW",
        "text": "ayyyy",
        "ts": "1473290357.000022"
    },
    {
        "type": "message",
        "user": "U06TD3AUW",
        "text": "never heard of them",
        "ts": "1473290361.000023"
    },
    {
        "type": "message",
        "user": "U06TD3AUW",
        "text": "so they're probably trash",
        "ts": "1473290367.000024"
    },
    {
        "type": "message",
        "user": "U06TD3AUW",
        "text": "lol",
        "ts": "1473290367.000025"
    },
    {
        "type": "message",
        "user": "U06TD3AUW",
        "text": "try it and let me know! lol",
        "ts": "1473290385.000026"
    },
    {
        "type": "message",
        "user": "U0L7K1PB4",
        "text": "malls still exist?",
        "ts": "1473294876.000027"
    },
    {
        "type": "message",
        "user": "U0K97DSGZ",
        "text": "I have a GTX 1070. I use it to play Faster than Light… Slight overkill I guess.",
        "ts": "1473301480.000029",
        "reactions": [
            {
                "name": "the_horns",
                "users": [
                    "U1B6UPLCU",
                    "U06TD3AUW"
                ],
                "count": 2
            }
        ]
    }
]