[
    {
        "type": "message",
        "user": "U0JMBJ5M2",
        "text": "<https:\/\/www.facebook.com\/hdadd\/videos\/10157576067105265\/>",
        "attachments": [
            {
                "service_name": "Facebook",
                "service_url": "https:\/\/www.facebook.com",
                "author_name": "Brian",
                "author_link": "https:\/\/www.facebook.com\/hdadd",
                "fallback": "Facebook Video: ",
                "from_url": "https:\/\/www.facebook.com\/hdadd\/videos\/10157576067105265\/",
                "id": 1
            }
        ],
        "ts": "1478541935.000653"
    },
    {
        "type": "message",
        "user": "U0JMBJ5M2",
        "text": "the future is now",
        "ts": "1478541939.000655"
    }
]