[
    {
        "type": "message",
        "user": "U0MEFKFU7",
        "text": "<@U0Q6DBY7Q> When the buzzmill opens, i believe they serve chicken and waffles 24\/7",
        "ts": "1473796332.000079",
        "reactions": [
            {
                "name": "hatching_chick",
                "users": [
                    "U0Q6DBY7Q",
                    "U06TD3AUW"
                ],
                "count": 2
            },
            {
                "name": "waffle",
                "users": [
                    "U0Q6DBY7Q",
                    "U06TD3AUW"
                ],
                "count": 2
            }
        ]
    },
    {
        "type": "message",
        "user": "U0Q6DBY7Q",
        "text": "I want chicken and waffles 24\/7! Thanks!!",
        "ts": "1473799458.000080"
    },
    {
        "type": "message",
        "user": "U06TBPWAW",
        "text": "I’m more of a Steak and Pancakes kind of guy",
        "ts": "1473801160.000081"
    },
    {
        "type": "message",
        "user": "U0Q6DBY7Q",
        "text": "Bacon pancakes",
        "ts": "1473801197.000082"
    },
    {
        "type": "message",
        "user": "U06TD3AUW",
        "text": "\/gif bacon pancakes",
        "ts": "1473801215.000083",
        "reactions": [
            {
                "name": "+1",
                "users": [
                    "U0Q6DBY7Q"
                ],
                "count": 1
            }
        ]
    },
    {
        "text": "",
        "bot_id": "B2A9URYCQ",
        "attachments": [
            {
                "fallback": "<https:\/\/media.giphy.com\/media\/10rMO9xsxzy5H2\/giphy.gif>",
                "image_url": "https:\/\/media.giphy.com\/media\/10rMO9xsxzy5H2\/giphy.gif",
                "image_width": 500,
                "image_height": 283,
                "image_bytes": 323826,
                "is_animated": true,
                "id": 1
            }
        ],
        "type": "message",
        "subtype": "bot_message",
        "ts": "1473801215.000084"
    },
    {
        "type": "message",
        "user": "U0Q6DBY7Q",
        "text": "Yesssss",
        "ts": "1473801233.000085"
    },
    {
        "type": "message",
        "user": "U0Q6DBY7Q",
        "text": "Have you guys seen the mash up with this song and New York??",
        "ts": "1473801281.000086"
    },
    {
        "type": "message",
        "user": "U0Q6DBY7Q",
        "text": "<https:\/\/www.youtube.com\/watch?v=cUYSGojUuAU>",
        "attachments": [
            {
                "service_name": "YouTube",
                "service_url": "https:\/\/www.youtube.com\/",
                "title": "Adventure Time - Bacon Pancakes - New York remix",
                "title_link": "https:\/\/www.youtube.com\/watch?v=cUYSGojUuAU",
                "author_name": "jbattyb",
                "author_link": "https:\/\/www.youtube.com\/user\/jbattyb",
                "thumb_url": "https:\/\/i.ytimg.com\/vi\/cUYSGojUuAU\/hqdefault.jpg",
                "thumb_width": 480,
                "thumb_height": 360,
                "fallback": "YouTube Video: Adventure Time - Bacon Pancakes - New York remix",
                "video_html": "<iframe width=\"400\" height=\"225\" src=\"https:\/\/www.youtube.com\/embed\/cUYSGojUuAU?feature=oembed&autoplay=1&iv_load_policy=3\" frameborder=\"0\" allowfullscreen><\/iframe>",
                "video_html_width": 400,
                "video_html_height": 225,
                "from_url": "https:\/\/www.youtube.com\/watch?v=cUYSGojUuAU",
                "service_icon": "https:\/\/a.slack-edge.com\/2089\/img\/unfurl_icons\/youtube.png",
                "id": 1
            }
        ],
        "ts": "1473801286.000087",
        "reactions": [
            {
                "name": "heart_eyes",
                "users": [
                    "U06STR2NR"
                ],
                "count": 1
            }
        ]
    },
    {
        "type": "message",
        "user": "U0Q6DBY7Q",
        "text": "I'm pretty sure this is the right video but I can't test it out in class....lol",
        "ts": "1473801305.000089"
    },
    {
        "type": "message",
        "user": "U06TD3AUW",
        "text": "yea I was going to see if there was a gif of it but that would be dumb since you kinda need the music haha",
        "ts": "1473801361.000090"
    },
    {
        "type": "message",
        "user": "U06TD3AUW",
        "text": "\/gif bacon pancakes alicia keys",
        "ts": "1473801371.000091"
    },
    {
        "text": "",
        "bot_id": "B2A9URYCQ",
        "attachments": [
            {
                "fallback": "<https:\/\/45.media.tumblr.com\/4d59c4465d3580f7203b27bea03f625f\/tumblr_mn7y1bK9gR1qawhtxo1_500.gif>",
                "image_url": "https:\/\/45.media.tumblr.com\/4d59c4465d3580f7203b27bea03f625f\/tumblr_mn7y1bK9gR1qawhtxo1_500.gif",
                "image_width": 500,
                "image_height": 282,
                "image_bytes": 906988,
                "is_animated": true,
                "id": 1
            }
        ],
        "type": "message",
        "subtype": "bot_message",
        "ts": "1473801372.000092"
    },
    {
        "type": "message",
        "user": "U06TD3AUW",
        "text": "nope",
        "ts": "1473801378.000093"
    },
    {
        "type": "message",
        "user": "U0Q6DBY7Q",
        "text": "RightGIF is much more accurate than giphy",
        "ts": "1473801397.000094"
    },
    {
        "type": "message",
        "user": "U0Q6DBY7Q",
        "text": "\/giphy bacon pancakes",
        "attachments": [
            {
                "fallback": "giphy: <http:\/\/giphy.com\/gifs\/dont-ask-bacon-pancakes-honestly-i-cant-explain-R520X6D8NNIoU>",
                "image_url": "https:\/\/media1.giphy.com\/media\/R520X6D8NNIoU\/giphy.gif",
                "image_width": 632,
                "image_height": 462,
                "image_bytes": 97199,
                "is_animated": true,
                "title": "bacon pancakes",
                "id": 1,
                "title_link": "http:\/\/giphy.com\/gifs\/dont-ask-bacon-pancakes-honestly-i-cant-explain-R520X6D8NNIoU"
            }
        ],
        "ts": "1473801409.000095"
    },
    {
        "type": "message",
        "user": "U06TD3AUW",
        "text": "yea I use it when I want a specific gif (like specifically adventure time) but giphy if I don't really care what comes up haha",
        "ts": "1473801427.000096"
    },
    {
        "type": "message",
        "user": "U06TD3AUW",
        "text": "at least it had the lyrics right",
        "ts": "1473801444.000097",
        "reactions": [
            {
                "name": "+1",
                "users": [
                    "U0Q6DBY7Q"
                ],
                "count": 1
            }
        ]
    },
    {
        "type": "message",
        "user": "U0Q6DBY7Q",
        "text": "Has anyone ever been to Pacha? They have amazing stuffed pancakes.",
        "ts": "1473801500.000098"
    },
    {
        "type": "message",
        "user": "U0Q6DBY7Q",
        "text": "<https:\/\/www.yelp.com\/biz_photos\/pacha-austin?select=Wv996l6kRMkfKbDhAMzdkA>",
        "attachments": [
            {
                "service_name": "Yelp",
                "title": "Pacha photos",
                "title_link": "https:\/\/www.yelp.com\/biz_photos\/pacha-austin?select=Wv996l6kRMkfKbDhAMzdkA",
                "text": "Pear, bacon, scallion pancake",
                "fallback": "Yelp: Pacha photos",
                "thumb_url": "https:\/\/s3-media3.fl.yelpcdn.com\/bphoto\/Wv996l6kRMkfKbDhAMzdkA\/o.jpg",
                "from_url": "https:\/\/www.yelp.com\/biz_photos\/pacha-austin?select=Wv996l6kRMkfKbDhAMzdkA",
                "thumb_width": 1000,
                "thumb_height": 750,
                "service_icon": "http:\/\/s3-media2.fl.yelpcdn.com\/assets\/srv0\/yelp_styleguide\/118ff475a341\/assets\/img\/logos\/favicon.ico",
                "id": 1
            }
        ],
        "ts": "1473801531.000099"
    },
    {
        "type": "message",
        "user": "U0Q6DBY7Q",
        "text": "<https:\/\/www.yelp.com\/biz_photos\/pacha-austin?select=C94P_rIaw1OKy2Z5LqLbug>",
        "attachments": [
            {
                "service_name": "Yelp",
                "title": "Pacha photos",
                "title_link": "https:\/\/www.yelp.com\/biz_photos\/pacha-austin?select=C94P_rIaw1OKy2Z5LqLbug",
                "text": "Apple cinnamon pancake",
                "fallback": "Yelp: Pacha photos",
                "thumb_url": "https:\/\/s3-media2.fl.yelpcdn.com\/bphoto\/C94P_rIaw1OKy2Z5LqLbug\/o.jpg",
                "from_url": "https:\/\/www.yelp.com\/biz_photos\/pacha-austin?select=C94P_rIaw1OKy2Z5LqLbug",
                "thumb_width": 750,
                "thumb_height": 1000,
                "service_icon": "http:\/\/s3-media2.fl.yelpcdn.com\/assets\/srv0\/yelp_styleguide\/118ff475a341\/assets\/img\/logos\/favicon.ico",
                "id": 1
            }
        ],
        "ts": "1473801542.000101"
    },
    {
        "type": "message",
        "user": "U06TD3AUW",
        "text": "why am I just know discovering \"stuffed pancakes\"...",
        "ts": "1473801596.000103"
    },
    {
        "type": "message",
        "user": "U0Q6DBY7Q",
        "text": "<@U06TD3AUW>  Is it cheat meal time yet?",
        "ts": "1473801614.000104"
    },
    {
        "type": "message",
        "user": "U06TD3AUW",
        "text": "I have like 2 weeks until my next one haha",
        "ts": "1473801634.000105",
        "reactions": [
            {
                "name": "taco",
                "users": [
                    "U0Q6DBY7Q"
                ],
                "count": 1
            }
        ]
    },
    {
        "type": "message",
        "user": "U06TD3AUW",
        "text": "\/gif cheat meal",
        "ts": "1473801648.000106"
    },
    {
        "text": "",
        "bot_id": "B2A9URYCQ",
        "attachments": [
            {
                "fallback": "<http:\/\/img.ifcdn.com\/images\/e1a342d95adf4575662e8134d2775e0693f58687f9545b443eb6c57a0860c83d_1.gif>",
                "image_url": "http:\/\/img.ifcdn.com\/images\/e1a342d95adf4575662e8134d2775e0693f58687f9545b443eb6c57a0860c83d_1.gif",
                "image_width": 498,
                "image_height": 386,
                "image_bytes": 953314,
                "is_animated": true,
                "id": 1
            }
        ],
        "type": "message",
        "subtype": "bot_message",
        "ts": "1473801650.000107"
    },
    {
        "type": "message",
        "user": "U0LPKCLLS",
        "text": "Wait, there's a giphy bot?",
        "ts": "1473805712.000108"
    },
    {
        "type": "message",
        "user": "U06TD3AUW",
        "text": "`\/giphy` are random gifs that aren't always relevant, but can be funny sometimes\n`\/gif` are a bit more accurate in my experience. ",
        "ts": "1473805835.000109"
    },
    {
        "type": "message",
        "user": "U0LPKCLLS",
        "text": "Legit",
        "ts": "1473806139.000110"
    },
    {
        "type": "message",
        "user": "U0Q6DBY7Q",
        "text": "\/giphy legit",
        "attachments": [
            {
                "fallback": "giphy: <http:\/\/giphy.com\/gifs\/arg-xTiQysAAe1IB2jaV56>",
                "image_url": "http:\/\/media.giphy.com\/media\/xTiQysAAe1IB2jaV56\/giphy-tumblr.gif",
                "image_width": 250,
                "image_height": 179,
                "image_bytes": 723756,
                "is_animated": true,
                "title": "legit",
                "id": 1,
                "title_link": "http:\/\/giphy.com\/gifs\/arg-xTiQysAAe1IB2jaV56"
            }
        ],
        "ts": "1473806168.000111"
    },
    {
        "type": "message",
        "user": "U0L74J1CN",
        "text": "\/gif giphy",
        "ts": "1473806188.000112"
    },
    {
        "text": "",
        "bot_id": "B2A9URYCQ",
        "attachments": [
            {
                "fallback": "<https:\/\/media.giphy.com\/media\/oXWwl0eUy2mNW\/giphy.gif>",
                "image_url": "https:\/\/media.giphy.com\/media\/oXWwl0eUy2mNW\/giphy.gif",
                "image_width": 500,
                "image_height": 266,
                "image_bytes": 1033791,
                "is_animated": true,
                "id": 1
            }
        ],
        "type": "message",
        "subtype": "bot_message",
        "ts": "1473806188.000113"
    },
    {
        "type": "message",
        "user": "U06TD3AUW",
        "text": "Lol",
        "ts": "1473806252.000115"
    },
    {
        "type": "message",
        "user": "U0LPKCLLS",
        "text": "Haha right gif is on point",
        "ts": "1473806256.000116"
    },
    {
        "type": "message",
        "user": "U0Q6DBY7Q",
        "text": "I'm more of a fan of giphy",
        "ts": "1473806307.000117"
    },
    {
        "type": "message",
        "user": "U06TD3AUW",
        "text": "I've been hurt too much by giphy ",
        "ts": "1473806325.000118",
        "reactions": [
            {
                "name": "cry",
                "users": [
                    "U0Q6DBY7Q"
                ],
                "count": 1
            }
        ]
    },
    {
        "type": "message",
        "user": "U06TD3AUW",
        "text": "I have trust issues now",
        "ts": "1473806339.000119"
    },
    {
        "type": "message",
        "user": "U0L74J1CN",
        "text": "Giphy is like a grab bag from dollar tree where sometimes is garbage but then sometimes it's amazing and you can't help but to keep going back to it",
        "ts": "1473806358.000120",
        "reactions": [
            {
                "name": "doge",
                "users": [
                    "U0Q6DBY7Q"
                ],
                "count": 1
            }
        ]
    },
    {
        "type": "message",
        "user": "U0Q6DBY7Q",
        "text": "Exactly",
        "ts": "1473806509.000121"
    },
    {
        "type": "message",
        "user": "U0L74J1CN",
        "text": "\/giphy gif",
        "attachments": [
            {
                "fallback": "giphy: <http:\/\/giphy.com\/gifs\/disneypixar-pixar-disney-WGOlH30rfQWUo>",
                "image_url": "http:\/\/media2.giphy.com\/media\/WGOlH30rfQWUo\/giphy.gif",
                "image_width": 506,
                "image_height": 212,
                "image_bytes": 903316,
                "is_animated": true,
                "title": "gif",
                "id": 1,
                "title_link": "http:\/\/giphy.com\/gifs\/disneypixar-pixar-disney-WGOlH30rfQWUo"
            }
        ],
        "ts": "1473806557.000122"
    },
    {
        "text": "",
        "username": "jcflinn",
        "icons": {
            "image_48": "https:\/\/s3-us-west-2.amazonaws.com\/slack-files2\/bot_icons\/2016-09-10\/78284974083_48.png"
        },
        "bot_id": "B2A8CSA1Z",
        "attachments": [
            {
                "fallback": "meme one does not simply\nforget meme bot",
                "image_url": "http:\/\/memegen.link\/mordor\/one%20does%20not%20simply\/forget%20meme%20bot.jpg",
                "image_width": 500,
                "image_height": 294,
                "image_bytes": 28754,
                "id": 1
            }
        ],
        "type": "message",
        "subtype": "bot_message",
        "ts": "1473806601.000123"
    },
    {
        "user": "U2BC83YJG",
        "text": "<@U2BC83YJG|nityam> has joined the channel",
        "type": "message",
        "subtype": "channel_join",
        "ts": "1473816106.000124"
    },
    {
        "type": "message",
        "user": "U0MEFKFU7",
        "text": "stuffed pancakes makes me think of snooze, and how i wish i didnt have to drive to austin to partake.",
        "ts": "1473824076.000125"
    },
    {
        "type": "message",
        "user": "U0MEFKFU7",
        "text": "<http:\/\/snoozeeatery.com\/tx-menu\/> soo good",
        "ts": "1473824117.000126",
        "reactions": [
            {
                "name": "gandalf",
                "users": [
                    "U06TD3AUW"
                ],
                "count": 1
            }
        ]
    },
    {
        "type": "message",
        "user": "U0MEFKFU7",
        "text": "also has anyone played with <https:\/\/mesos.apache.org\/>",
        "attachments": [
            {
                "title": "Apache Mesos",
                "title_link": "https:\/\/mesos.apache.org\/",
                "fallback": "Apache Mesos",
                "image_url": "https:\/\/mesos.apache.org\/assets\/img\/mesos_logo_fb_preview.png",
                "from_url": "https:\/\/mesos.apache.org\/",
                "image_width": 250,
                "image_height": 250,
                "image_bytes": 9911,
                "service_icon": "https:\/\/mesos.apache.org\/favicon.ico",
                "service_name": "mesos.apache.org",
                "id": 1
            }
        ],
        "ts": "1473824236.000127"
    }
]