[
    {
        "type": "message",
        "user": "U0L7K1PB4",
        "text": "<https:\/\/i.kinja-img.com\/gawker-media\/image\/upload\/s--BpmDHXWg--\/c_scale,fl_progressive,q_80,w_800\/eqkradggncpl37e7d4on.gif>",
        "attachments": [
            {
                "fallback": "800x430px image",
                "image_url": "https:\/\/i.kinja-img.com\/gawker-media\/image\/upload\/s--BpmDHXWg--\/c_scale,fl_progressive,q_80,w_800\/eqkradggncpl37e7d4on.gif",
                "image_width": 800,
                "image_height": 430,
                "image_bytes": 7636372,
                "is_animated": true,
                "from_url": "https:\/\/i.kinja-img.com\/gawker-media\/image\/upload\/s--BpmDHXWg--\/c_scale,fl_progressive,q_80,w_800\/eqkradggncpl37e7d4on.gif",
                "id": 1
            }
        ],
        "ts": "1466783195.000002"
    },
    {
        "type": "message",
        "user": "U0L7K1PB4",
        "text": "it’s mesmerizing",
        "ts": "1466783203.000004"
    },
    {
        "type": "message",
        "user": "U06TD3AUW",
        "text": "The banana slip was glorious ",
        "ts": "1466783241.000005"
    }
]