[
    {
        "type": "message",
        "user": "U06TD3AUW",
        "text": "has anyone checked out the windows 10 anniversary update yet?",
        "ts": "1470162291.000002"
    },
    {
        "type": "message",
        "user": "U0KN45G2W",
        "text": "Can’t say that I have, what’s it include?",
        "edited": {
            "user": "U0KN45G2W",
            "ts": "1470164146.000000"
        },
        "ts": "1470164140.000003"
    },
    {
        "type": "message",
        "user": "U06TD3AUW",
        "text": "If I remember correctly:\n- Mirror Android Notifications\n- Dark Theme\n- An actual Bash Shell (_finally_)\n- Extensions for Edge\n- Cortana improvements\n- Microsoft Ink (for those with surfaces)\n- Xbox One and Windows 10 \"Play Anywhere\"\n- And other minor improvements to settings, taskbar, security, multi desktop, etc",
        "ts": "1470164828.000005"
    },
    {
        "type": "message",
        "user": "U06TD3AUW",
        "text": "Was mainly seeing if anyone tried out the Bash addition yet",
        "ts": "1470164842.000006"
    },
    {
        "type": "message",
        "user": "U0JMJDERY",
        "text": "Nope",
        "ts": "1470165524.000007"
    },
    {
        "type": "message",
        "user": "U1B6UPLCU",
        "text": "er",
        "ts": "1470165931.000008"
    },
    {
        "type": "message",
        "user": "U1B6UPLCU",
        "text": "how do you get this anniversary update?",
        "ts": "1470165940.000009"
    },
    {
        "type": "message",
        "user": "U06TD3AUW",
        "text": "have windows 10, check for updates in the settings window",
        "ts": "1470165976.000010"
    },
    {
        "type": "message",
        "user": "U1B6UPLCU",
        "text": "'preeeesh. booting up the dell rn",
        "ts": "1470166001.000011"
    },
    {
        "type": "message",
        "subtype": "file_share",
        "text": "<@U06TD3AUW|jcflinn> uploaded a file: <https:\/\/txstatecs.slack.com\/files\/jcflinn\/F1XH77YKZ\/anniversaryupdate.png|anniversaryupdate.PNG>",
        "file": {
            "id": "F1XH77YKZ",
            "created": 1470166013,
            "timestamp": 1470166013,
            "name": "anniversaryupdate.PNG",
            "title": "anniversaryupdate.PNG",
            "mimetype": "image\/png",
            "filetype": "png",
            "pretty_type": "PNG",
            "user": "U06TD3AUW",
            "editable": false,
            "size": 31714,
            "mode": "hosted",
            "is_external": false,
            "external_type": "",
            "is_public": true,
            "public_url_shared": false,
            "display_as_bot": false,
            "username": "",
            "url_private": "https:\/\/files.slack.com\/files-pri\/T06STEZ2L-F1XH77YKZ\/anniversaryupdate.png?t=xoxe-6911509088-177219117537-177786475698-c3d3bb179c",
            "url_private_download": "https:\/\/files.slack.com\/files-pri\/T06STEZ2L-F1XH77YKZ\/download\/anniversaryupdate.png?t=xoxe-6911509088-177219117537-177786475698-c3d3bb179c",
            "thumb_64": "https:\/\/files.slack.com\/files-tmb\/T06STEZ2L-F1XH77YKZ-201aeea237\/anniversaryupdate_64.png?t=xoxe-6911509088-177219117537-177786475698-c3d3bb179c",
            "thumb_80": "https:\/\/files.slack.com\/files-tmb\/T06STEZ2L-F1XH77YKZ-201aeea237\/anniversaryupdate_80.png?t=xoxe-6911509088-177219117537-177786475698-c3d3bb179c",
            "thumb_360": "https:\/\/files.slack.com\/files-tmb\/T06STEZ2L-F1XH77YKZ-201aeea237\/anniversaryupdate_360.png?t=xoxe-6911509088-177219117537-177786475698-c3d3bb179c",
            "thumb_360_w": 360,
            "thumb_360_h": 212,
            "thumb_480": "https:\/\/files.slack.com\/files-tmb\/T06STEZ2L-F1XH77YKZ-201aeea237\/anniversaryupdate_480.png?t=xoxe-6911509088-177219117537-177786475698-c3d3bb179c",
            "thumb_480_w": 480,
            "thumb_480_h": 283,
            "thumb_160": "https:\/\/files.slack.com\/files-tmb\/T06STEZ2L-F1XH77YKZ-201aeea237\/anniversaryupdate_160.png?t=xoxe-6911509088-177219117537-177786475698-c3d3bb179c",
            "thumb_720": "https:\/\/files.slack.com\/files-tmb\/T06STEZ2L-F1XH77YKZ-201aeea237\/anniversaryupdate_720.png?t=xoxe-6911509088-177219117537-177786475698-c3d3bb179c",
            "thumb_720_w": 720,
            "thumb_720_h": 424,
            "thumb_960": "https:\/\/files.slack.com\/files-tmb\/T06STEZ2L-F1XH77YKZ-201aeea237\/anniversaryupdate_960.png?t=xoxe-6911509088-177219117537-177786475698-c3d3bb179c",
            "thumb_960_w": 960,
            "thumb_960_h": 565,
            "thumb_1024": "https:\/\/files.slack.com\/files-tmb\/T06STEZ2L-F1XH77YKZ-201aeea237\/anniversaryupdate_1024.png?t=xoxe-6911509088-177219117537-177786475698-c3d3bb179c",
            "thumb_1024_w": 1024,
            "thumb_1024_h": 603,
            "image_exif_rotation": 1,
            "original_w": 1432,
            "original_h": 843,
            "permalink": "https:\/\/txstatecs.slack.com\/files\/jcflinn\/F1XH77YKZ\/anniversaryupdate.png",
            "permalink_public": "https:\/\/slack-files.com\/T06STEZ2L-F1XH77YKZ-46096b8f8e",
            "channels": [
                "C06STNWGZ"
            ],
            "groups": [],
            "ims": [],
            "comments_count": 0
        },
        "user": "U06TD3AUW",
        "upload": true,
        "display_as_bot": false,
        "username": "jcflinn",
        "bot_id": null,
        "ts": "1470166016.000012"
    },
    {
        "type": "message",
        "user": "U06TD3AUW",
        "text": "I made the mistake of starting the update at work with the suppppppeeeeer _slow_ public wifi",
        "ts": "1470166065.000013"
    },
    {
        "type": "message",
        "user": "U1B6UPLCU",
        "text": "winkey + \"check\" works swell too. mine just finished... gotta love grande :upside_down_face:",
        "ts": "1470166082.000014"
    },
    {
        "type": "message",
        "user": "U1B6UPLCU",
        "text": "WinKey*",
        "ts": "1470166090.000015"
    },
    {
        "type": "message",
        "user": "U06TD3AUW",
        "text": "danggg",
        "ts": "1470166118.000016"
    },
    {
        "type": "message",
        "user": "U06TD3AUW",
        "text": "Mine has taken 20 min already for just 3%...",
        "ts": "1470166127.000017"
    },
    {
        "type": "message",
        "subtype": "file_share",
        "text": "<@U1B6UPLCU|ethan> uploaded a file: <https:\/\/txstatecs.slack.com\/files\/ethan\/F1XHHFNLR\/untitled.png|Untitled> and commented: walked off, think I misread the first progress bar but it just wrapped up &lt;g&gt;",
        "file": {
            "id": "F1XHHFNLR",
            "created": 1470166914,
            "timestamp": 1470166914,
            "name": "Untitled.png",
            "title": "Untitled",
            "mimetype": "image\/png",
            "filetype": "png",
            "pretty_type": "PNG",
            "user": "U1B6UPLCU",
            "editable": false,
            "size": 2459641,
            "mode": "hosted",
            "is_external": false,
            "external_type": "",
            "is_public": true,
            "public_url_shared": false,
            "display_as_bot": false,
            "username": "",
            "url_private": "https:\/\/files.slack.com\/files-pri\/T06STEZ2L-F1XHHFNLR\/untitled.png?t=xoxe-6911509088-177219117537-177786475698-c3d3bb179c",
            "url_private_download": "https:\/\/files.slack.com\/files-pri\/T06STEZ2L-F1XHHFNLR\/download\/untitled.png?t=xoxe-6911509088-177219117537-177786475698-c3d3bb179c",
            "thumb_64": "https:\/\/files.slack.com\/files-tmb\/T06STEZ2L-F1XHHFNLR-de409593c7\/untitled_64.png?t=xoxe-6911509088-177219117537-177786475698-c3d3bb179c",
            "thumb_80": "https:\/\/files.slack.com\/files-tmb\/T06STEZ2L-F1XHHFNLR-de409593c7\/untitled_80.png?t=xoxe-6911509088-177219117537-177786475698-c3d3bb179c",
            "thumb_360": "https:\/\/files.slack.com\/files-tmb\/T06STEZ2L-F1XHHFNLR-de409593c7\/untitled_360.png?t=xoxe-6911509088-177219117537-177786475698-c3d3bb179c",
            "thumb_360_w": 360,
            "thumb_360_h": 203,
            "thumb_480": "https:\/\/files.slack.com\/files-tmb\/T06STEZ2L-F1XHHFNLR-de409593c7\/untitled_480.png?t=xoxe-6911509088-177219117537-177786475698-c3d3bb179c",
            "thumb_480_w": 480,
            "thumb_480_h": 270,
            "thumb_160": "https:\/\/files.slack.com\/files-tmb\/T06STEZ2L-F1XHHFNLR-de409593c7\/untitled_160.png?t=xoxe-6911509088-177219117537-177786475698-c3d3bb179c",
            "thumb_720": "https:\/\/files.slack.com\/files-tmb\/T06STEZ2L-F1XHHFNLR-de409593c7\/untitled_720.png?t=xoxe-6911509088-177219117537-177786475698-c3d3bb179c",
            "thumb_720_w": 720,
            "thumb_720_h": 405,
            "thumb_960": "https:\/\/files.slack.com\/files-tmb\/T06STEZ2L-F1XHHFNLR-de409593c7\/untitled_960.png?t=xoxe-6911509088-177219117537-177786475698-c3d3bb179c",
            "thumb_960_w": 960,
            "thumb_960_h": 540,
            "thumb_1024": "https:\/\/files.slack.com\/files-tmb\/T06STEZ2L-F1XHHFNLR-de409593c7\/untitled_1024.png?t=xoxe-6911509088-177219117537-177786475698-c3d3bb179c",
            "thumb_1024_w": 1024,
            "thumb_1024_h": 576,
            "image_exif_rotation": 1,
            "original_w": 3200,
            "original_h": 1800,
            "permalink": "https:\/\/txstatecs.slack.com\/files\/ethan\/F1XHHFNLR\/untitled.png",
            "permalink_public": "https:\/\/slack-files.com\/T06STEZ2L-F1XHHFNLR-4290465e6b",
            "channels": [
                "C06STNWGZ"
            ],
            "groups": [],
            "ims": [],
            "comments_count": 1,
            "initial_comment": {
                "id": "Fc1XH5JEUQ",
                "created": 1470166914,
                "timestamp": 1470166914,
                "user": "U1B6UPLCU",
                "is_intro": true,
                "comment": "walked off, think I misread the first progress bar but it just wrapped up &lt;g&gt;",
                "channel": ""
            }
        },
        "user": "U1B6UPLCU",
        "upload": true,
        "display_as_bot": false,
        "username": "ethan",
        "bot_id": null,
        "ts": "1470166919.000018"
    },
    {
        "type": "message",
        "user": "U0LPKCLLS",
        "text": "I didn't even know there was such an update",
        "ts": "1470166973.000019"
    },
    {
        "type": "message",
        "user": "U1B6UPLCU",
        "text": "me either. thanks for the info json",
        "ts": "1470167008.000020"
    },
    {
        "type": "message",
        "user": "U06TD3AUW",
        "text": "omg lol the interns here call me json haha",
        "ts": "1470167602.000021"
    },
    {
        "type": "message",
        "user": "U06TD3AUW",
        "text": "but you're welcome!",
        "ts": "1470167602.000022"
    },
    {
        "type": "message",
        "user": "U06TD3AUW",
        "text": "\/giphy the more you know!",
        "attachments": [
            {
                "fallback": "giphy: <http:\/\/giphy.com\/gifs\/Kul18f5GtqnSg>",
                "image_url": "http:\/\/media1.giphy.com\/media\/Kul18f5GtqnSg\/giphy.gif",
                "image_width": 480,
                "image_height": 360,
                "image_bytes": 1355003,
                "is_animated": true,
                "title": "the more you know!",
                "id": 1,
                "title_link": "http:\/\/giphy.com\/gifs\/Kul18f5GtqnSg"
            }
        ],
        "ts": "1470167633.000023"
    },
    {
        "type": "message",
        "user": "U1B6UPLCU",
        "text": "where're you interning?",
        "ts": "1470167916.000024"
    },
    {
        "type": "message",
        "user": "U06TD3AUW",
        "text": "Home Depot in Austin",
        "ts": "1470168095.000025"
    },
    {
        "type": "message",
        "user": "U1B6UPLCU",
        "text": "oh naice. not your first rodeo there, right?",
        "ts": "1470168125.000026"
    },
    {
        "type": "message",
        "user": "U06TD3AUW",
        "text": "Actually this is my first internship lol",
        "ts": "1470168177.000027"
    },
    {
        "type": "message",
        "user": "U1B6UPLCU",
        "text": "ah neat man. Thought you were there with kmoney last summer for some reason.",
        "ts": "1470168298.000028"
    },
    {
        "type": "message",
        "user": "U1B6UPLCU",
        "text": "howre you liking it?",
        "ts": "1470168301.000029"
    },
    {
        "type": "message",
        "user": "U06TD3AUW",
        "text": "Ah nah I wish I took an internship last semester. And I'm enjoying it so far. Super laid back. Wish I could do projects for every department to get a feel for all of them as I'm still interested in some other fields. But I'll take what I can get! The pay is also nice ha. ",
        "ts": "1470173020.000030"
    },
    {
        "type": "message",
        "user": "U0L74J1CN",
        "text": "Money is nice to have now hahaha",
        "ts": "1470173055.000031"
    },
    {
        "type": "message",
        "user": "U1B6UPLCU",
        "text": "CS money is quite enjoyable :slightly_smiling_face: glad youre enjoying it for a first run. It'll really only get better from here lol",
        "ts": "1470173567.000032"
    },
    {
        "type": "message",
        "user": "U0K96PWET",
        "text": "speaking of making that $$ I had my first interview for a real grown up job",
        "ts": "1470174084.000033"
    },
    {
        "type": "message",
        "user": "U1B6UPLCU",
        "text": "How was that <@U0K96PWET> ? You still up in NC? :grin:",
        "ts": "1470174393.000034"
    },
    {
        "type": "message",
        "user": "U0K96PWET",
        "text": "yup. It was an hour an a half long but I enjoyed talking with everyone. So I feel like it was a good way to kick things off.",
        "ts": "1470174445.000035"
    },
    {
        "type": "message",
        "user": "U0L74J1CN",
        "text": "Good job :thumbsup: ",
        "ts": "1470174485.000036",
        "reactions": [
            {
                "name": "smile",
                "users": [
                    "U0K96PWET"
                ],
                "count": 1
            }
        ]
    },
    {
        "type": "message",
        "user": "U1B6UPLCU",
        "text": "cool beans. never hurts to get ample face time! was that with bigblue or no?",
        "ts": "1470174537.000037"
    },
    {
        "type": "message",
        "user": "U0K96PWET",
        "text": "oh you know it. I drank the kool-aid.",
        "ts": "1470174633.000038",
        "reactions": [
            {
                "name": "wine_glass",
                "users": [
                    "U06TD3AUW"
                ],
                "count": 1
            }
        ]
    },
    {
        "type": "message",
        "user": "U0K96PWET",
        "text": "I've also been networking with every design person I run into. I'm all up in their business.",
        "ts": "1470174654.000039"
    },
    {
        "type": "message",
        "user": "U1B6UPLCU",
        "text": "ha nothings wrong with that as long as they dont take you down to jonestown on a business trip :coffee::frog:",
        "ts": "1470174665.000040"
    },
    {
        "type": "message",
        "user": "U0K96PWET",
        "text": "I have business cards too.",
        "ts": "1470174669.000041",
        "reactions": [
            {
                "name": "sunglasses",
                "users": [
                    "U06TD3AUW"
                ],
                "count": 1
            }
        ]
    },
    {
        "type": "message",
        "user": "U0K96PWET",
        "text": "hahaha",
        "ts": "1470174686.000042"
    },
    {
        "type": "message",
        "user": "U1B6UPLCU",
        "text": "very cool. congrats! theyre trying to keep you out east then?",
        "ts": "1470174688.000043"
    },
    {
        "type": "message",
        "user": "U0K96PWET",
        "text": "I'm looking at both sites. I like it here so I'm not opposed to moving out here.",
        "ts": "1470174708.000044"
    },
    {
        "type": "message",
        "user": "U0K96PWET",
        "text": "it's quiet but still fun - less traffic",
        "ts": "1470174724.000045"
    },
    {
        "type": "message",
        "user": "U1B6UPLCU",
        "text": "wonder how the CoL is different. dat ~6% state income tax wouldnt be the most fun but Im sure they make up for it elsewhere lol",
        "ts": "1470174773.000046"
    },
    {
        "type": "message",
        "user": "U0K96PWET",
        "text": "didn't think about that",
        "ts": "1470174818.000047"
    },
    {
        "type": "message",
        "user": "U0K96PWET",
        "text": "hmm... on second thought...",
        "ts": "1470174823.000048"
    },
    {
        "type": "message",
        "user": "U1B6UPLCU",
        "text": "haha",
        "ts": "1470174826.000049"
    },
    {
        "type": "message",
        "user": "U1B6UPLCU",
        "text": "land and houses probably cost a lot less though. no one will know if its worth it but youuuu",
        "ts": "1470174851.000050"
    },
    {
        "type": "message",
        "user": "U0K96PWET",
        "text": "yeah housing is affordable for sure",
        "ts": "1470174883.000051"
    }
]