[
    {
        "type": "message",
        "user": "U2M75S2FQ",
        "text": "<https:\/\/wakatime.com\/>",
        "attachments": [
            {
                "service_name": "WakaTime",
                "title": "Metrics for programmers automatically generated from your coding activity",
                "title_link": "https:\/\/wakatime.com\/",
                "text": "Open-source text editor plugins for metrics about your programming.",
                "fallback": "WakaTime: Metrics for programmers automatically generated from your coding activity",
                "image_url": "https:\/\/wakatime.com\/static\/img\/fitbit-for-your-programming.png",
                "from_url": "https:\/\/wakatime.com\/",
                "image_width": 477,
                "image_height": 250,
                "image_bytes": 198930,
                "service_icon": "https:\/\/wakatime.com\/static\/img\/apple-touch-icon-57x57.png",
                "id": 1
            }
        ],
        "ts": "1479785897.000708",
        "reactions": [
            {
                "name": "+1",
                "users": [
                    "U2BQ62Z6G",
                    "U0KR8R2P9",
                    "U06TD3AUW"
                ],
                "count": 3
            }
        ]
    },
    {
        "type": "message",
        "user": "U2M75S2FQ",
        "text": "seems hela useful",
        "ts": "1479785902.000710"
    }
]