[
    {
        "type": "message",
        "user": "U06TD3AUW",
        "text": "Whelp...this class is already disappointing.... :disappointed:",
        "ts": "1472585653.000011"
    },
    {
        "type": "message",
        "user": "U0KN45G2W",
        "text": "which one?",
        "ts": "1472587606.000012"
    },
    {
        "type": "message",
        "user": "U06TD3AUW",
        "text": "Internet software dev with podorozhny ",
        "ts": "1472588520.000013"
    },
    {
        "type": "message",
        "user": "U1B6UPLCU",
        "text": "How late was he to class?",
        "ts": "1472589210.000014"
    },
    {
        "type": "message",
        "user": "U06TD3AUW",
        "text": "15 min lol",
        "ts": "1472589293.000015",
        "reactions": [
            {
                "name": "hankey",
                "users": [
                    "U1B6UPLCU",
                    "U0Q6DBY7Q"
                ],
                "count": 2
            }
        ]
    },
    {
        "type": "message",
        "user": "U1B6UPLCU",
        "text": "haha knew it.",
        "ts": "1472589572.000016"
    },
    {
        "type": "message",
        "user": "U06TD3AUW",
        "text": "lol is he always this late?",
        "ts": "1472589805.000017"
    },
    {
        "type": "message",
        "user": "U0KN45G2W",
        "text": "wait",
        "ts": "1472590304.000018"
    },
    {
        "type": "message",
        "user": "U0KN45G2W",
        "text": "P-rod is teaching internet software dev?",
        "edited": {
            "user": "U0KN45G2W",
            "ts": "1472590318.000000"
        },
        "ts": "1472590310.000019"
    },
    {
        "type": "message",
        "user": "U06TD3AUW",
        "text": "yup",
        "ts": "1472590319.000021"
    },
    {
        "type": "message",
        "user": "U0KN45G2W",
        "text": "jesus",
        "ts": "1472590322.000022"
    },
    {
        "type": "message",
        "user": "U0Q6DBY7Q",
        "text": "He clearly didn't want to",
        "ts": "1472590322.000023"
    },
    {
        "type": "message",
        "user": "U06TD3AUW",
        "text": "ekstrand left",
        "ts": "1472590324.000024"
    },
    {
        "type": "message",
        "user": "U0KN45G2W",
        "text": "I know",
        "ts": "1472590327.000025"
    },
    {
        "type": "message",
        "user": "U06TD3AUW",
        "text": "yea I think he didn't even know until 10 min prior",
        "ts": "1472590334.000026"
    },
    {
        "type": "message",
        "user": "U0KN45G2W",
        "text": "but I can’t believe they couldn’t get ANYONE else to teach that",
        "ts": "1472590337.000027"
    },
    {
        "type": "message",
        "user": "U0Q6DBY7Q",
        "text": "He basically said they dumped it on him",
        "ts": "1472590337.000028"
    },
    {
        "type": "message",
        "user": "U0KN45G2W",
        "text": "yeah, it’s cutting into his world of tanks time",
        "ts": "1472590349.000029"
    },
    {
        "type": "message",
        "user": "U0KN45G2W",
        "text": "I’d be pissed too",
        "ts": "1472590352.000030"
    },
    {
        "type": "message",
        "user": "U0Q6DBY7Q",
        "text": "\/giphy disappointed",
        "attachments": [
            {
                "fallback": "giphy: <http:\/\/giphy.com\/gifs\/bachelorinparadise-season-3-bachelor-in-paradise-bip-26ufbeoWFifnBHeJa>",
                "image_url": "http:\/\/media.giphy.com\/media\/26ufbeoWFifnBHeJa\/giphy-tumblr.gif",
                "image_width": 250,
                "image_height": 128,
                "image_bytes": 695828,
                "is_animated": true,
                "title": "disappointed",
                "id": 1,
                "title_link": "http:\/\/giphy.com\/gifs\/bachelorinparadise-season-3-bachelor-in-paradise-bip-26ufbeoWFifnBHeJa"
            }
        ],
        "ts": "1472590470.000031"
    },
    {
        "type": "message",
        "user": "U06TD3AUW",
        "text": "perfect",
        "ts": "1472590488.000032"
    },
    {
        "type": "message",
        "user": "U0KN45G2W",
        "text": "I would drop that class",
        "ts": "1472590540.000033"
    },
    {
        "type": "message",
        "user": "U0Q6DBY7Q",
        "text": ":snoop_dancing:",
        "ts": "1472590560.000034"
    },
    {
        "type": "message",
        "user": "U0KN45G2W",
        "text": "better off in parallel programming, green computing, pretty much anything else",
        "ts": "1472590561.000035"
    },
    {
        "type": "message",
        "user": "U0KN45G2W",
        "text": "ekstrand was awesome",
        "ts": "1472590576.000036"
    },
    {
        "type": "message",
        "user": "U0Q6DBY7Q",
        "text": "I'm not dropping it. I'm really interested in the subject!",
        "ts": "1472590590.000037"
    },
    {
        "type": "message",
        "user": "U0KN45G2W",
        "text": "You’ll be able to teach yourself more than what you’ll learn in that class, I’d wager",
        "ts": "1472590626.000038"
    },
    {
        "type": "message",
        "user": "U06TD3AUW",
        "text": "the people in the class is probably the only reason I'll stay (besides katie). I feel my group can learn and knock out anything we need to. I'm fine with self learning when I'm doing it with others. It's a disappointment but I feel we should be fine. As long as he isn't a horrible grader.",
        "ts": "1472590696.000039"
    },
    {
        "type": "message",
        "user": "U0Q6DBY7Q",
        "text": "Yeah I agree. But Jason should drop.",
        "ts": "1472590733.000040"
    },
    {
        "type": "message",
        "user": "U0Q6DBY7Q",
        "text": "\/giphy drop",
        "attachments": [
            {
                "fallback": "giphy: <http:\/\/giphy.com\/gifs\/irm5BgVqAHqE>",
                "image_url": "http:\/\/media4.giphy.com\/media\/irm5BgVqAHqE\/giphy.gif",
                "image_width": 500,
                "image_height": 225,
                "image_bytes": 531613,
                "is_animated": true,
                "title": "drop",
                "id": 1,
                "title_link": "http:\/\/giphy.com\/gifs\/irm5BgVqAHqE"
            }
        ],
        "ts": "1472590758.000041"
    },
    {
        "type": "message",
        "user": "U06TD3AUW",
        "text": "I'll drop if she stays",
        "ts": "1472590760.000042"
    },
    {
        "type": "message",
        "user": "U06TD3AUW",
        "text": "lol",
        "ts": "1472590771.000043"
    },
    {
        "type": "message",
        "user": "U0Q6DBY7Q",
        "text": "Oh god",
        "ts": "1472590804.000044"
    },
    {
        "type": "message",
        "user": "U0Q6DBY7Q",
        "text": "I lost it",
        "ts": "1472590812.000045"
    },
    {
        "type": "message",
        "user": "U0Q6DBY7Q",
        "text": "I'm not dropping it...bye Felicia",
        "ts": "1472590893.000046"
    },
    {
        "type": "message",
        "user": "U06TD3AUW",
        "text": "\/giphy see you later",
        "attachments": [
            {
                "fallback": "giphy: <http:\/\/giphy.com\/gifs\/snl-saturday-night-live-im-going-to-take-off-l0K42OaVBysE9Lz9K>",
                "image_url": "http:\/\/media.giphy.com\/media\/l0K42OaVBysE9Lz9K\/giphy-tumblr.gif",
                "image_width": 250,
                "image_height": 140,
                "image_bytes": 769395,
                "is_animated": true,
                "title": "see you later",
                "id": 1,
                "title_link": "http:\/\/giphy.com\/gifs\/snl-saturday-night-live-im-going-to-take-off-l0K42OaVBysE9Lz9K"
            }
        ],
        "ts": "1472590917.000047"
    },
    {
        "type": "message",
        "user": "U0Q6DBY7Q",
        "text": "Qasam seems good. Maybe he'll make up for Podorozhny.",
        "ts": "1472591941.000048"
    },
    {
        "type": "message",
        "user": "U06TD3AUW",
        "text": "was thinking the same",
        "ts": "1472591952.000049"
    }
]