[
    {
        "type": "message",
        "user": "U06TD3AUW",
        "text": "Whelp. Spilt a protein shake all over my keyboard...",
        "ts": "1471378756.000002"
    },
    {
        "type": "message",
        "user": "U06TD3AUW",
        "text": "Comma now types \",.\/ &lt;enter&gt;\"",
        "ts": "1471378768.000003"
    },
    {
        "type": "message",
        "user": "U06TD3AUW",
        "text": "and sometimes it gets stuck on spaces",
        "ts": "1471378790.000004"
    },
    {
        "type": "message",
        "user": "U06TD3AUW",
        "text": "sooooo",
        "ts": "1471378792.000006"
    },
    {
        "type": "message",
        "user": "U06TD3AUW",
        "text": "Recommendations for a new keyboard?",
        "ts": "1471378805.000007"
    },
    {
        "type": "message",
        "user": "U06TBPWAW",
        "text": "IM a idiot",
        "ts": "1471378831.000011"
    },
    {
        "type": "message",
        "user": "U06TD3AUW",
        "text": "?",
        "ts": "1471378834.000012"
    },
    {
        "type": "message",
        "user": "U06TD3AUW",
        "text": "lol",
        "ts": "1471378836.000013"
    },
    {
        "type": "message",
        "user": "U06TBPWAW",
        "text": "I thought you wrote split",
        "ts": "1471378845.000014"
    },
    {
        "type": "message",
        "user": "U06TBPWAW",
        "text": "and I was giving you a hard time",
        "ts": "1471378853.000015"
    },
    {
        "type": "message",
        "user": "U06TBPWAW",
        "text": "damn",
        "ts": "1471378857.000016"
    },
    {
        "type": "message",
        "user": "U06TD3AUW",
        "text": "lmao",
        "ts": "1471378869.000017"
    },
    {
        "type": "message",
        "user": "U06TD3AUW",
        "text": "\/giphy you tried",
        "attachments": [
            {
                "fallback": "giphy: <http:\/\/giphy.com\/gifs\/awesomenesstv-applause-clapping-jennxpenn-Qw4X3FvcYnOHAfskSqs>",
                "image_url": "http:\/\/media1.giphy.com\/media\/Qw4X3FvcYnOHAfskSqs\/giphy.gif",
                "image_width": 181,
                "image_height": 264,
                "image_bytes": 360982,
                "is_animated": true,
                "title": "you tried",
                "id": 1,
                "title_link": "http:\/\/giphy.com\/gifs\/awesomenesstv-applause-clapping-jennxpenn-Qw4X3FvcYnOHAfskSqs"
            }
        ],
        "ts": "1471378880.000018"
    },
    {
        "type": "message",
        "user": "U06TD3AUW",
        "text": "but seriously",
        "ts": "1471378938.000019"
    },
    {
        "type": "message",
        "user": "U06TD3AUW",
        "text": "I need a new keyboard",
        "ts": "1471378942.000020"
    },
    {
        "type": "message",
        "user": "U06TD3AUW",
        "text": "lol",
        "ts": "1471378943.000021"
    },
    {
        "type": "message",
        "user": "U06TBPWAW",
        "text": "I got the razer chroma keyboard. I like it alot",
        "ts": "1471379111.000022"
    },
    {
        "type": "message",
        "user": "U06TBPWAW",
        "text": "If you dont like a full keyboard you could look at getting a corsair k65",
        "edited": {
            "user": "U06TBPWAW",
            "ts": "1471379277.000000"
        },
        "ts": "1471379264.000023"
    },
    {
        "type": "message",
        "user": "U06TBPWAW",
        "text": "<https:\/\/www.amazon.com\/Corsair-K65-RGB-Keyboard-Cherry\/dp\/B00P7Y4618\/ref=sr_1_6?s=pc&amp;ie=UTF8&amp;qid=1471379247&amp;sr=1-6&amp;keywords=corsair+keyboard>",
        "attachments": [
            {
                "title": "Amazon.com: Corsair K65 RGB Keyboard - Cherry Red: Computers &amp; Accessories",
                "title_link": "https:\/\/www.amazon.com\/Corsair-K65-RGB-Keyboard-Cherry\/dp\/B00P7Y4618\/ref=sr_1_6?s=pc&ie=UTF8&qid=1471379247&sr=1-6&keywords=corsair+keyboard",
                "text": "<http:\/\/Amazon.com|Amazon.com>: Corsair K65 RGB Keyboard - Cherry Red: Computers &amp; Accessories",
                "fallback": "Amazon.com: Corsair K65 RGB Keyboard - Cherry Red: Computers &amp; Accessories",
                "from_url": "https:\/\/www.amazon.com\/Corsair-K65-RGB-Keyboard-Cherry\/dp\/B00P7Y4618\/ref=sr_1_6?s=pc&ie=UTF8&qid=1471379247&sr=1-6&keywords=corsair+keyboard",
                "service_icon": "https:\/\/www.amazon.com\/favicon.ico",
                "service_name": "amazon.com",
                "id": 1
            }
        ],
        "ts": "1471379266.000024"
    },
    {
        "type": "message",
        "user": "U06TBPWAW",
        "text": "My keyboard: <https:\/\/www.amazon.com\/Razer-BlackWidow-Chroma-Mechanical-Keyboard\/dp\/B00MTWV0II\/ref=sr_1_1?s=pc&amp;ie=UTF8&amp;qid=1471379289&amp;sr=1-1&amp;keywords=razor+chroma+keyboard>",
        "attachments": [
            {
                "title": "Amazon.com: Razer BlackWidow Chroma Clicky Mechanical Gaming Keyboard - Fully Programmable and 5 Macro Keys: Computers &amp; Accessories",
                "title_link": "https:\/\/www.amazon.com\/Razer-BlackWidow-Chroma-Mechanical-Keyboard\/dp\/B00MTWV0II\/ref=sr_1_1?s=pc&ie=UTF8&qid=1471379289&sr=1-1&keywords=razor+chroma+keyboard",
                "text": "Buy Razer BlackWidow Chroma Clicky Mechanical Gaming Keyboard - Fully Programmable and 5 Macro Keys: Keyboard &amp; Mouse Combos - <http:\/\/Amazon.com|Amazon.com> ✓ FREE DELIVERY possible on eligible purchases",
                "fallback": "Amazon.com: Razer BlackWidow Chroma Clicky Mechanical Gaming Keyboard - Fully Programmable and 5 Macro Keys: Computers &amp; Accessories",
                "from_url": "https:\/\/www.amazon.com\/Razer-BlackWidow-Chroma-Mechanical-Keyboard\/dp\/B00MTWV0II\/ref=sr_1_1?s=pc&ie=UTF8&qid=1471379289&sr=1-1&keywords=razor+chroma+keyboard",
                "service_icon": "https:\/\/www.amazon.com\/favicon.ico",
                "service_name": "amazon.com",
                "id": 1
            }
        ],
        "ts": "1471379306.000027"
    },
    {
        "type": "message",
        "user": "U06TBPWAW",
        "text": "My old keyboard: same thing as my new one but only has green glow: <https:\/\/www.amazon.com\/Razer-BlackWidow-Ultimate-Mechanical-Keyboard\/dp\/B00IG3GPTS\/ref=sr_1_2?s=pc&amp;ie=UTF8&amp;qid=1471379315&amp;sr=1-2&amp;keywords=razor+blackwidow>",
        "attachments": [
            {
                "title": "Amazon.com: Razer BlackWidow Ultimate 2014 Elite Mechanical Gaming Keyboard: Computers &amp; Accessories",
                "title_link": "https:\/\/www.amazon.com\/Razer-BlackWidow-Ultimate-Mechanical-Keyboard\/dp\/B00IG3GPTS\/ref=sr_1_2?s=pc&ie=UTF8&qid=1471379315&sr=1-2&keywords=razor+blackwidow",
                "text": "Buy Razer BlackWidow Ultimate 2014 Elite Mechanical Gaming Keyboard: Gaming Keyboards - <http:\/\/Amazon.com|Amazon.com> ✓ FREE DELIVERY possible on eligible purchases",
                "fallback": "Amazon.com: Razer BlackWidow Ultimate 2014 Elite Mechanical Gaming Keyboard: Computers &amp; Accessories",
                "from_url": "https:\/\/www.amazon.com\/Razer-BlackWidow-Ultimate-Mechanical-Keyboard\/dp\/B00IG3GPTS\/ref=sr_1_2?s=pc&ie=UTF8&qid=1471379315&sr=1-2&keywords=razor+blackwidow",
                "service_icon": "https:\/\/www.amazon.com\/favicon.ico",
                "service_name": "amazon.com",
                "id": 1
            }
        ],
        "ts": "1471379349.000029"
    },
    {
        "type": "message",
        "user": "U0JMJDERY",
        "text": "This is my current keyboard at home: <https:\/\/www.amazon.com\/gp\/product\/B015MPQQ0A\/ref=oh_aui_detailpage_o04_s00?ie=UTF8&amp;psc=1>",
        "attachments": [
            {
                "title": "Amazon.com: EagleTec KG010 Office \/ Industrial LED Backlit Mechanical Keyboard (Black): Computers &amp; Accessories",
                "title_link": "https:\/\/www.amazon.com\/gp\/product\/B015MPQQ0A\/ref=oh_aui_detailpage_o04_s00?ie=UTF8&psc=1",
                "text": "<http:\/\/Amazon.com|Amazon.com>: EagleTec KG010 Office \/ Industrial LED Backlit Mechanical Keyboard (Black): Computers &amp; Accessories",
                "fallback": "Amazon.com: EagleTec KG010 Office \/ Industrial LED Backlit Mechanical Keyboard (Black): Computers &amp; Accessories",
                "from_url": "https:\/\/www.amazon.com\/gp\/product\/B015MPQQ0A\/ref=oh_aui_detailpage_o04_s00?ie=UTF8&psc=1",
                "service_icon": "https:\/\/www.amazon.com\/favicon.ico",
                "service_name": "amazon.com",
                "id": 1
            }
        ],
        "ts": "1471379383.000031"
    },
    {
        "type": "message",
        "user": "U0JMJDERY",
        "text": "It has very satisfying key feedback but is a bit noisy, I think I showed to you before Jason.",
        "ts": "1471379420.000033",
        "reactions": [
            {
                "name": "+1",
                "users": [
                    "U06TD3AUW"
                ],
                "count": 1
            }
        ]
    },
    {
        "type": "message",
        "user": "U06TBPWAW",
        "text": "Tony just ordered this one. <https:\/\/www.amazon.com\/Das-Keyboard-Professional-Mechanical-DASK4CPROSIL\/dp\/B00SV73J6G>",
        "attachments": [
            {
                "title": "Amazon.com: Das Keyboard 4C Professional Compact Soft Tactile Brown Mechanical Keyboard (DASK4CPROSIL): Computers &amp; Accessories",
                "title_link": "https:\/\/www.amazon.com\/Das-Keyboard-Professional-Mechanical-DASK4CPROSIL\/dp\/B00SV73J6G",
                "text": "Buy Das Keyboard 4C Professional Compact Soft Tactile Brown Mechanical Keyboard (DASK4CPROSIL): Electronics - <http:\/\/Amazon.com|Amazon.com> ✓ FREE DELIVERY possible on eligible purchases",
                "fallback": "Amazon.com: Das Keyboard 4C Professional Compact Soft Tactile Brown Mechanical Keyboard (DASK4CPROSIL): Computers &amp; Accessories",
                "from_url": "https:\/\/www.amazon.com\/Das-Keyboard-Professional-Mechanical-DASK4CPROSIL\/dp\/B00SV73J6G",
                "service_icon": "https:\/\/www.amazon.com\/favicon.ico",
                "service_name": "amazon.com",
                "id": 1
            }
        ],
        "ts": "1471379420.000034"
    },
    {
        "type": "message",
        "user": "U0JMJDERY",
        "text": "Mines also cheaper.",
        "ts": "1471379515.000036"
    },
    {
        "type": "message",
        "user": "U06TBPWAW",
        "text": "Yeah it is",
        "ts": "1471379527.000037"
    },
    {
        "type": "message",
        "user": "U0JMJDERY",
        "text": "ʎǝɐɥ ıʇ ıs",
        "ts": "1471379588.000038",
        "reactions": [
            {
                "name": "slightly_smiling_face",
                "users": [
                    "U06TD3AUW"
                ],
                "count": 1
            },
            {
                "name": "upside_down_face",
                "users": [
                    "U06TD3AUW"
                ],
                "count": 1
            }
        ]
    },
    {
        "type": "message",
        "user": "U06TD3AUW",
        "text": "I hate that you guys make me have to read you names to know who is talking with your damn shared picture lol",
        "ts": "1471379702.000039"
    },
    {
        "type": "message",
        "user": "U06TD3AUW",
        "text": "But thanks for the recommendations! I'll check them out now",
        "ts": "1471379979.000040"
    },
    {
        "type": "message",
        "user": "U0JMJDERY",
        "text": "#blamejosh",
        "ts": "1471380144.000041"
    },
    {
        "type": "message",
        "user": "U0L7K1PB4",
        "text": "it's easy just ignore both of them :hankey:",
        "ts": "1471380821.000042",
        "reactions": [
            {
                "name": "joy",
                "users": [
                    "U06TD3AUW"
                ],
                "count": 1
            }
        ]
    },
    {
        "type": "message",
        "user": "U06TBPWAW",
        "text": "OK <@U06TD3AUW>",
        "ts": "1471381173.000043"
    },
    {
        "type": "message",
        "user": "U06TBPWAW",
        "text": "me copper",
        "ts": "1471381183.000044"
    },
    {
        "type": "message",
        "user": "U06TD3AUW",
        "text": "haha!",
        "ts": "1471381378.000045"
    },
    {
        "type": "message",
        "user": "U06TD3AUW",
        "text": "I mean",
        "ts": "1471381385.000046"
    },
    {
        "type": "message",
        "user": "U06TD3AUW",
        "text": "_Bark!_",
        "edited": {
            "user": "U06TD3AUW",
            "ts": "1471381400.000000"
        },
        "ts": "1471381388.000047"
    },
    {
        "type": "message",
        "user": "U06TD3AUW",
        "text": "\/giphy I'm a dog",
        "attachments": [
            {
                "fallback": "giphy: <http:\/\/giphy.com\/gifs\/dog-im-an-amazing-teacher-nUanwdk4Kg2vm>",
                "image_url": "http:\/\/media1.giphy.com\/media\/nUanwdk4Kg2vm\/giphy.gif",
                "image_width": 250,
                "image_height": 250,
                "image_bytes": 287409,
                "is_animated": true,
                "title": "I'm a dog",
                "id": 1,
                "title_link": "http:\/\/giphy.com\/gifs\/dog-im-an-amazing-teacher-nUanwdk4Kg2vm"
            }
        ],
        "ts": "1471381460.000053"
    },
    {
        "type": "message",
        "user": "U06TD3AUW",
        "text": "better",
        "ts": "1471381465.000054"
    },
    {
        "type": "message",
        "user": "U06TBPWAW",
        "text": "no its not",
        "ts": "1471381474.000055"
    },
    {
        "type": "message",
        "user": "U06TD3AUW",
        "text": "I was _this close_ to unistalling you giphy",
        "ts": "1471381480.000056"
    },
    {
        "type": "message",
        "user": "U1B6UPLCU",
        "text": "its all about the blank keycaps boiiii",
        "ts": "1471383391.000057"
    },
    {
        "type": "message",
        "subtype": "file_share",
        "text": "<@U06TD3AUW|jcflinn> uploaded a file: <https:\/\/txstatecs.slack.com\/files\/jcflinn\/F222LHJ9Y\/hd_blank_caps.jpg|HomeDepot themed blank caps>",
        "file": {
            "id": "F222LHJ9Y",
            "created": 1471393920,
            "timestamp": 1471393920,
            "name": "hd_blank_caps.jpg",
            "title": "HomeDepot themed blank caps",
            "mimetype": "image\/jpeg",
            "filetype": "jpg",
            "pretty_type": "JPEG",
            "user": "U06TD3AUW",
            "editable": false,
            "size": 988180,
            "mode": "hosted",
            "is_external": false,
            "external_type": "",
            "is_public": true,
            "public_url_shared": false,
            "display_as_bot": false,
            "username": "",
            "url_private": "https:\/\/files.slack.com\/files-pri\/T06STEZ2L-F222LHJ9Y\/hd_blank_caps.jpg?t=xoxe-6911509088-177219117537-177786475698-c3d3bb179c",
            "url_private_download": "https:\/\/files.slack.com\/files-pri\/T06STEZ2L-F222LHJ9Y\/download\/hd_blank_caps.jpg?t=xoxe-6911509088-177219117537-177786475698-c3d3bb179c",
            "thumb_64": "https:\/\/files.slack.com\/files-tmb\/T06STEZ2L-F222LHJ9Y-61a2e50da8\/hd_blank_caps_64.jpg?t=xoxe-6911509088-177219117537-177786475698-c3d3bb179c",
            "thumb_80": "https:\/\/files.slack.com\/files-tmb\/T06STEZ2L-F222LHJ9Y-61a2e50da8\/hd_blank_caps_80.jpg?t=xoxe-6911509088-177219117537-177786475698-c3d3bb179c",
            "thumb_360": "https:\/\/files.slack.com\/files-tmb\/T06STEZ2L-F222LHJ9Y-61a2e50da8\/hd_blank_caps_360.jpg?t=xoxe-6911509088-177219117537-177786475698-c3d3bb179c",
            "thumb_360_w": 360,
            "thumb_360_h": 270,
            "thumb_480": "https:\/\/files.slack.com\/files-tmb\/T06STEZ2L-F222LHJ9Y-61a2e50da8\/hd_blank_caps_480.jpg?t=xoxe-6911509088-177219117537-177786475698-c3d3bb179c",
            "thumb_480_w": 480,
            "thumb_480_h": 360,
            "thumb_160": "https:\/\/files.slack.com\/files-tmb\/T06STEZ2L-F222LHJ9Y-61a2e50da8\/hd_blank_caps_160.jpg?t=xoxe-6911509088-177219117537-177786475698-c3d3bb179c",
            "thumb_720": "https:\/\/files.slack.com\/files-tmb\/T06STEZ2L-F222LHJ9Y-61a2e50da8\/hd_blank_caps_720.jpg?t=xoxe-6911509088-177219117537-177786475698-c3d3bb179c",
            "thumb_720_w": 720,
            "thumb_720_h": 540,
            "thumb_960": "https:\/\/files.slack.com\/files-tmb\/T06STEZ2L-F222LHJ9Y-61a2e50da8\/hd_blank_caps_960.jpg?t=xoxe-6911509088-177219117537-177786475698-c3d3bb179c",
            "thumb_960_w": 960,
            "thumb_960_h": 720,
            "thumb_1024": "https:\/\/files.slack.com\/files-tmb\/T06STEZ2L-F222LHJ9Y-61a2e50da8\/hd_blank_caps_1024.jpg?t=xoxe-6911509088-177219117537-177786475698-c3d3bb179c",
            "thumb_1024_w": 1024,
            "thumb_1024_h": 768,
            "image_exif_rotation": 1,
            "original_w": 2419,
            "original_h": 1814,
            "permalink": "https:\/\/txstatecs.slack.com\/files\/jcflinn\/F222LHJ9Y\/hd_blank_caps.jpg",
            "permalink_public": "https:\/\/slack-files.com\/T06STEZ2L-F222LHJ9Y-2996357b43",
            "channels": [
                "C06STNWGZ"
            ],
            "groups": [],
            "ims": [],
            "comments_count": 0,
            "reactions": [
                {
                    "name": "heart_eyes",
                    "users": [
                        "U06STR2NR"
                    ],
                    "count": 1
                }
            ]
        },
        "user": "U06TD3AUW",
        "upload": true,
        "display_as_bot": false,
        "username": "jcflinn",
        "bot_id": null,
        "ts": "1471393925.000058"
    },
    {
        "type": "message",
        "user": "U1B6UPLCU",
        "text": "thats gorgeous.",
        "ts": "1471394518.000059"
    },
    {
        "type": "message",
        "user": "U1B6UPLCU",
        "text": "Im rocking a logitech k400 for my desktop keyboard, cause im a baller like that &gt;.&gt;",
        "ts": "1471394531.000060",
        "reactions": [
            {
                "name": "sunglasses",
                "users": [
                    "U06TD3AUW"
                ],
                "count": 1
            }
        ]
    },
    {
        "type": "message",
        "user": "U06TD3AUW",
        "text": "Update: Looks like my keyboard has been revived. Guess I just needed to let it dry out for a while ¯\\_(ツ)_\/¯",
        "ts": "1471395204.000061"
    },
    {
        "type": "message",
        "user": "U06TD3AUW",
        "text": "Oh, and while cleaning my keyboard, I just discovered that I have cherry brown switches, not cherry reds.... This whole 5 years I thought I was using reds haha",
        "ts": "1471395673.000062"
    }
]