[
    {
        "user": "U0JT0BC73",
        "type": "message",
        "subtype": "channel_join",
        "text": "<@U0JT0BC73|k1b22> has joined the channel",
        "ts": "1453251234.869576"
    },
    {
        "user": "U0JT5G63V",
        "type": "message",
        "subtype": "channel_join",
        "text": "<@U0JT5G63V|elize> has joined the channel",
        "ts": "1453259643.961333"
    },
    {
        "user": "U0JT8UAF5",
        "type": "message",
        "subtype": "channel_join",
        "text": "<@U0JT8UAF5|tommontom> has joined the channel",
        "ts": "1453264463.000002"
    }
]