[
    {
        "user": "U2PNDL4GZ",
        "text": "<@U2PNDL4GZ|dvf5> has joined the channel",
        "type": "message",
        "subtype": "channel_join",
        "ts": "1476490379.000315"
    },
    {
        "type": "message",
        "user": "U0L7K1PB4",
        "text": "`set.addAll(Arrays.asList(authors.split(\"|\")))` and `set.addAll(Arrays.asList(authors.split(\"\\\\|\")))` are two very different things, go to hell Java",
        "edited": {
            "user": "U0L7K1PB4",
            "ts": "1476493256.000000"
        },
        "ts": "1476493223.000316",
        "reactions": [
            {
                "name": "joy",
                "users": [
                    "U06TD3AUW"
                ],
                "count": 1
            },
            {
                "name": "cold_sweat",
                "users": [
                    "U06STR2NR"
                ],
                "count": 1
            }
        ]
    }
]