[
    {
        "type": "message",
        "user": "U0KTJE2EM",
        "text": "here is a pretty good podcast for Rust programming language I found not to long ago: <https:\/\/overcast.fm\/itunes1041815075\/new-rustacean>",
        "ts": "1476037808.000285"
    },
    {
        "type": "message",
        "user": "U0KTJE2EM",
        "text": "this site has a bunch of casts too: <https:\/\/changelog.com\/tagged\/javascript\/>",
        "attachments": [
            {
                "service_name": "Changelog",
                "title": "JavaScript tagged posts - Changelog",
                "title_link": "https:\/\/changelog.com\/tagged\/javascript\/",
                "text": "JavaScript (aka JS) is a scripting language commonly implemented as part of a web browser in order to create enhanced user interfaces and dynamic websites. It’s a prototype-based scripting language that’s dynamic, weakly typed and has first-class functions, and uses syntax influenced by the language C.",
                "fallback": "Changelog: JavaScript tagged posts - Changelog",
                "image_url": "https:\/\/changelog.com\/og-image.jpg",
                "from_url": "https:\/\/changelog.com\/tagged\/javascript\/",
                "image_width": 250,
                "image_height": 250,
                "image_bytes": 386632,
                "service_icon": "https:\/\/changelog.com\/wp-content\/themes\/thechangelog-theme\/favicon.ico",
                "id": 1
            }
        ],
        "ts": "1476038004.000286"
    },
    {
        "user": "U2M75S2FQ",
        "text": "<@U2M75S2FQ|mark> has joined the channel",
        "type": "message",
        "subtype": "channel_join",
        "ts": "1476046288.000288"
    }
]