[
    {
        "type": "message",
        "user": "U06TBPWAW",
        "text": "Anyone know someone who works at blizzard? I need\/want but mostly need an overwatch beta access.",
        "ts": "1457146113.000003",
        "reactions": [
            {
                "name": "joy",
                "users": [
                    "U06STR2NR"
                ],
                "count": 1
            }
        ]
    },
    {
        "type": "message",
        "user": "U0L73NE85",
        "text": "Nope.",
        "ts": "1457148020.000004"
    },
    {
        "type": "message",
        "user": "U0L73NE85",
        "text": "Pre-ordered No Man's Sky though.",
        "ts": "1457148037.000005"
    },
    {
        "type": "message",
        "user": "U06TBPWAW",
        "text": "I'm going with a hard pass on space games.",
        "ts": "1457148232.000006"
    },
    {
        "type": "message",
        "user": "U0L73NE85",
        "text": "What's a space game?",
        "ts": "1457148657.000007"
    },
    {
        "type": "message",
        "user": "U06TD3AUW",
        "text": "No space games?? They're my favorite! ",
        "ts": "1457148697.000008"
    },
    {
        "type": "message",
        "user": "U06TBPWAW",
        "text": "Not my cup of tea. Now let's talk division",
        "ts": "1457148796.000009"
    },
    {
        "type": "message",
        "user": "U0L73NE85",
        "text": "2 \/ 2",
        "ts": "1457148818.000010"
    },
    {
        "type": "message",
        "user": "U0L73NE85",
        "text": "go",
        "ts": "1457148819.000011"
    },
    {
        "type": "message",
        "subtype": "file_share",
        "text": "<@U06TBPWAW|splitix> uploaded a file: <https:\/\/txstatecs.slack.com\/files\/splitix\/F0QHDE9S9\/img_20160304_213328.jpg|Let's go>",
        "file": {
            "id": "F0QHDE9S9",
            "created": 1457148832,
            "timestamp": 1457148832,
            "name": "IMG_20160304_213328.jpg",
            "title": "Let's go",
            "mimetype": "image\/jpeg",
            "filetype": "jpg",
            "pretty_type": "JPEG",
            "user": "U06TBPWAW",
            "editable": false,
            "size": 7274803,
            "mode": "hosted",
            "is_external": false,
            "external_type": "",
            "is_public": true,
            "public_url_shared": false,
            "display_as_bot": false,
            "username": "",
            "url_private": "https:\/\/files.slack.com\/files-pri\/T06STEZ2L-F0QHDE9S9\/img_20160304_213328.jpg?t=xoxe-6911509088-177219117537-177786475698-c3d3bb179c",
            "url_private_download": "https:\/\/files.slack.com\/files-pri\/T06STEZ2L-F0QHDE9S9\/download\/img_20160304_213328.jpg?t=xoxe-6911509088-177219117537-177786475698-c3d3bb179c",
            "thumb_64": "https:\/\/files.slack.com\/files-tmb\/T06STEZ2L-F0QHDE9S9-4fd2b22f56\/img_20160304_213328_64.jpg?t=xoxe-6911509088-177219117537-177786475698-c3d3bb179c",
            "thumb_80": "https:\/\/files.slack.com\/files-tmb\/T06STEZ2L-F0QHDE9S9-4fd2b22f56\/img_20160304_213328_80.jpg?t=xoxe-6911509088-177219117537-177786475698-c3d3bb179c",
            "thumb_360": "https:\/\/files.slack.com\/files-tmb\/T06STEZ2L-F0QHDE9S9-4fd2b22f56\/img_20160304_213328_360.jpg?t=xoxe-6911509088-177219117537-177786475698-c3d3bb179c",
            "thumb_360_w": 203,
            "thumb_360_h": 360,
            "thumb_480": "https:\/\/files.slack.com\/files-tmb\/T06STEZ2L-F0QHDE9S9-4fd2b22f56\/img_20160304_213328_480.jpg?t=xoxe-6911509088-177219117537-177786475698-c3d3bb179c",
            "thumb_480_w": 270,
            "thumb_480_h": 480,
            "thumb_160": "https:\/\/files.slack.com\/files-tmb\/T06STEZ2L-F0QHDE9S9-4fd2b22f56\/img_20160304_213328_160.jpg?t=xoxe-6911509088-177219117537-177786475698-c3d3bb179c",
            "thumb_720": "https:\/\/files.slack.com\/files-tmb\/T06STEZ2L-F0QHDE9S9-4fd2b22f56\/img_20160304_213328_720.jpg?t=xoxe-6911509088-177219117537-177786475698-c3d3bb179c",
            "thumb_720_w": 405,
            "thumb_720_h": 720,
            "thumb_960": "https:\/\/files.slack.com\/files-tmb\/T06STEZ2L-F0QHDE9S9-4fd2b22f56\/img_20160304_213328_960.jpg?t=xoxe-6911509088-177219117537-177786475698-c3d3bb179c",
            "thumb_960_w": 540,
            "thumb_960_h": 960,
            "thumb_1024": "https:\/\/files.slack.com\/files-tmb\/T06STEZ2L-F0QHDE9S9-4fd2b22f56\/img_20160304_213328_1024.jpg?t=xoxe-6911509088-177219117537-177786475698-c3d3bb179c",
            "thumb_1024_w": 576,
            "thumb_1024_h": 1024,
            "image_exif_rotation": 1,
            "original_w": 5312,
            "original_h": 2988,
            "permalink": "https:\/\/txstatecs.slack.com\/files\/splitix\/F0QHDE9S9\/img_20160304_213328.jpg",
            "permalink_public": "https:\/\/slack-files.com\/T06STEZ2L-F0QHDE9S9-49455e2a24",
            "channels": [
                "C06STNWGZ"
            ],
            "groups": [],
            "ims": [],
            "comments_count": 0,
            "reactions": [
                {
                    "name": "+1",
                    "users": [
                        "U0L73NE85"
                    ],
                    "count": 1
                }
            ]
        },
        "user": "U06TBPWAW",
        "upload": true,
        "display_as_bot": false,
        "username": "splitix",
        "bot_id": null,
        "ts": "1457148840.000012"
    },
    {
        "type": "message",
        "user": "U06TBPWAW",
        "text": "Undefined",
        "ts": "1457148844.000013",
        "reactions": [
            {
                "name": "white_check_mark",
                "users": [
                    "U0L73NE85"
                ],
                "count": 1
            }
        ]
    },
    {
        "type": "message",
        "user": "U0L73NE85",
        "text": "I mean, it looks pretty good.",
        "ts": "1457148878.000015"
    },
    {
        "type": "message",
        "user": "U0L73NE85",
        "text": "2 \/ 2 I mean",
        "ts": "1457148980.000016"
    },
    {
        "type": "message",
        "user": "U0L7GN8HM",
        "text": "What kind of game is the division?",
        "ts": "1457149035.000017"
    },
    {
        "type": "message",
        "user": "U06TBPWAW",
        "text": "Open world mmo shooter. ",
        "ts": "1457149066.000018"
    },
    {
        "type": "message",
        "user": "U06TBPWAW",
        "text": "I played the beta. It was so much fun",
        "ts": "1457149079.000019"
    },
    {
        "type": "message",
        "user": "U0L7GN8HM",
        "text": "That sounds awesome. When does it come out?",
        "ts": "1457149085.000020"
    },
    {
        "type": "message",
        "user": "U0L73NE85",
        "text": "They said Destiny would be open-world, didn't they?",
        "ts": "1457149090.000021"
    },
    {
        "type": "message",
        "user": "U0L73NE85",
        "text": "I ended up being pretty disappointed with Destiny. Hopefully The Division follows through on that.",
        "ts": "1457149130.000022"
    },
    {
        "type": "message",
        "user": "U0L73NE85",
        "text": "I didn't play the beta tho",
        "ts": "1457149188.000023"
    },
    {
        "type": "message",
        "user": "U06TBPWAW",
        "text": "It comes out March 8th.\n\nThe Division is similar to destiny but I personal think they did a better job. During the beta a large portion was cut off from exploring",
        "ts": "1457149250.000024"
    },
    {
        "type": "message",
        "user": "U0L73NE85",
        "text": "Can't do, have to play as batmobile in rocket league on march 8th.",
        "ts": "1457149519.000025",
        "reactions": [
            {
                "name": "car",
                "users": [
                    "U06TD3AUW"
                ],
                "count": 1
            }
        ]
    },
    {
        "type": "message",
        "user": "U06TBPWAW",
        "text": "But but but....<https:\/\/www.youtube.com\/watch?v=oikE09X2u3w>",
        "attachments": [
            {
                "service_name": "YouTube",
                "service_url": "https:\/\/www.youtube.com\/",
                "title": "Tom Clancy’s The Division - Launch Trailer",
                "title_link": "https:\/\/www.youtube.com\/watch?v=oikE09X2u3w",
                "author_name": "Ubisoft Canada",
                "author_link": "https:\/\/www.youtube.com\/user\/LiveUbisoftCanada",
                "thumb_url": "https:\/\/i.ytimg.com\/vi\/oikE09X2u3w\/hqdefault.jpg",
                "thumb_width": 480,
                "thumb_height": 360,
                "fallback": "YouTube Video: Tom Clancy’s The Division - Launch Trailer",
                "video_html": "<iframe width=\"400\" height=\"225\" src=\"https:\/\/www.youtube.com\/embed\/oikE09X2u3w?feature=oembed&autoplay=1&iv_load_policy=3\" frameborder=\"0\" allowfullscreen><\/iframe>",
                "video_html_width": 400,
                "video_html_height": 225,
                "from_url": "https:\/\/www.youtube.com\/watch?v=oikE09X2u3w",
                "id": 1
            }
        ],
        "ts": "1457149579.000026"
    },
    {
        "type": "message",
        "user": "U0L73NE85",
        "text": "There was zero gameplay in that trailer.",
        "ts": "1457149745.000028"
    },
    {
        "type": "message",
        "user": "U0L73NE85",
        "text": "I will Google internet now",
        "ts": "1457149853.000029"
    },
    {
        "type": "message",
        "user": "U0L73NE85",
        "text": "<https:\/\/www.youtube.com\/watch?v=h4GxWdA6ZNo>",
        "attachments": [
            {
                "service_name": "YouTube",
                "service_url": "https:\/\/www.youtube.com\/",
                "title": "50 Minutes - The Division Gameplay",
                "title_link": "https:\/\/www.youtube.com\/watch?v=h4GxWdA6ZNo",
                "author_name": "jackfrags",
                "author_link": "https:\/\/www.youtube.com\/user\/jackfrags",
                "thumb_url": "https:\/\/i.ytimg.com\/vi\/h4GxWdA6ZNo\/hqdefault.jpg",
                "thumb_width": 480,
                "thumb_height": 360,
                "fallback": "YouTube Video: 50 Minutes - The Division Gameplay",
                "video_html": "<iframe width=\"400\" height=\"225\" src=\"https:\/\/www.youtube.com\/embed\/h4GxWdA6ZNo?feature=oembed&autoplay=1&iv_load_policy=3\" frameborder=\"0\" allowfullscreen><\/iframe>",
                "video_html_width": 400,
                "video_html_height": 225,
                "from_url": "https:\/\/www.youtube.com\/watch?v=h4GxWdA6ZNo",
                "id": 1
            }
        ],
        "ts": "1457150073.000030",
        "reactions": [
            {
                "name": "+1",
                "users": [
                    "U06TBPWAW"
                ],
                "count": 1
            }
        ]
    },
    {
        "type": "message",
        "user": "U0L73NE85",
        "text": "Dumb fan vid but looks cool",
        "ts": "1457150101.000032"
    },
    {
        "type": "message",
        "user": "U06TBPWAW",
        "text": "You da Real MVP",
        "ts": "1457150389.000033"
    },
    {
        "type": "message",
        "user": "U0L73NE85",
        "text": "Merp",
        "ts": "1457150786.000034"
    },
    {
        "type": "message",
        "user": "U0L73NE85",
        "text": "If wanting gameplay footage makes me mvp then I humbly accept",
        "ts": "1457150868.000035"
    },
    {
        "type": "message",
        "subtype": "file_share",
        "text": "<@U0L73NE85|jamesrmorse> uploaded a file: <https:\/\/txstatecs.slack.com\/files\/jamesrmorse\/F0QHKL80H\/img_20160304_215941.png|dfbxlkjh>",
        "file": {
            "id": "F0QHKL80H",
            "created": 1457150940,
            "timestamp": 1457150940,
            "name": "img_20160304_215941.png",
            "title": "dfbxlkjh",
            "mimetype": "image\/png",
            "filetype": "png",
            "pretty_type": "PNG",
            "user": "U0L73NE85",
            "editable": false,
            "size": 1876634,
            "mode": "hosted",
            "is_external": false,
            "external_type": "",
            "is_public": true,
            "public_url_shared": false,
            "display_as_bot": false,
            "username": "",
            "url_private": "https:\/\/files.slack.com\/files-pri\/T06STEZ2L-F0QHKL80H\/img_20160304_215941.png?t=xoxe-6911509088-177219117537-177786475698-c3d3bb179c",
            "url_private_download": "https:\/\/files.slack.com\/files-pri\/T06STEZ2L-F0QHKL80H\/download\/img_20160304_215941.png?t=xoxe-6911509088-177219117537-177786475698-c3d3bb179c",
            "thumb_64": "https:\/\/files.slack.com\/files-tmb\/T06STEZ2L-F0QHKL80H-a096c52951\/img_20160304_215941_64.png?t=xoxe-6911509088-177219117537-177786475698-c3d3bb179c",
            "thumb_80": "https:\/\/files.slack.com\/files-tmb\/T06STEZ2L-F0QHKL80H-a096c52951\/img_20160304_215941_80.png?t=xoxe-6911509088-177219117537-177786475698-c3d3bb179c",
            "thumb_360": "https:\/\/files.slack.com\/files-tmb\/T06STEZ2L-F0QHKL80H-a096c52951\/img_20160304_215941_360.png?t=xoxe-6911509088-177219117537-177786475698-c3d3bb179c",
            "thumb_360_w": 360,
            "thumb_360_h": 203,
            "thumb_480": "https:\/\/files.slack.com\/files-tmb\/T06STEZ2L-F0QHKL80H-a096c52951\/img_20160304_215941_480.png?t=xoxe-6911509088-177219117537-177786475698-c3d3bb179c",
            "thumb_480_w": 480,
            "thumb_480_h": 270,
            "thumb_160": "https:\/\/files.slack.com\/files-tmb\/T06STEZ2L-F0QHKL80H-a096c52951\/img_20160304_215941_160.png?t=xoxe-6911509088-177219117537-177786475698-c3d3bb179c",
            "thumb_720": "https:\/\/files.slack.com\/files-tmb\/T06STEZ2L-F0QHKL80H-a096c52951\/img_20160304_215941_720.png?t=xoxe-6911509088-177219117537-177786475698-c3d3bb179c",
            "thumb_720_w": 720,
            "thumb_720_h": 405,
            "thumb_960": "https:\/\/files.slack.com\/files-tmb\/T06STEZ2L-F0QHKL80H-a096c52951\/img_20160304_215941_960.png?t=xoxe-6911509088-177219117537-177786475698-c3d3bb179c",
            "thumb_960_w": 960,
            "thumb_960_h": 540,
            "thumb_1024": "https:\/\/files.slack.com\/files-tmb\/T06STEZ2L-F0QHKL80H-a096c52951\/img_20160304_215941_1024.png?t=xoxe-6911509088-177219117537-177786475698-c3d3bb179c",
            "thumb_1024_w": 1024,
            "thumb_1024_h": 576,
            "image_exif_rotation": 1,
            "original_w": 1920,
            "original_h": 1080,
            "permalink": "https:\/\/txstatecs.slack.com\/files\/jamesrmorse\/F0QHKL80H\/img_20160304_215941.png",
            "permalink_public": "https:\/\/slack-files.com\/T06STEZ2L-F0QHKL80H-2bf80b4c72",
            "channels": [
                "C06STNWGZ"
            ],
            "groups": [],
            "ims": [],
            "comments_count": 0
        },
        "user": "U0L73NE85",
        "upload": true,
        "display_as_bot": false,
        "username": "jamesrmorse",
        "bot_id": null,
        "ts": "1457150945.000036"
    },
    {
        "type": "message",
        "user": "U0L73NE85",
        "text": "Plus, I got dat goobbue humus.",
        "ts": "1457150962.000037"
    },
    {
        "type": "message",
        "user": "U06TBPWAW",
        "text": "Didn't realize this but we have a <#C06V3FW6S> channel. Was about to  make a gaming channel. Lets move this conversation over there",
        "ts": "1457151041.000038"
    },
    {
        "type": "message",
        "user": "U0L73NE85",
        "text": "No Problem",
        "ts": "1457151073.000039"
    }
]