[
    {
        "type": "message",
        "user": "U06TD3AUW",
        "text": "So anyone in Austin looking to sublease or for a roommate in the summer? Got an internship up in Austin and debating between commuting from SM or moving up to Austin for the summer.",
        "ts": "1459185792.000002"
    },
    {
        "type": "message",
        "user": "U0K96PWET",
        "text": "Take my place! ",
        "ts": "1459185915.000003"
    },
    {
        "type": "message",
        "user": "U06TD3AUW",
        "text": "Are you moving out for good? Or just subleasing it?",
        "ts": "1459185935.000004"
    },
    {
        "type": "message",
        "user": "U06TD3AUW",
        "text": "wait",
        "ts": "1459185945.000005"
    },
    {
        "type": "message",
        "user": "U06TD3AUW",
        "text": "as in, you aren't planning on moving all your stuff out so that you can move back in in the fall.",
        "ts": "1459185975.000006"
    },
    {
        "type": "message",
        "user": "U0K96PWET",
        "text": "I'll be in San Antonio living with your girlfriend ",
        "ts": "1459185981.000007"
    },
    {
        "type": "message",
        "user": "U0K96PWET",
        "text": "Sublease ",
        "ts": "1459186000.000008"
    },
    {
        "type": "message",
        "user": "U06TD3AUW",
        "text": "ok sweet",
        "ts": "1459186008.000009"
    },
    {
        "type": "message",
        "user": "U0K96PWET",
        "text": "I'm doing the USAA internship ",
        "ts": "1459186016.000010"
    },
    {
        "type": "message",
        "user": "U06TD3AUW",
        "text": "yea abby was telling me she might live with you down there!",
        "ts": "1459186033.000011"
    },
    {
        "type": "message",
        "user": "U06TD3AUW",
        "text": "lets move this to DMs",
        "ts": "1459186041.000012"
    },
    {
        "type": "message",
        "user": "U0JLW9BB6",
        "text": "There's usually a lot of UT students looking to sublease during the summer too",
        "ts": "1459186156.000013"
    },
    {
        "type": "message",
        "user": "U06TD3AUW",
        "text": "Sweet, thanks for the heads up, I'll probably check out craigslist or something in that area",
        "ts": "1459186188.000014"
    },
    {
        "type": "message",
        "user": "U0KN45G2W",
        "text": "congrats on the internship <@U06TD3AUW>",
        "ts": "1459186517.000015"
    },
    {
        "type": "message",
        "user": "U0L7GN8HM",
        "text": "Where is your internship <@U06TD3AUW> ?",
        "ts": "1459186576.000016"
    },
    {
        "type": "message",
        "user": "U06TD3AUW",
        "text": "<@U0KN45G2W>: Thanks man!\n<@U0L7GN8HM>: Home Depot's Austin Technology Center",
        "ts": "1459186614.000017"
    },
    {
        "type": "message",
        "user": "U0L7GN8HM",
        "text": "Nice! Congrats! And <@U0K96PWET> I'll see you at USAA this summer too!",
        "ts": "1459186678.000018"
    },
    {
        "type": "message",
        "user": "U06TD3FNX",
        "text": "<@U0L7GN8HM>: do you already know where you are going to live? Adriana and I are trying to find a place... More roommates == cheaper rent :smile:",
        "ts": "1459186740.000019"
    },
    {
        "type": "message",
        "user": "U0L7GN8HM",
        "text": "Yeah I'm going to be staying with my brother Steven. Rooming with brother == free rent\n\nSorry though:sweat_smile: ",
        "ts": "1459186792.000020",
        "reactions": [
            {
                "name": "joy",
                "users": [
                    "U06TD3AUW"
                ],
                "count": 1
            }
        ]
    },
    {
        "type": "message",
        "user": "U0K96PWET",
        "text": "Yay! <@U06TD3FNX> my sister suggested looking on airbnb too. ",
        "ts": "1459186811.000021"
    },
    {
        "type": "message",
        "user": "U0K96PWET",
        "text": "I think what you mean is #sorrynotsorry ",
        "ts": "1459186833.000022"
    },
    {
        "type": "message",
        "user": "U06TD3FNX",
        "text": "<@U0L7GN8HM>: haha lucky you!\n\n<@U0K96PWET>: yes, we should do that! I'd rather live in a house",
        "ts": "1459186866.000023"
    },
    {
        "type": "message",
        "user": "U0JLW9BB6",
        "text": "UTSA is really close to USAA - there may be students there looking to sublease too",
        "ts": "1459186880.000024"
    },
    {
        "type": "message",
        "user": "U06TD3FNX",
        "text": "<@U0JLW9BB6>: yeah, I've been seeing a lot on craigslist!",
        "ts": "1459186916.000025"
    },
    {
        "type": "message",
        "user": "U0K96PWET",
        "text": "So basically exe is taking over usaa this summer ",
        "ts": "1459186975.000026"
    },
    {
        "type": "message",
        "user": "U06TD3AUW",
        "text": "#represent",
        "ts": "1459187048.000027"
    },
    {
        "type": "message",
        "user": "U06TBPWAW",
        "text": "I havent even started looking for a place",
        "ts": "1459187109.000028"
    },
    {
        "type": "message",
        "user": "U06TD3AUW",
        "text": "#hoboprogrammerlife",
        "ts": "1459187146.000029"
    },
    {
        "type": "message",
        "user": "U06TD3AUW",
        "text": "Do it Bay Area style and live in your car.",
        "ts": "1459187165.000030"
    },
    {
        "type": "message",
        "user": "U06TD3AUW",
        "text": "$$$$",
        "ts": "1459187174.000031"
    },
    {
        "type": "message",
        "user": "U06TBPWAW",
        "text": "Shower with the hobos",
        "ts": "1459187185.000032"
    },
    {
        "type": "message",
        "user": "U06TBPWAW",
        "text": "in the ocean",
        "ts": "1459187190.000033"
    },
    {
        "type": "message",
        "user": "U06TD3AUW",
        "text": "pffft. free showers at USAA's gym",
        "ts": "1459187198.000034"
    },
    {
        "type": "message",
        "user": "U0K96PWET",
        "text": "Shower in the Riverwalk ",
        "ts": "1459187209.000035"
    },
    {
        "type": "message",
        "user": "U0L7GN8HM",
        "text": "<@U06TBPWAW> are you doing the internship at USAA?",
        "ts": "1459187241.000036"
    },
    {
        "type": "message",
        "user": "U0L7GN8HM",
        "text": "Or IBM?",
        "ts": "1459187244.000037"
    },
    {
        "type": "message",
        "user": "U06TBPWAW",
        "text": "hmmmm idk lol",
        "ts": "1459187252.000038"
    },
    {
        "type": "message",
        "user": "U06TBPWAW",
        "text": "probably the USAA one",
        "ts": "1459187257.000039"
    },
    {
        "type": "message",
        "user": "U06TD3FNX",
        "text": "just do both",
        "ts": "1459187267.000040"
    },
    {
        "type": "message",
        "user": "U06TBPWAW",
        "text": "Just to get a different perspective",
        "ts": "1459187269.000041"
    },
    {
        "type": "message",
        "user": "U06TD3AUW",
        "text": "Have them bid for you",
        "ts": "1459187285.000042"
    },
    {
        "type": "message",
        "user": "U06TD3AUW",
        "text": "DoIhear$20howabout$30there$40overinthebackandSOLDDDDtoWalmartfor$12",
        "ts": "1459187335.000043"
    },
    {
        "type": "message",
        "user": "U06TBPWAW",
        "text": "lol",
        "ts": "1459187358.000044"
    },
    {
        "type": "message",
        "user": "U06TBPWAW",
        "text": "Hey <@U06TD3AUW>",
        "ts": "1459187373.000045"
    },
    {
        "type": "message",
        "user": "U06TBPWAW",
        "text": "I got a present for you",
        "ts": "1459187382.000046"
    },
    {
        "type": "message",
        "user": "U06TD3AUW",
        "text": "yes, sweetie",
        "ts": "1459187382.000047"
    },
    {
        "type": "message",
        "user": "U06TD3AUW",
        "text": "what is it?",
        "ts": "1459187387.000048"
    },
    {
        "type": "message",
        "user": "U06TBPWAW",
        "text": "Here are some clues",
        "ts": "1459187393.000049"
    },
    {
        "type": "message",
        "user": "U06TD3AUW",
        "text": "JACKET",
        "ts": "1459187396.000050"
    },
    {
        "type": "message",
        "user": "U06TD3AUW",
        "text": "GIVE IT",
        "ts": "1459187398.000051"
    },
    {
        "type": "message",
        "user": "U06TD3AUW",
        "text": "NOW",
        "ts": "1459187398.000052"
    },
    {
        "type": "message",
        "user": "U06TBPWAW",
        "text": "Its silver and keeps you warm",
        "ts": "1459187403.000053"
    },
    {
        "type": "message",
        "user": "U06TD3FNX",
        "text": "too slow josh",
        "ts": "1459187409.000054"
    },
    {
        "type": "message",
        "user": "U06TBPWAW",
        "text": "damn you're good",
        "edited": {
            "user": "U06TBPWAW",
            "ts": "1459187469.000000"
        },
        "ts": "1459187411.000055",
        "reactions": [
            {
                "name": "sunglasses",
                "users": [
                    "U06TD3AUW"
                ],
                "count": 1
            }
        ]
    },
    {
        "type": "message",
        "user": "U06TBPWAW",
        "text": "Its in my car.",
        "ts": "1459187428.000056"
    },
    {
        "type": "message",
        "user": "U06TD3AUW",
        "text": "I can get it from you at EXE tomorrow.",
        "ts": "1459187688.000058"
    },
    {
        "type": "message",
        "user": "U06TBPWAW",
        "text": "I kind of like it. Little girly but pretty cozy.",
        "ts": "1459187746.000059"
    },
    {
        "type": "message",
        "user": "U06TD3AUW",
        "text": "gotta stay fly",
        "ts": "1459187807.000060"
    }
]