[
    {
        "type": "message",
        "subtype": "file_share",
        "text": "<@U06TD3AUW|jcflinn> uploaded a file: <https:\/\/txstatecs.slack.com\/files\/jcflinn\/F2N0F8D24\/pasted_image_at_2016_10_11_11_06_am.png|Internal Hackathon at Home Depot> and commented: Dope! I love it when companies do this kind of stuff to facilitate creativity and innovation. This should be fun. And I still get paid! $$$",
        "file": {
            "id": "F2N0F8D24",
            "created": 1476202081,
            "timestamp": 1476202081,
            "name": "Pasted image at 2016_10_11 11_06 AM.png",
            "title": "Internal Hackathon at Home Depot",
            "mimetype": "image\/png",
            "filetype": "png",
            "pretty_type": "PNG",
            "user": "U06TD3AUW",
            "editable": false,
            "size": 297440,
            "mode": "hosted",
            "is_external": false,
            "external_type": "",
            "is_public": true,
            "public_url_shared": false,
            "display_as_bot": false,
            "username": "",
            "url_private": "https:\/\/files.slack.com\/files-pri\/T06STEZ2L-F2N0F8D24\/pasted_image_at_2016_10_11_11_06_am.png?t=xoxe-6911509088-177219117537-177786475698-c3d3bb179c",
            "url_private_download": "https:\/\/files.slack.com\/files-pri\/T06STEZ2L-F2N0F8D24\/download\/pasted_image_at_2016_10_11_11_06_am.png?t=xoxe-6911509088-177219117537-177786475698-c3d3bb179c",
            "thumb_64": "https:\/\/files.slack.com\/files-tmb\/T06STEZ2L-F2N0F8D24-96174b2c6f\/pasted_image_at_2016_10_11_11_06_am_64.png?t=xoxe-6911509088-177219117537-177786475698-c3d3bb179c",
            "thumb_80": "https:\/\/files.slack.com\/files-tmb\/T06STEZ2L-F2N0F8D24-96174b2c6f\/pasted_image_at_2016_10_11_11_06_am_80.png?t=xoxe-6911509088-177219117537-177786475698-c3d3bb179c",
            "thumb_360": "https:\/\/files.slack.com\/files-tmb\/T06STEZ2L-F2N0F8D24-96174b2c6f\/pasted_image_at_2016_10_11_11_06_am_360.png?t=xoxe-6911509088-177219117537-177786475698-c3d3bb179c",
            "thumb_360_w": 247,
            "thumb_360_h": 360,
            "thumb_160": "https:\/\/files.slack.com\/files-tmb\/T06STEZ2L-F2N0F8D24-96174b2c6f\/pasted_image_at_2016_10_11_11_06_am_160.png?t=xoxe-6911509088-177219117537-177786475698-c3d3bb179c",
            "image_exif_rotation": 1,
            "original_w": 329,
            "original_h": 480,
            "permalink": "https:\/\/txstatecs.slack.com\/files\/jcflinn\/F2N0F8D24\/pasted_image_at_2016_10_11_11_06_am.png",
            "permalink_public": "https:\/\/slack-files.com\/T06STEZ2L-F2N0F8D24-bd0f176db2",
            "channels": [
                "C06STNWGZ"
            ],
            "groups": [],
            "ims": [],
            "comments_count": 1,
            "initial_comment": {
                "id": "Fc2N0F8T24",
                "created": 1476202081,
                "timestamp": 1476202081,
                "user": "U06TD3AUW",
                "is_intro": true,
                "comment": "Dope! I love it when companies do this kind of stuff to facilitate creativity and innovation. This should be fun. And I still get paid! $$$",
                "channel": ""
            }
        },
        "user": "U06TD3AUW",
        "upload": true,
        "display_as_bot": false,
        "username": "jcflinn",
        "bot_id": null,
        "ts": "1476202083.000292"
    },
    {
        "type": "message",
        "subtype": "file_share",
        "text": "<@U06TD3AUW|jcflinn> uploaded a file: <https:\/\/txstatecs.slack.com\/files\/jcflinn\/F2N0FKL48\/pasted_image_at_2016_10_11_11_08_am.png|And there's shirts!>",
        "file": {
            "id": "F2N0FKL48",
            "created": 1476202112,
            "timestamp": 1476202112,
            "name": "Pasted image at 2016_10_11 11_08 AM.png",
            "title": "And there's shirts!",
            "mimetype": "image\/png",
            "filetype": "png",
            "pretty_type": "PNG",
            "user": "U06TD3AUW",
            "editable": false,
            "size": 378743,
            "mode": "hosted",
            "is_external": false,
            "external_type": "",
            "is_public": true,
            "public_url_shared": false,
            "display_as_bot": false,
            "username": "",
            "url_private": "https:\/\/files.slack.com\/files-pri\/T06STEZ2L-F2N0FKL48\/pasted_image_at_2016_10_11_11_08_am.png?t=xoxe-6911509088-177219117537-177786475698-c3d3bb179c",
            "url_private_download": "https:\/\/files.slack.com\/files-pri\/T06STEZ2L-F2N0FKL48\/download\/pasted_image_at_2016_10_11_11_08_am.png?t=xoxe-6911509088-177219117537-177786475698-c3d3bb179c",
            "thumb_64": "https:\/\/files.slack.com\/files-tmb\/T06STEZ2L-F2N0FKL48-56f3c1b966\/pasted_image_at_2016_10_11_11_08_am_64.png?t=xoxe-6911509088-177219117537-177786475698-c3d3bb179c",
            "thumb_80": "https:\/\/files.slack.com\/files-tmb\/T06STEZ2L-F2N0FKL48-56f3c1b966\/pasted_image_at_2016_10_11_11_08_am_80.png?t=xoxe-6911509088-177219117537-177786475698-c3d3bb179c",
            "thumb_360": "https:\/\/files.slack.com\/files-tmb\/T06STEZ2L-F2N0FKL48-56f3c1b966\/pasted_image_at_2016_10_11_11_08_am_360.png?t=xoxe-6911509088-177219117537-177786475698-c3d3bb179c",
            "thumb_360_w": 360,
            "thumb_360_h": 209,
            "thumb_480": "https:\/\/files.slack.com\/files-tmb\/T06STEZ2L-F2N0FKL48-56f3c1b966\/pasted_image_at_2016_10_11_11_08_am_480.png?t=xoxe-6911509088-177219117537-177786475698-c3d3bb179c",
            "thumb_480_w": 480,
            "thumb_480_h": 278,
            "thumb_160": "https:\/\/files.slack.com\/files-tmb\/T06STEZ2L-F2N0FKL48-56f3c1b966\/pasted_image_at_2016_10_11_11_08_am_160.png?t=xoxe-6911509088-177219117537-177786475698-c3d3bb179c",
            "thumb_720": "https:\/\/files.slack.com\/files-tmb\/T06STEZ2L-F2N0FKL48-56f3c1b966\/pasted_image_at_2016_10_11_11_08_am_720.png?t=xoxe-6911509088-177219117537-177786475698-c3d3bb179c",
            "thumb_720_w": 720,
            "thumb_720_h": 417,
            "image_exif_rotation": 1,
            "original_w": 932,
            "original_h": 540,
            "permalink": "https:\/\/txstatecs.slack.com\/files\/jcflinn\/F2N0FKL48\/pasted_image_at_2016_10_11_11_08_am.png",
            "permalink_public": "https:\/\/slack-files.com\/T06STEZ2L-F2N0FKL48-24135a5908",
            "channels": [
                "C06STNWGZ"
            ],
            "groups": [],
            "ims": [],
            "comments_count": 0
        },
        "user": "U06TD3AUW",
        "upload": true,
        "display_as_bot": false,
        "username": "jcflinn",
        "bot_id": null,
        "ts": "1476202117.000293"
    },
    {
        "type": "message",
        "user": "U0L57KVC2",
        "text": "Code that is unreachable may never be reached",
        "ts": "1476203355.000294",
        "reactions": [
            {
                "name": "ned",
                "users": [
                    "U0LPKCLLS"
                ],
                "count": 1
            }
        ]
    },
    {
        "type": "message",
        "user": "U0LPKCLLS",
        "text": "Brace yourselves, coding is coming",
        "ts": "1476204113.000295"
    },
    {
        "type": "message",
        "user": "U0L57KVC2",
        "text": "A Lannister always frees his memory",
        "ts": "1476204318.000296",
        "reactions": [
            {
                "name": "tyrion",
                "users": [
                    "U0LPKCLLS",
                    "U0KR8R2P9"
                ],
                "count": 2
            }
        ]
    },
    {
        "type": "message",
        "user": "U2L6LTG0H",
        "text": "Has anyone used Prompt 2 or Coda for iPhone? If so is it worth it? ",
        "ts": "1476212082.000297"
    },
    {
        "type": "message",
        "user": "U0KTJE2EM",
        "text": "yes both of those are the best ones for iOS, but to be honest I only use coda for reviewing code not writing it and I rarely use prompt 2 (I really just get annoyed because I need a full keyboard and just end up going to my laptop instead).  If all I had was an iOS device then those would be essential though",
        "ts": "1476213620.000298"
    },
    {
        "type": "message",
        "user": "U0KTJE2EM",
        "text": "also check out Cathode for iOS for a fun ssh terminal",
        "ts": "1476213747.000299"
    },
    {
        "type": "message",
        "user": "U0KTJE2EM",
        "text": "cathode is more of a novelty app though",
        "ts": "1476213823.000300"
    },
    {
        "type": "message",
        "user": "U2L6LTG0H",
        "text": "Thank you! And Yea a full keyboard is nice but I tend to get bored while i'm out so I'm just gonna use it for little coding while i'm out and I'll be sure to do that! I used to have my phone Jailbroken but I've been to lazy to jailbreak to get all my coding tweaks back ",
        "ts": "1476214116.000301",
        "reactions": [
            {
                "name": "iphone",
                "users": [
                    "U0KTJE2EM"
                ],
                "count": 1
            },
            {
                "name": "+1",
                "users": [
                    "U0KTJE2EM"
                ],
                "count": 1
            }
        ]
    },
    {
        "user": "U2N4SNDQV",
        "text": "<@U2N4SNDQV|e_t82> has joined the channel",
        "type": "message",
        "subtype": "channel_join",
        "ts": "1476217979.000302"
    }
]