[
    {
        "user": "U2KD8LKRQ",
        "text": "<@U2KD8LKRQ|kimkevin> has joined the channel",
        "type": "message",
        "subtype": "channel_join",
        "ts": "1475626458.000233"
    },
    {
        "user": "U2KD3F2KT",
        "text": "<@U2KD3F2KT|2goldtess> has joined the channel",
        "type": "message",
        "subtype": "channel_join",
        "ts": "1475626621.000234"
    },
    {
        "type": "message",
        "user": "U06TD3AUW",
        "text": "\/gif computers",
        "ts": "1475626769.000235"
    },
    {
        "text": "",
        "bot_id": "B2A9URYCQ",
        "attachments": [
            {
                "fallback": "<http:\/\/gifsec.com\/wp-content\/uploads\/GIF\/2014\/03\/GIF-Using-school-computers.gif>",
                "id": 1
            }
        ],
        "type": "message",
        "subtype": "bot_message",
        "ts": "1475626779.000236"
    },
    {
        "user": "U2KDNF5UP",
        "text": "<@U2KDNF5UP|kaehsc> has joined the channel",
        "type": "message",
        "subtype": "channel_join",
        "ts": "1475631419.000237"
    }
]