[
    {
        "type": "message",
        "user": "U06TD3AUW",
        "text": "Soooo does anyone watch Mr. Robot?",
        "ts": "1469569570.000002"
    },
    {
        "type": "message",
        "user": "U0KN45G2W",
        "text": "<@U06TBPWAW> does",
        "ts": "1469569599.000003"
    },
    {
        "type": "message",
        "user": "U0KN45G2W",
        "text": "he was talking about it earlier today",
        "ts": "1469569610.000004"
    },
    {
        "type": "message",
        "user": "U06TD3AUW",
        "text": "Sweet. I just started and I already love it. Was pleasantly surprised with how true they were to actual hacking and tech terminology.",
        "ts": "1469569685.000005"
    },
    {
        "type": "message",
        "user": "U06TD3AUW",
        "text": "Honestly makes me want to look into security haha",
        "ts": "1469569695.000006"
    },
    {
        "type": "message",
        "user": "U0KTJE2EM",
        "text": "That is one of my faves, along with Silicon Valley <http:\/\/www.imdb.com\/title\/tt2575988\/>",
        "attachments": [
            {
                "service_name": "IMDb",
                "title": "Silicon Valley (TV Series 2014– )",
                "title_link": "http:\/\/www.imdb.com\/title\/tt2575988\/",
                "text": "Created by John Altschuler, Mike Judge, Dave Krinsky. With Thomas Middleditch, T.J. Miller, Josh Brener, Martin Starr. In the high-tech gold rush of modern Silicon Valley, the people most qualified to succeed are the least capable of handling success. A comedy partially inspired by Mike Judge's own experiences as a Silicon Valley engineer in the late 1980s.",
                "fallback": "IMDb: Silicon Valley (TV Series 2014– )",
                "from_url": "http:\/\/www.imdb.com\/title\/tt2575988\/",
                "service_icon": "http:\/\/www.imdb.com\/favicon.ico",
                "id": 1
            }
        ],
        "ts": "1469579314.000007"
    },
    {
        "type": "message",
        "user": "U06TD3AUW",
        "text": "Silicon Valley is freaking awesome. I need to get around to watching season 2! ",
        "ts": "1469579353.000009",
        "reactions": [
            {
                "name": "+1",
                "users": [
                    "U0KTJE2EM",
                    "U0L74J1CN"
                ],
                "count": 2
            }
        ]
    },
    {
        "type": "message",
        "user": "U06TD3AUW",
        "text": "Do we get our refund checks for financial aid before or after school starts?",
        "ts": "1469583217.000010"
    }
]