[
    {
        "type": "message",
        "user": "U06TBPWAW",
        "text": "Anyone else having a hard time connecting to the school wifi network?",
        "ts": "1480358858.000713"
    },
    {
        "type": "message",
        "user": "U06TBPWAW",
        "text": "Last week I had to turn off the wifi and turn it back on for it to connect. This week I cant connect at all",
        "edited": {
            "user": "U06TBPWAW",
            "ts": "1480358894.000000"
        },
        "ts": "1480358882.000714"
    },
    {
        "type": "message",
        "user": "U0L74J1CN",
        "text": "I was. Haven't been on campus today yet",
        "ts": "1480359064.000716"
    },
    {
        "type": "message",
        "user": "U2BQ62Z6G",
        "text": "yeah i did earlier today",
        "ts": "1480359330.000717"
    },
    {
        "type": "message",
        "user": "U2BQ62Z6G",
        "text": "i got connected once today in derrik but took forever and besides that i coudn't connect anywhere today on public or the encrypted one",
        "ts": "1480359385.000718"
    },
    {
        "type": "message",
        "user": "U0LPKBHK2",
        "text": "Hmmm... not good",
        "ts": "1480360571.000719"
    },
    {
        "type": "message",
        "user": "U06TD3AUW",
        "text": "Rebel",
        "ts": "1480360913.000720"
    },
    {
        "type": "message",
        "user": "U06TD3AUW",
        "text": "Boycott",
        "ts": "1480360916.000721"
    },
    {
        "type": "message",
        "user": "U06TD3AUW",
        "text": "Threaten to transfer ",
        "ts": "1480360923.000722"
    },
    {
        "type": "message",
        "user": "U0Q6DBY7Q",
        "text": "Protest in the quad right now",
        "ts": "1480362758.000723"
    },
    {
        "type": "message",
        "user": "U0Q6DBY7Q",
        "text": "",
        "bot_id": "B1H8K1E14",
        "attachments": [
            {
                "fallback": "giphy: <http:\/\/giphy.com\/gifs\/rebecca-hendin-26uf65IKtUY89rd4s>",
                "image_url": "http:\/\/media.giphy.com\/media\/26uf65IKtUY89rd4s\/giphy-tumblr.gif",
                "image_width": 500,
                "image_height": 338,
                "image_bytes": 1652069,
                "is_animated": true,
                "title": "rebel",
                "footer": "Posted using \/giphy | GIF by Rebecca Hendin",
                "id": 1,
                "title_link": "http:\/\/giphy.com\/gifs\/rebecca-hendin-26uf65IKtUY89rd4s"
            }
        ],
        "ts": "1480363944.000724"
    },
    {
        "type": "message",
        "user": "U0KR8R2P9",
        "text": "There was a big power outage this morning on campus, so that's probably why the wifi has been acting up. <@U06TBPWAW>",
        "ts": "1480373402.000725",
        "reactions": [
            {
                "name": "+1",
                "users": [
                    "U2BQ62Z6G",
                    "U06TBPWAW"
                ],
                "count": 2
            }
        ]
    }
]