[
    {
        "type": "message",
        "user": "U06TBPWAW",
        "text": "<https:\/\/orly-appstore.herokuapp.com\/generate?title=Googling%20101&amp;top_text=Come%20for%20Ethics%2C%20Stay%20for%20the%20Rants&amp;author=Dr%20John%20Durrett&amp;image_code=38&amp;theme=11>",
        "attachments": [
            {
                "fallback": "500x700px image",
                "image_url": "https:\/\/orly-appstore.herokuapp.com\/generate?title=Googling%20101&top_text=Come%20for%20Ethics%2C%20Stay%20for%20the%20Rants&author=Dr%20John%20Durrett&image_code=38&theme=11",
                "image_width": 500,
                "image_height": 700,
                "image_bytes": 166514,
                "from_url": "https:\/\/orly-appstore.herokuapp.com\/generate?title=Googling%20101&top_text=Come%20for%20Ethics%2C%20Stay%20for%20the%20Rants&author=Dr%20John%20Durrett&image_code=38&theme=11",
                "id": 1
            }
        ],
        "ts": "1461087056.000002",
        "reactions": [
            {
                "name": "joy",
                "users": [
                    "U0L7GN8HM",
                    "U06TD3AUW"
                ],
                "count": 2
            },
            {
                "name": "rage4",
                "users": [
                    "U0K97DSGZ"
                ],
                "count": 1
            }
        ]
    },
    {
        "type": "message",
        "user": "U06TD3AUW",
        "text": "I know this pertains to at least a few of you lol \n\"Why you shouldn't interrupt a programmer\"",
        "edited": {
            "user": "U06TD3AUW",
            "ts": "1461087929.000000"
        },
        "ts": "1461087902.000004",
        "reactions": [
            {
                "name": "sweat",
                "users": [
                    "U06STR2NR",
                    "U0K9BSV5X",
                    "U0LPKCLLS"
                ],
                "count": 3
            }
        ]
    },
    {
        "type": "message",
        "user": "U06TD3AUW",
        "text": "<http:\/\/i.imgur.com\/3uyRWGJ.jpg>",
        "attachments": [
            {
                "fallback": "540x2073px image",
                "image_url": "http:\/\/i.imgur.com\/3uyRWGJ.jpg",
                "image_width": 540,
                "image_height": 2073,
                "image_bytes": 144179,
                "from_url": "http:\/\/i.imgur.com\/3uyRWGJ.jpg",
                "id": 1
            }
        ],
        "ts": "1461087902.000005"
    },
    {
        "type": "message",
        "user": "U0NFATETV",
        "text": "^yes^",
        "ts": "1461097584.000008"
    }
]