[
    {
        "type": "message",
        "user": "U06TD3AUW",
        "text": "I freaking love Git. It's saved me so many times and I don't think I want to work on anything without it anymore lol",
        "ts": "1468421414.000002"
    },
    {
        "type": "message",
        "user": "U06TD3AUW",
        "text": ":github:",
        "ts": "1468421418.000003"
    },
    {
        "type": "message",
        "user": "U0JMJDERY",
        "text": "True",
        "ts": "1468421517.000004"
    },
    {
        "type": "message",
        "user": "U06TBPWAW",
        "text": "True",
        "ts": "1468425362.000005"
    },
    {
        "type": "message",
        "user": "U06TD3AUW",
        "text": "\/giphy deja vu",
        "attachments": [
            {
                "fallback": "giphy: <http:\/\/giphy.com\/gifs\/perfect-gif-deja-v-13d94kJxnSZohG>",
                "image_url": "http:\/\/media1.giphy.com\/media\/13d94kJxnSZohG\/giphy.gif",
                "image_width": 400,
                "image_height": 320,
                "image_bytes": 392887,
                "is_animated": true,
                "title": "deja vu",
                "id": 1,
                "title_link": "http:\/\/giphy.com\/gifs\/perfect-gif-deja-v-13d94kJxnSZohG"
            }
        ],
        "ts": "1468425473.000006"
    }
]