[
    {
        "type": "message",
        "user": "U0K97DSGZ",
        "text": "<@U1B6UPLCU> Just bought the K400 plus for $30. It's cheap and ugly, but the trackpad works like a dream. This is way better than the piece of shit K830 that costs $70. The trackpad was all over the place using Bluetooth or the unified dongle. Good call dude!",
        "ts": "1471731127.000137"
    },
    {
        "type": "message",
        "user": "U0JMBJ5M2",
        "text": "So I just finished setting up a GPU passthrough setup with Fedora Linux.  Should have done this a while ago, now I can switch between Linux and Windows for gaming without having to dual boot",
        "ts": "1471735562.000138",
        "reactions": [
            {
                "name": "+1",
                "users": [
                    "U06TBPWAW",
                    "U06TD3AUW"
                ],
                "count": 2
            },
            {
                "name": "the_horns",
                "users": [
                    "U1B6UPLCU"
                ],
                "count": 1
            }
        ]
    },
    {
        "type": "message",
        "user": "U0JMBJ5M2",
        "text": "It's almost scary having a VM that can run games with no noticeable performance degredation",
        "ts": "1471735650.000139"
    }
]