[
    {
        "user": "U2AADPX2R",
        "text": "<@U2AADPX2R|mar395> has joined the channel",
        "type": "message",
        "subtype": "channel_join",
        "ts": "1473528163.000060"
    },
    {
        "user": "U2AAV46BH",
        "text": "<@U2AAV46BH|jpa35> has joined the channel",
        "type": "message",
        "subtype": "channel_join",
        "ts": "1473534655.000061"
    },
    {
        "user": "U2ABM36BU",
        "text": "<@U2ABM36BU|cdb125> has joined the channel",
        "type": "message",
        "subtype": "channel_join",
        "ts": "1473546051.000062"
    }
]