[
    {
        "type": "message",
        "user": "U1P0V3T7D",
        "text": "trying not to die in this 8am intro to html lab",
        "ts": "1476884198.000395"
    },
    {
        "type": "message",
        "user": "U06TD3AUW",
        "text": "is that for a class?",
        "ts": "1476893615.000396"
    },
    {
        "type": "message",
        "user": "U06TBPWAW",
        "text": "Mass Comm Minor",
        "ts": "1476893633.000397"
    },
    {
        "type": "message",
        "user": "U06TD3AUW",
        "text": "ah",
        "ts": "1476893640.000398"
    },
    {
        "type": "message",
        "user": "U1P0V3T7D",
        "text": "couldn’t reply because i died",
        "ts": "1476903572.000399",
        "reactions": [
            {
                "name": "skull",
                "users": [
                    "U0JMBJ5M2",
                    "U06TD3AUW",
                    "U0KTJE2EM",
                    "U06T5BMA8",
                    "U06TBPWAW",
                    "U06STR2NR"
                ],
                "count": 6
            }
        ]
    },
    {
        "user": "U2RMNFN9G",
        "text": "<@U2RMNFN9G|lma62> has joined the channel",
        "type": "message",
        "subtype": "channel_join",
        "ts": "1476923338.000400"
    }
]