[
    {
        "user": "U2GQV13QD",
        "text": "<@U2GQV13QD|njohnnyboyy> has joined the channel",
        "type": "message",
        "subtype": "channel_join",
        "ts": "1475026927.000181"
    },
    {
        "user": "U2GR68J7K",
        "text": "<@U2GR68J7K|samcs229> has joined the channel",
        "type": "message",
        "subtype": "channel_join",
        "ts": "1475028665.000182"
    },
    {
        "user": "U2GQXV77G",
        "text": "<@U2GQXV77G|fernandobuenrostro> has joined the channel",
        "type": "message",
        "subtype": "channel_join",
        "ts": "1475029385.000183"
    }
]