[
    {
        "user": "U1B79SGBB",
        "type": "message",
        "subtype": "channel_join",
        "text": "<@U1B79SGBB|arun26606> has joined the channel",
        "ts": "1464057774.000002"
    },
    {
        "user": "U1B6UPLCU",
        "type": "message",
        "subtype": "channel_join",
        "text": "<@U1B6UPLCU|ethan> has joined the channel",
        "ts": "1464058103.000003"
    },
    {
        "user": "U1B786N12",
        "type": "message",
        "subtype": "channel_join",
        "text": "<@U1B786N12|firdaus> has joined the channel",
        "ts": "1464065322.000004"
    }
]