[
    {
        "user": "U2L6LTG0H",
        "text": "<@U2L6LTG0H|dalwy> has joined the channel",
        "type": "message",
        "subtype": "channel_join",
        "ts": "1475763611.000238"
    },
    {
        "type": "message",
        "user": "U0K96PWET",
        "text": "OMG this is a near perfect summary of how my summer went <https:\/\/hackernoon.com\/how-it-feels-to-learn-javascript-in-2016-d3a717dd577f#.29p31vqhh>",
        "attachments": [
            {
                "service_name": "Hacker Noon",
                "title": "How it feels to learn JavaScript in 2016",
                "title_link": "https:\/\/hackernoon.com\/how-it-feels-to-learn-javascript-in-2016-d3a717dd577f#.29p31vqhh",
                "text": "Edit: Thanks for pointing typos and mistakes, I’ll update the article as noted. Discussion in HackerNews and Reddit.",
                "fallback": "Hacker Noon: How it feels to learn JavaScript in 2016",
                "image_url": "https:\/\/cdn-images-1.medium.com\/max\/1200\/1*raWO3dhM4jMjf9VY-kZzNg.png",
                "fields": [
                    {
                        "title": "Reading time",
                        "value": "12 min read",
                        "short": true
                    }
                ],
                "ts": 1475507718,
                "from_url": "https:\/\/hackernoon.com\/how-it-feels-to-learn-javascript-in-2016-d3a717dd577f#.29p31vqhh",
                "image_width": 313,
                "image_height": 250,
                "image_bytes": 341259,
                "service_icon": "https:\/\/cdn-images-1.medium.com\/fit\/c\/152\/152\/1*76XiKOa05Yya6_CdYX8pVg.jpeg",
                "id": 1
            }
        ],
        "ts": "1475778394.000239"
    },
    {
        "type": "message",
        "user": "U0L74J1CN",
        "text": "My head is spinning from reading that",
        "ts": "1475778660.000241"
    },
    {
        "type": "message",
        "user": "U0K96PWET",
        "text": "it’s my life",
        "ts": "1475779825.000242"
    },
    {
        "type": "message",
        "user": "U0K96PWET",
        "text": "head is currently spinning as we speak",
        "ts": "1475779837.000243"
    },
    {
        "type": "message",
        "user": "U06STR2NR",
        "text": "I feel this on a spiritual level",
        "ts": "1475786351.000244",
        "reactions": [
            {
                "name": "nicmoji_sad",
                "users": [
                    "U0K96PWET"
                ],
                "count": 1
            }
        ]
    },
    {
        "type": "message",
        "user": "U06STR2NR",
        "text": "Although I think saying that I \"learned\" JavaScript would itself be a stretch",
        "ts": "1475786370.000245"
    },
    {
        "type": "message",
        "user": "U0KN45G2W",
        "text": "```What’s wrong with HTML?\n\n-It’s 2016. No one codes HTML directly anymore.```",
        "ts": "1475789421.000246"
    },
    {
        "type": "message",
        "user": "U0KN45G2W",
        "text": "favorite part of that article",
        "ts": "1475789425.000247"
    },
    {
        "type": "message",
        "user": "U0K96PWET",
        "text": "it almost makes me sad",
        "ts": "1475794284.000248"
    },
    {
        "type": "message",
        "user": "U0KTJE2EM",
        "text": "react + jsx makes coding html fun again :smiley:",
        "ts": "1475797233.000249",
        "reactions": [
            {
                "name": "raised_hands",
                "users": [
                    "U06TD3AUW"
                ],
                "count": 1
            }
        ]
    },
    {
        "type": "message",
        "user": "U0KTJE2EM",
        "text": "otherwise templating is the way to go",
        "ts": "1475797338.000250"
    },
    {
        "type": "message",
        "user": "U0JMBJ5M2",
        "text": "Hehe, I love this one.  The original article that the style this was based around is one of the highest rated posts on HN, called \"it's the future\" (I think it was by CircleCi) about microservices and what not.  Also a great read.",
        "ts": "1475801291.000251",
        "reactions": [
            {
                "name": "+1",
                "users": [
                    "U0KTJE2EM"
                ],
                "count": 1
            }
        ]
    },
    {
        "type": "message",
        "user": "U0KTJE2EM",
        "text": "lmao at this part ```OOP was good back in the days, and it still has its uses today, but now everyone is realising modifying states is equivalent to kicking babies```",
        "ts": "1475801577.000252"
    },
    {
        "type": "message",
        "user": "U0KTJE2EM",
        "text": "that is a super funny article",
        "ts": "1475801608.000253"
    },
    {
        "type": "message",
        "user": "U0JMBJ5M2",
        "text": "&gt; Yeah, but apparently in the web we love making things complicated and then going back to the basics. We do that every year or so, just wait for it, we are going to do assembly in the web in a year or two.",
        "ts": "1475802639.000254"
    },
    {
        "type": "message",
        "user": "U0KTJE2EM",
        "text": "omg that _it’s the future_ one is gold",
        "ts": "1475803354.000255"
    },
    {
        "type": "message",
        "user": "U0KTJE2EM",
        "text": "<https:\/\/circleci.com\/blog\/its-the-future\/>",
        "attachments": [
            {
                "service_name": "CircleCI",
                "title": "It’s The Future",
                "title_link": "https:\/\/circleci.com\/blog\/its-the-future\/",
                "text": "Hey, my boss said to talk to you - I hear you know a lot about web apps?-Yeah, I’m more of a distributed systems guy now. I’m just back from ContainerCamp and Gluecon and I’m going to Dockercon next week. Really excited about the way the industry is moving - making everything simpler and more reliable. It’s the future!",
                "fallback": "CircleCI: It’s The Future",
                "image_url": "https:\/\/circleci.com\/circleci-logo-stacked-fb.png",
                "ts": 1433878661,
                "from_url": "https:\/\/circleci.com\/blog\/its-the-future\/",
                "image_width": 250,
                "image_height": 250,
                "image_bytes": 7608,
                "service_icon": "https:\/\/circleci.com\/favicon.ico",
                "id": 1
            }
        ],
        "ts": "1475803363.000256"
    }
]