[
    {
        "type": "message",
        "user": "U2MLWGM52",
        "text": "<https:\/\/micropython.org>",
        "attachments": [
            {
                "title": "MicroPython - Python for microcontrollers",
                "title_link": "https:\/\/micropython.org",
                "text": "MicroPython is a lean and efficient implementation of the Python 3 programming language that includes a small subset of the Python standard library and is optimised to run on microcontrollers and in constrained environments.",
                "fallback": "MicroPython - Python for microcontrollers",
                "from_url": "https:\/\/micropython.org",
                "thumb_url": "http:\/\/micropython.org\/static\/img\/Mlogo_138wh.png",
                "thumb_width": 69,
                "thumb_height": 69,
                "service_icon": "https:\/\/micropython.org\/static\/img\/favicon.ico",
                "service_name": "micropython.org",
                "id": 1
            }
        ],
        "ts": "1480800060.000002",
        "reactions": [
            {
                "name": "+1",
                "users": [
                    "U06TD3AUW",
                    "U2BQ62Z6G"
                ],
                "count": 2
            }
        ]
    }
]