[
    {
        "type": "message",
        "subtype": "file_share",
        "text": "<@U0MSTGS9L|ias15> uploaded a file: <https:\/\/txstatecs.slack.com\/files\/ias15\/F2UHGA9JM\/hehe.jpg|Hehe> and commented: Just a good laugh.",
        "file": {
            "id": "F2UHGA9JM",
            "created": 1477499701,
            "timestamp": 1477499701,
            "name": "Hehe.jpg",
            "title": "Hehe",
            "mimetype": "image\/jpeg",
            "filetype": "jpg",
            "pretty_type": "JPEG",
            "user": "U0MSTGS9L",
            "editable": false,
            "size": 134439,
            "mode": "hosted",
            "is_external": false,
            "external_type": "",
            "is_public": true,
            "public_url_shared": false,
            "display_as_bot": false,
            "username": "",
            "url_private": "https:\/\/files.slack.com\/files-pri\/T06STEZ2L-F2UHGA9JM\/hehe.jpg?t=xoxe-6911509088-177219117537-177786475698-c3d3bb179c",
            "url_private_download": "https:\/\/files.slack.com\/files-pri\/T06STEZ2L-F2UHGA9JM\/download\/hehe.jpg?t=xoxe-6911509088-177219117537-177786475698-c3d3bb179c",
            "thumb_64": "https:\/\/files.slack.com\/files-tmb\/T06STEZ2L-F2UHGA9JM-eee99fe23e\/hehe_64.jpg?t=xoxe-6911509088-177219117537-177786475698-c3d3bb179c",
            "thumb_80": "https:\/\/files.slack.com\/files-tmb\/T06STEZ2L-F2UHGA9JM-eee99fe23e\/hehe_80.jpg?t=xoxe-6911509088-177219117537-177786475698-c3d3bb179c",
            "thumb_360": "https:\/\/files.slack.com\/files-tmb\/T06STEZ2L-F2UHGA9JM-eee99fe23e\/hehe_360.jpg?t=xoxe-6911509088-177219117537-177786475698-c3d3bb179c",
            "thumb_360_w": 360,
            "thumb_360_h": 356,
            "thumb_480": "https:\/\/files.slack.com\/files-tmb\/T06STEZ2L-F2UHGA9JM-eee99fe23e\/hehe_480.jpg?t=xoxe-6911509088-177219117537-177786475698-c3d3bb179c",
            "thumb_480_w": 480,
            "thumb_480_h": 475,
            "thumb_160": "https:\/\/files.slack.com\/files-tmb\/T06STEZ2L-F2UHGA9JM-eee99fe23e\/hehe_160.jpg?t=xoxe-6911509088-177219117537-177786475698-c3d3bb179c",
            "thumb_720": "https:\/\/files.slack.com\/files-tmb\/T06STEZ2L-F2UHGA9JM-eee99fe23e\/hehe_720.jpg?t=xoxe-6911509088-177219117537-177786475698-c3d3bb179c",
            "thumb_720_w": 720,
            "thumb_720_h": 712,
            "image_exif_rotation": 1,
            "original_w": 750,
            "original_h": 742,
            "permalink": "https:\/\/txstatecs.slack.com\/files\/ias15\/F2UHGA9JM\/hehe.jpg",
            "permalink_public": "https:\/\/slack-files.com\/T06STEZ2L-F2UHGA9JM-f13acb6ec5",
            "channels": [
                "C06STNWGZ"
            ],
            "groups": [],
            "ims": [],
            "comments_count": 1,
            "initial_comment": {
                "id": "Fc2UH0EANQ",
                "created": 1477499701,
                "timestamp": 1477499701,
                "user": "U0MSTGS9L",
                "is_intro": true,
                "comment": "Just a good laugh.",
                "channel": ""
            }
        },
        "user": "U0MSTGS9L",
        "upload": true,
        "display_as_bot": false,
        "username": "ias15",
        "bot_id": null,
        "ts": "1477499704.000488"
    },
    {
        "type": "message",
        "user": "U0LPKBHK2",
        "text": "Rite rite!",
        "ts": "1477502254.000489"
    },
    {
        "type": "message",
        "user": "U06TD3AUW",
        "text": "I....I want one.....\n<https:\/\/www.youtube.com\/watch?v=BzMLA8YIgG0>",
        "attachments": [
            {
                "service_name": "YouTube",
                "service_url": "https:\/\/www.youtube.com\/",
                "title": "Introducing Microsoft Surface Studio",
                "title_link": "https:\/\/www.youtube.com\/watch?v=BzMLA8YIgG0",
                "author_name": "Surface",
                "author_link": "https:\/\/www.youtube.com\/user\/surface",
                "thumb_url": "https:\/\/i.ytimg.com\/vi\/BzMLA8YIgG0\/hqdefault.jpg",
                "thumb_width": 480,
                "thumb_height": 360,
                "fallback": "YouTube Video: Introducing Microsoft Surface Studio",
                "video_html": "<iframe width=\"400\" height=\"225\" src=\"https:\/\/www.youtube.com\/embed\/BzMLA8YIgG0?feature=oembed&autoplay=1&iv_load_policy=3\" frameborder=\"0\" allowfullscreen><\/iframe>",
                "video_html_width": 400,
                "video_html_height": 225,
                "from_url": "https:\/\/www.youtube.com\/watch?v=BzMLA8YIgG0",
                "service_icon": "https:\/\/a.slack-edge.com\/2089\/img\/unfurl_icons\/youtube.png",
                "id": 1
            }
        ],
        "ts": "1477514653.000490"
    },
    {
        "type": "message",
        "user": "U06TD3AUW",
        "text": "I will legit get into digital art if I had this lol",
        "ts": "1477514666.000492"
    },
    {
        "type": "message",
        "user": "U0JMJDERY",
        "text": "I was just about to post this :smirk: ",
        "ts": "1477519458.000493"
    },
    {
        "type": "message",
        "user": "U06TD3AUW",
        "text": "My stick figures would look so dope",
        "ts": "1477519559.000494",
        "reactions": [
            {
                "name": "peanut_butter_jelly_time",
                "users": [
                    "U0K96PWET"
                ],
                "count": 1
            }
        ]
    },
    {
        "type": "message",
        "user": "U06TBPWAW",
        "text": "I thought that looked so dope. But 3k at the low end. Good luck Microsoft.",
        "ts": "1477519734.000495"
    },
    {
        "type": "message",
        "user": "U06TD3AUW",
        "text": "It's definitely not targeted at consumers. iMacs have the benefit of targeting consumers, but having the good software needed by industries. So they are naturally picked up by companies. Microsoft seems to be directly targeting designers\/businesses with the Surface Studio in an effort to becoming the defacto PC choice for design companies. \n\nSo we'll see if that plays out the way they hope.",
        "edited": {
            "user": "U06TD3AUW",
            "ts": "1477528949.000000"
        },
        "ts": "1477520648.000496"
    },
    {
        "type": "message",
        "subtype": "file_share",
        "text": "<@U0Q6DBY7Q|katiejoy> uploaded a file: <https:\/\/txstatecs.slack.com\/files\/katiejoy\/F2UP76VJ9\/slack_for_ios_upload.png|Slack for iOS Upload> and commented: I got this from one of my fellow schwinterns. ",
        "file": {
            "id": "F2UP76VJ9",
            "created": 1477524056,
            "timestamp": 1477524056,
            "name": "Slack for iOS Upload.png",
            "title": "Slack for iOS Upload",
            "mimetype": "image\/jpeg",
            "filetype": "jpg",
            "pretty_type": "JPEG",
            "user": "U0Q6DBY7Q",
            "editable": false,
            "size": 20888,
            "mode": "hosted",
            "is_external": false,
            "external_type": "",
            "is_public": true,
            "public_url_shared": false,
            "display_as_bot": false,
            "username": "",
            "url_private": "https:\/\/files.slack.com\/files-pri\/T06STEZ2L-F2UP76VJ9\/slack_for_ios_upload.png?t=xoxe-6911509088-177219117537-177786475698-c3d3bb179c",
            "url_private_download": "https:\/\/files.slack.com\/files-pri\/T06STEZ2L-F2UP76VJ9\/download\/slack_for_ios_upload.png?t=xoxe-6911509088-177219117537-177786475698-c3d3bb179c",
            "thumb_64": "https:\/\/files.slack.com\/files-tmb\/T06STEZ2L-F2UP76VJ9-ad0ef0646e\/slack_for_ios_upload_64.jpg?t=xoxe-6911509088-177219117537-177786475698-c3d3bb179c",
            "thumb_80": "https:\/\/files.slack.com\/files-tmb\/T06STEZ2L-F2UP76VJ9-ad0ef0646e\/slack_for_ios_upload_80.jpg?t=xoxe-6911509088-177219117537-177786475698-c3d3bb179c",
            "thumb_360": "https:\/\/files.slack.com\/files-tmb\/T06STEZ2L-F2UP76VJ9-ad0ef0646e\/slack_for_ios_upload_360.jpg?t=xoxe-6911509088-177219117537-177786475698-c3d3bb179c",
            "thumb_360_w": 360,
            "thumb_360_h": 195,
            "thumb_480": "https:\/\/files.slack.com\/files-tmb\/T06STEZ2L-F2UP76VJ9-ad0ef0646e\/slack_for_ios_upload_480.jpg?t=xoxe-6911509088-177219117537-177786475698-c3d3bb179c",
            "thumb_480_w": 480,
            "thumb_480_h": 260,
            "thumb_160": "https:\/\/files.slack.com\/files-tmb\/T06STEZ2L-F2UP76VJ9-ad0ef0646e\/slack_for_ios_upload_160.jpg?t=xoxe-6911509088-177219117537-177786475698-c3d3bb179c",
            "image_exif_rotation": 1,
            "original_w": 575,
            "original_h": 311,
            "permalink": "https:\/\/txstatecs.slack.com\/files\/katiejoy\/F2UP76VJ9\/slack_for_ios_upload.png",
            "permalink_public": "https:\/\/slack-files.com\/T06STEZ2L-F2UP76VJ9-0729876fac",
            "channels": [
                "C06STNWGZ"
            ],
            "groups": [],
            "ims": [],
            "comments_count": 1,
            "initial_comment": {
                "id": "Fc2UP0SMGE",
                "created": 1477524056,
                "timestamp": 1477524056,
                "user": "U0Q6DBY7Q",
                "is_intro": true,
                "comment": "I got this from one of my fellow schwinterns. ",
                "channel": ""
            },
            "reactions": [
                {
                    "name": "fb_laugh",
                    "users": [
                        "U2BQ62Z6G",
                        "U0LPKBHK2",
                        "U0L74J1CN",
                        "U0JMBJ5M2"
                    ],
                    "count": 4
                }
            ]
        },
        "user": "U0Q6DBY7Q",
        "upload": true,
        "display_as_bot": false,
        "username": "katiejoy",
        "bot_id": null,
        "ts": "1477524058.000497"
    },
    {
        "type": "message",
        "user": "U0LPKBHK2",
        "text": ":clapping: :+1: ",
        "ts": "1477528886.000500"
    },
    {
        "type": "message",
        "user": "U0LPKBHK2",
        "text": "The the best!",
        "ts": "1477528892.000501"
    },
    {
        "user": "U2UQPACR3",
        "text": "<@U2UQPACR3|smartel> has joined the channel",
        "type": "message",
        "subtype": "channel_join",
        "ts": "1477536391.000504"
    }
]