[
    {
        "type": "message",
        "user": "U0LPKCLLS",
        "text": "#pcmasterrace",
        "ts": "1457826689.000002"
    },
    {
        "type": "message",
        "user": "U06TBPWAW",
        "text": "Says the mac user <@U0LPKCLLS> lol",
        "ts": "1457827134.000003"
    },
    {
        "type": "message",
        "user": "U0LPKCLLS",
        "text": "<@U06TBPWAW> I never said I gamed on my macbook. I go hard on my PC.",
        "ts": "1457827348.000004",
        "reactions": [
            {
                "name": "space_invader",
                "users": [
                    "U06TD3AUW",
                    "U0K96PWET"
                ],
                "count": 2
            }
        ]
    }
]