[
    {
        "type": "message",
        "user": "U06STR2NR",
        "text": "This is a complete coilover suspension for $475?",
        "ts": "1475505570.000219"
    },
    {
        "type": "message",
        "user": "U06STR2NR",
        "text": "<@U1B6UPLCU>",
        "ts": "1475505610.000220"
    },
    {
        "type": "message",
        "user": "U06STR2NR",
        "text": "Oh, it looks like you pay a non-refundable deposit of $250, then you pay another $400-475 for the coils, then $244 for shipping... still comes out to almost a grand\n\nedit: saw the free shipping, looks like a good deal",
        "edited": {
            "user": "U06STR2NR",
            "ts": "1475506004.000000"
        },
        "ts": "1475505638.000221"
    },
    {
        "type": "message",
        "user": "U1B6UPLCU",
        "text": "Womp womp. I think the deposit goes towards the GB too but I'm unsure. If I didn't just get ISCs I'd be on this, flat out makes good parts. Saw IS300 pop up and thought you might be interested lol",
        "ts": "1475506091.000224"
    },
    {
        "type": "message",
        "user": "U06STR2NR",
        "text": "\"$475 due at GB close\" is where I'm getting hung up",
        "ts": "1475506111.000225"
    },
    {
        "type": "message",
        "user": "U1B6UPLCU",
        "text": "Ah yeah",
        "ts": "1475506117.000226"
    },
    {
        "type": "message",
        "user": "U06STR2NR",
        "text": "still a great price tho",
        "ts": "1475506132.000227"
    },
    {
        "type": "message",
        "user": "U1B6UPLCU",
        "text": "Oye, that's raceland dollar territory. ",
        "ts": "1475506163.000228"
    },
    {
        "type": "message",
        "user": "U06STR2NR",
        "text": "Thanks for sending the link my way... I'll keep an eye on the group buy. If they drop to 400 I'll probably jump on it",
        "ts": "1475506701.000229"
    },
    {
        "type": "message",
        "user": "U1B6UPLCU",
        "text": "yeah let me know if you end up snagging a set, I can help you with the install",
        "ts": "1475510210.000230"
    }
]