[
    {
        "type": "message",
        "user": "U0LPKCLLS",
        "text": "All I'm saying is, fuck assembly language. It's so tedious. Please just end it now.",
        "ts": "1469896118.000002",
        "reactions": [
            {
                "name": "fu",
                "users": [
                    "U06TD3AUW"
                ],
                "count": 1
            },
            {
                "name": "robot_face",
                "users": [
                    "U0L7K1PB4"
                ],
                "count": 1
            }
        ]
    }
]