[
    {
        "type": "message",
        "user": "U06TD3AUW",
        "text": "Random question, but does anyone happen to have a AAAA battery on them?...",
        "ts": "1479251388.000681"
    },
    {
        "type": "message",
        "user": "U0L74J1CN",
        "text": "Let me guess, surface pen",
        "ts": "1479251590.000682"
    },
    {
        "type": "message",
        "user": "U0L74J1CN",
        "text": "I do not :sad_obama: ",
        "ts": "1479251603.000683"
    },
    {
        "type": "message",
        "user": "U06TD3AUW",
        "text": "lol yes.",
        "ts": "1479251605.000684"
    },
    {
        "type": "message",
        "user": "U06TD3AUW",
        "text": "It is designed to last a year and it literally died a year after I purchased it haha",
        "ts": "1479251625.000685"
    },
    {
        "type": "message",
        "user": "U0JMBJ5M2",
        "text": "<@U06TD3AUW> I do not, but I was able to find some at HEB the last time the one in my pen died.  Still need to get one of the coin cells in the back of the pen though...",
        "ts": "1479282721.000686"
    }
]