[
    {
        "type": "message",
        "user": "U0JMBJ5M2",
        "text": "To be fair, the desktop market is pretty niche nowadays, the only consumers who buy desktops are gamers (who want full-power graphics and processing) and creative types (who want the larger screen).  Also, 3k for a desktop isn't unheard of...at least, not for a specific fruity company...",
        "ts": "1477557257.000506"
    },
    {
        "type": "message",
        "user": "U0JMBJ5M2",
        "text": "Also, PCs do CAD and engineering work much better than macs, as Autodesk product support is essentially all PC.  Only tools you really don't get on PC are 1st party mac ones - GarageBand, FinalCut pro and iMovie",
        "ts": "1477557474.000507"
    },
    {
        "type": "message",
        "user": "U0JMBJ5M2",
        "text": "And goddammn would it be nice to do 3d sculpting or cad work on that, especially with creative use of the puck",
        "ts": "1477557590.000508"
    },
    {
        "type": "message",
        "user": "U0JMBJ5M2",
        "text": "...also, Microsoft seems to be out Apple-ing Apple, wow...",
        "ts": "1477557664.000509"
    },
    {
        "type": "message",
        "user": "U0JMBJ5M2",
        "text": "While we are on SQL humor,",
        "ts": "1477557755.000510"
    },
    {
        "type": "message",
        "user": "U0JMBJ5M2",
        "text": "<http:\/\/i.imgur.com\/IRV8GWW.png>",
        "attachments": [
            {
                "fallback": "487x1833px image",
                "image_url": "http:\/\/i.imgur.com\/IRV8GWW.png",
                "image_width": 487,
                "image_height": 1833,
                "image_bytes": 929083,
                "from_url": "http:\/\/i.imgur.com\/IRV8GWW.png",
                "id": 1
            }
        ],
        "ts": "1477557758.000511",
        "reactions": [
            {
                "name": "laughing",
                "users": [
                    "U2BQ62Z6G"
                ],
                "count": 1
            }
        ]
    },
    {
        "type": "message",
        "user": "U0KTJE2EM",
        "text": "yeah I heard apple's new macbook pro is getting rid of the escape key. That just sounds horrible.",
        "ts": "1477573064.000513"
    },
    {
        "type": "message",
        "subtype": "file_share",
        "text": "<@U0KTJE2EM|will> uploaded a file: <https:\/\/txstatecs.slack.com\/files\/will\/F2V04T4E4\/exploits_of_a_mom.png|exploits_of_a_mom.png>",
        "file": {
            "id": "F2V04T4E4",
            "created": 1477573071,
            "timestamp": 1477573071,
            "name": "exploits_of_a_mom.png",
            "title": "exploits_of_a_mom.png",
            "mimetype": "image\/png",
            "filetype": "png",
            "pretty_type": "PNG",
            "user": "U0KTJE2EM",
            "editable": false,
            "size": 31908,
            "mode": "hosted",
            "is_external": false,
            "external_type": "",
            "is_public": true,
            "public_url_shared": false,
            "display_as_bot": false,
            "username": "",
            "url_private": "https:\/\/files.slack.com\/files-pri\/T06STEZ2L-F2V04T4E4\/exploits_of_a_mom.png?t=xoxe-6911509088-177219117537-177786475698-c3d3bb179c",
            "url_private_download": "https:\/\/files.slack.com\/files-pri\/T06STEZ2L-F2V04T4E4\/download\/exploits_of_a_mom.png?t=xoxe-6911509088-177219117537-177786475698-c3d3bb179c",
            "thumb_64": "https:\/\/files.slack.com\/files-tmb\/T06STEZ2L-F2V04T4E4-53f82ae6d8\/exploits_of_a_mom_64.png?t=xoxe-6911509088-177219117537-177786475698-c3d3bb179c",
            "thumb_80": "https:\/\/files.slack.com\/files-tmb\/T06STEZ2L-F2V04T4E4-53f82ae6d8\/exploits_of_a_mom_80.png?t=xoxe-6911509088-177219117537-177786475698-c3d3bb179c",
            "thumb_360": "https:\/\/files.slack.com\/files-tmb\/T06STEZ2L-F2V04T4E4-53f82ae6d8\/exploits_of_a_mom_360.png?t=xoxe-6911509088-177219117537-177786475698-c3d3bb179c",
            "thumb_360_w": 360,
            "thumb_360_h": 111,
            "thumb_480": "https:\/\/files.slack.com\/files-tmb\/T06STEZ2L-F2V04T4E4-53f82ae6d8\/exploits_of_a_mom_480.png?t=xoxe-6911509088-177219117537-177786475698-c3d3bb179c",
            "thumb_480_w": 480,
            "thumb_480_h": 148,
            "thumb_160": "https:\/\/files.slack.com\/files-tmb\/T06STEZ2L-F2V04T4E4-53f82ae6d8\/exploits_of_a_mom_160.png?t=xoxe-6911509088-177219117537-177786475698-c3d3bb179c",
            "image_exif_rotation": 1,
            "original_w": 666,
            "original_h": 205,
            "permalink": "https:\/\/txstatecs.slack.com\/files\/will\/F2V04T4E4\/exploits_of_a_mom.png",
            "permalink_public": "https:\/\/slack-files.com\/T06STEZ2L-F2V04T4E4-4590a3b445",
            "channels": [
                "C06STNWGZ"
            ],
            "groups": [],
            "ims": [],
            "comments_count": 0
        },
        "user": "U0KTJE2EM",
        "upload": true,
        "display_as_bot": false,
        "username": "will",
        "bot_id": null,
        "ts": "1477573072.000514"
    },
    {
        "type": "message",
        "user": "U06TBPWAW",
        "text": "The new Macbooks pro will be announced today. Yes it is very likely the function key bar is leaving. but it's becoming a OLED bar and change chnage depending which program your in",
        "ts": "1477578535.000515"
    },
    {
        "type": "message",
        "user": "U0KTJE2EM",
        "text": "yeah I am very skeptical on that Magic Bar.. I like my tactile feedback and muscle memory of my `escape` key smashes",
        "ts": "1477579208.000516"
    },
    {
        "type": "message",
        "user": "U0KTJE2EM",
        "text": "finger print reader will be sick though",
        "ts": "1477579274.000517",
        "reactions": [
            {
                "name": "+1",
                "users": [
                    "U06TBPWAW",
                    "U0L74J1CN"
                ],
                "count": 2
            }
        ]
    },
    {
        "user": "U2V3K1857",
        "text": "<@U2V3K1857|db118> has joined the channel",
        "type": "message",
        "subtype": "channel_join",
        "ts": "1477584050.000518"
    },
    {
        "type": "message",
        "user": "U0JMJDERY",
        "text": "<http:\/\/i.imgur.com\/JXa7yTt.jpg>",
        "attachments": [
            {
                "fallback": "2040x1360px image",
                "image_url": "http:\/\/i.imgur.com\/JXa7yTt.jpg",
                "image_width": 2040,
                "image_height": 1360,
                "image_bytes": 402043,
                "from_url": "http:\/\/i.imgur.com\/JXa7yTt.jpg",
                "id": 1
            }
        ],
        "ts": "1477612038.000519",
        "reactions": [
            {
                "name": "joy",
                "users": [
                    "U06TD3AUW"
                ],
                "count": 1
            }
        ]
    },
    {
        "type": "message",
        "user": "U06TD3AUW",
        "text": "Anyone have an opinion on TDD vs BDD?",
        "ts": "1477627789.000521"
    },
    {
        "type": "message",
        "user": "U0K96PWET",
        "text": "If you're using TDD don't save the tests until the end. You will regret it and end up crying in a corner when your coverage is at 84.9% when you have to get to 85% to get a PR approved.",
        "ts": "1477627987.000522",
        "reactions": [
            {
                "name": "joy",
                "users": [
                    "U06TD3AUW"
                ],
                "count": 1
            }
        ]
    },
    {
        "type": "message",
        "user": "U06TD3AUW",
        "text": "<@U0K96PWET> : have you had any experience with BDD?",
        "ts": "1477629441.000523"
    },
    {
        "type": "message",
        "user": "U0K96PWET",
        "text": "nope",
        "ts": "1477629581.000524"
    },
    {
        "type": "message",
        "user": "U06TD3AUW",
        "text": "ah, alright, just trying to get some opinions from some peeps on which they prefer over the other",
        "ts": "1477629650.000525"
    },
    {
        "type": "message",
        "user": "U06TD3AUW",
        "text": "but",
        "ts": "1477629651.000526"
    },
    {
        "type": "message",
        "user": "U06TD3AUW",
        "text": "while you're here",
        "ts": "1477629653.000527"
    },
    {
        "type": "message",
        "user": "U06TD3AUW",
        "text": "what framework do you use at ibm?",
        "ts": "1477629663.000528"
    },
    {
        "type": "message",
        "user": "U0K96PWET",
        "text": "*runs away*",
        "ts": "1477629665.000529"
    },
    {
        "type": "message",
        "user": "U06TD3AUW",
        "text": "*come back here*",
        "edited": {
            "user": "U06TD3AUW",
            "ts": "1477629685.000000"
        },
        "ts": "1477629674.000530"
    },
    {
        "type": "message",
        "user": "U0K96PWET",
        "text": "node.js\/js\/react",
        "ts": "1477629695.000532"
    },
    {
        "type": "message",
        "user": "U06TD3AUW",
        "text": "sweet, how are you liking it?",
        "ts": "1477629751.000533"
    },
    {
        "type": "message",
        "user": "U0K96PWET",
        "text": "express server also",
        "ts": "1477629771.000534"
    },
    {
        "type": "message",
        "user": "U0K96PWET",
        "text": "I don't deal with that side of it though",
        "ts": "1477629777.000535"
    },
    {
        "type": "message",
        "user": "U0K96PWET",
        "text": "I'm purely front end",
        "ts": "1477629780.000536",
        "reactions": [
            {
                "name": "sparkles",
                "users": [
                    "U06TD3AUW"
                ],
                "count": 1
            }
        ]
    },
    {
        "type": "message",
        "user": "U0K96PWET",
        "text": "I like it a whole lot",
        "ts": "1477629785.000537"
    },
    {
        "type": "message",
        "user": "U0K96PWET",
        "text": "school is far too intrusive",
        "ts": "1477629811.000538",
        "reactions": [
            {
                "name": "joy",
                "users": [
                    "U06TD3AUW",
                    "U28QDAMNC"
                ],
                "count": 2
            }
        ]
    },
    {
        "type": "message",
        "user": "U06TD3AUW",
        "text": "yea, I know <@U0JMBJ5M2> is really into react.js as well\n\nAnd tell me about it haha",
        "ts": "1477629867.000539"
    },
    {
        "type": "message",
        "user": "U0K96PWET",
        "text": "I got to talk to facebook peeps about this last week. They got all kinds of excited.",
        "ts": "1477629927.000540",
        "reactions": [
            {
                "name": "facebook",
                "users": [
                    "U06TD3AUW"
                ],
                "count": 1
            }
        ]
    },
    {
        "type": "message",
        "user": "U0K96PWET",
        "text": "it's their baby though so that makes sense",
        "ts": "1477629937.000541",
        "reactions": [
            {
                "name": "baby",
                "users": [
                    "U06TD3AUW"
                ],
                "count": 1
            }
        ]
    },
    {
        "type": "message",
        "user": "U06TD3AUW",
        "text": "oh yea how was the convention??",
        "ts": "1477629968.000542"
    },
    {
        "type": "message",
        "user": "U0K96PWET",
        "text": "F*cking amazing",
        "ts": "1477630027.000543"
    },
    {
        "type": "message",
        "user": "U0K96PWET",
        "text": "I've already decided upon graduation to send @ least 2 girls a year from TxState",
        "ts": "1477630050.000544",
        "reactions": [
            {
                "name": "raised_hands",
                "users": [
                    "U06TD3AUW",
                    "U0Q6DBY7Q",
                    "U28QDAMNC"
                ],
                "count": 3
            }
        ]
    },
    {
        "type": "message",
        "user": "U0K96PWET",
        "text": "There's no reason why the entire department shouldn't be there",
        "ts": "1477630061.000545",
        "reactions": [
            {
                "name": "+1",
                "users": [
                    "U06TD3AUW",
                    "U0LPKBHK2"
                ],
                "count": 2
            }
        ]
    },
    {
        "type": "message",
        "user": "U0K96PWET",
        "text": "You fast track through the interview process",
        "ts": "1477630072.000546",
        "reactions": [
            {
                "name": "fastparrot",
                "users": [
                    "U06TD3AUW",
                    "U0Q6DBY7Q",
                    "U0LPKBHK2"
                ],
                "count": 3
            }
        ]
    },
    {
        "type": "message",
        "user": "U0K96PWET",
        "text": "no waiting weeks or months",
        "ts": "1477630081.000547",
        "reactions": [
            {
                "name": "date",
                "users": [
                    "U06TD3AUW"
                ],
                "count": 1
            }
        ]
    },
    {
        "type": "message",
        "user": "U0K96PWET",
        "text": "I got callbacks the same day",
        "ts": "1477630093.000548",
        "reactions": [
            {
                "name": "telephone_receiver",
                "users": [
                    "U06TD3AUW"
                ],
                "count": 1
            }
        ]
    },
    {
        "type": "message",
        "user": "U0K96PWET",
        "text": "not to mention being wined and dined",
        "ts": "1477630103.000549",
        "reactions": [
            {
                "name": "wine_glass",
                "users": [
                    "U06TD3AUW",
                    "U0Q6DBY7Q"
                ],
                "count": 2
            },
            {
                "name": "taco",
                "users": [
                    "U0K96PWET",
                    "U06TD3AUW"
                ],
                "count": 2
            },
            {
                "name": "knife_fork_plate",
                "users": [
                    "U06TD3AUW",
                    "U0Q6DBY7Q"
                ],
                "count": 2
            }
        ]
    },
    {
        "type": "message",
        "user": "U06TD3AUW",
        "text": "man, that sounds awesome",
        "ts": "1477630134.000550"
    },
    {
        "type": "message",
        "user": "U06TD3AUW",
        "text": "I saw all you dope swag too",
        "ts": "1477630141.000551"
    },
    {
        "type": "message",
        "user": "U06TD3AUW",
        "text": "I really wish I could attend more conferences like that",
        "ts": "1477630153.000552"
    },
    {
        "type": "message",
        "user": "U06TD3AUW",
        "text": "just don't have the time this semester",
        "ts": "1477630157.000553"
    },
    {
        "type": "message",
        "user": "U06TD3AUW",
        "text": "i'll def go during the winter though",
        "ts": "1477630165.000554"
    },
    {
        "type": "message",
        "user": "U06TD3AUW",
        "text": "and after graduation obvi",
        "ts": "1477630172.000555"
    },
    {
        "type": "message",
        "user": "U0K96PWET",
        "text": "doooo it",
        "ts": "1477630192.000556"
    },
    {
        "type": "message",
        "user": "U06TD3AUW",
        "text": "Also, I would love to help sponsor girls to go from our department",
        "ts": "1477630247.000557"
    },
    {
        "type": "message",
        "user": "U06TD3AUW",
        "text": "(once I graduate that is lol can't even afford to send myself anywhere)",
        "ts": "1477630267.000558",
        "reactions": [
            {
                "name": "omglol",
                "users": [
                    "U0Q6DBY7Q",
                    "U0LPKBHK2"
                ],
                "count": 2
            }
        ]
    },
    {
        "type": "message",
        "user": "U0K96PWET",
        "text": "Guys should go to honestly",
        "ts": "1477630273.000559"
    },
    {
        "type": "message",
        "user": "U0K96PWET",
        "text": "I heard someone comment that there should be a convention for men as well so the equality education can be dispersed on both sides.",
        "ts": "1477630328.000560",
        "reactions": [
            {
                "name": "raised_hands",
                "users": [
                    "U0Q6DBY7Q"
                ],
                "count": 1
            },
            {
                "name": "clap",
                "users": [
                    "U0Q6DBY7Q"
                ],
                "count": 1
            }
        ]
    },
    {
        "type": "message",
        "user": "U06TD3AUW",
        "text": "yea I can see that reasoning",
        "ts": "1477630489.000561"
    }
]