[
    {
        "type": "message",
        "user": "U0L57KVC2",
        "text": "Anybody have a Gsync monitor, specifically  this one <https:\/\/www.amazon.com\/Acer-Predator-XB271HU-27-inch-Widescreen\/dp\/B0173PEX20\/ref=sr_1_2?s=pc&amp;ie=UTF8&amp;qid=1476305871&amp;sr=1-2&amp;keywords=Acer+Predator> ?",
        "ts": "1476305891.000303"
    },
    {
        "type": "message",
        "user": "U0L57KVC2",
        "text": "I have a 1080p monitor @ 60 Hz with a 1070 but I know this card can definitely run games and other applications at 2.5K resolution with no problem as well",
        "ts": "1476305973.000304"
    },
    {
        "type": "message",
        "user": "U2M75S2FQ",
        "text": "1070 can definitely handle that monitor",
        "ts": "1476310875.000305"
    },
    {
        "type": "message",
        "user": "U0K97DSGZ",
        "text": "I have a 1070 and I can’t run games at max settings for GTA V on my 1440p monitor @ 60hz 16x anti-aliasing.",
        "ts": "1476312613.000306"
    },
    {
        "type": "message",
        "user": "U0L57KVC2",
        "text": "Isn't GTA V just a straight console port?",
        "ts": "1476312649.000307"
    },
    {
        "type": "message",
        "user": "U0K97DSGZ",
        "text": "it runs at like 100 fps if I do like 4x anti-aliasing tho",
        "ts": "1476312674.000308"
    },
    {
        "type": "message",
        "user": "U0L57KVC2",
        "text": "can you really tell the difference?",
        "ts": "1476312710.000309"
    },
    {
        "type": "message",
        "user": "U0K97DSGZ",
        "text": "no not really",
        "ts": "1476312722.000310"
    },
    {
        "type": "message",
        "user": "U0L57KVC2",
        "text": "well im sold",
        "ts": "1476312729.000311"
    },
    {
        "type": "message",
        "user": "U0K97DSGZ",
        "text": "pizels are too small anyways",
        "ts": "1476312732.000312"
    },
    {
        "type": "message",
        "user": "U0L57KVC2",
        "text": "does your monitor have gsync?",
        "ts": "1476312741.000313"
    },
    {
        "type": "message",
        "user": "U0K97DSGZ",
        "text": "no, its just a 60hz ips monitor",
        "ts": "1476312771.000314"
    }
]