[
    {
        "type": "message",
        "user": "U0K96PWET",
        "text": "Note to self: Never accidentally commit sensitive data",
        "ts": "1468878523.000002"
    },
    {
        "type": "message",
        "user": "U0K96PWET",
        "text": "Just spent like an hour using filter-branch, rebasing and merging fml",
        "ts": "1468878557.000003"
    },
    {
        "type": "message",
        "user": "U0K96PWET",
        "text": "\/giphy never again",
        "attachments": [
            {
                "fallback": "giphy: <http:\/\/giphy.com\/gifs\/videos-kelly-clarkson-5ceC9uRBWvYAg>",
                "image_url": "http:\/\/media2.giphy.com\/media\/5ceC9uRBWvYAg\/giphy.gif",
                "image_width": 500,
                "image_height": 281,
                "image_bytes": 507664,
                "is_animated": true,
                "title": "never again",
                "id": 1,
                "title_link": "http:\/\/giphy.com\/gifs\/videos-kelly-clarkson-5ceC9uRBWvYAg"
            }
        ],
        "ts": "1468878572.000004"
    }
]