[
    {
        "text": "",
        "username": "subcurrent",
        "icons": {
            "image_48": "https:\/\/s3-us-west-2.amazonaws.com\/slack-files2\/bot_icons\/2016-02-02\/20118253888_48.png"
        },
        "attachments": [
            {
                "fallback": "Best CPU you own?",
                "text": "\n",
                "pretext": "A fellow team member has posted an anonymous poll using `\/poll`: Vote below or <https:\/\/www.getsubcurrent.com\/slackvote\/QxLBXbtWZReA2QRxN|view results in your browser>.",
                "title": "Best CPU you own?",
                "id": 1,
                "color": "008cba",
                "fields": [
                    {
                        "title": "",
                        "value": "<https:\/\/www.getsubcurrent.com\/slackvote\/QxLBXbtWZReA2QRxN\/?qId=J2EaGrENfDQQJirfp&amp;vote=0|AMD>",
                        "short": false
                    },
                    {
                        "title": "",
                        "value": "<https:\/\/www.getsubcurrent.com\/slackvote\/QxLBXbtWZReA2QRxN\/?qId=J2EaGrENfDQQJirfp&amp;vote=1|INTEL>",
                        "short": false
                    },
                    {
                        "title": "",
                        "value": "<https:\/\/www.getsubcurrent.com\/slackvote\/QxLBXbtWZReA2QRxN\/?qId=J2EaGrENfDQQJirfp&amp;vote=2|OTHER>",
                        "short": false
                    }
                ],
                "mrkdwn_in": [
                    "pretext"
                ]
            }
        ],
        "type": "message",
        "subtype": "bot_message",
        "ts": "1454694955.000018"
    },
    {
        "user": "U0LET74V8",
        "type": "message",
        "subtype": "channel_join",
        "text": "<@U0LET74V8|ace> has joined the channel",
        "ts": "1454743231.000019"
    }
]