[
    {
        "type": "message",
        "user": "U06TD3AUW",
        "text": "Announcement: Podorozhny canceled the 2:00 netsoftdev class (I would've announced this in the <#C24MTJD9T> channel but there's like 2 other people on there lol) ",
        "ts": "1473182047.000002",
        "reactions": [
            {
                "name": "face_with_rolling_eyes",
                "users": [
                    "U0Q6DBY7Q"
                ],
                "count": 1
            }
        ]
    },
    {
        "type": "message",
        "user": "U06TBPWAW",
        "text": "Thanks man",
        "ts": "1473182119.000003"
    },
    {
        "type": "message",
        "user": "U0Q6DBY7Q",
        "text": "Thanks!",
        "ts": "1473182266.000004"
    },
    {
        "type": "message",
        "user": "U0Q6DBY7Q",
        "text": "How did you know?",
        "ts": "1473182358.000005"
    },
    {
        "type": "message",
        "user": "U06TD3AUW",
        "text": "Friend of mine said it was posted on the door",
        "ts": "1473182429.000006"
    },
    {
        "type": "message",
        "user": "U0KN45G2W",
        "text": "of course he wouldn’t just send an email",
        "ts": "1473182580.000007"
    },
    {
        "type": "message",
        "user": "U0Q6DBY7Q",
        "text": "Just walked by and saw the sign",
        "ts": "1473182606.000008"
    },
    {
        "type": "message",
        "subtype": "file_share",
        "text": "<@U0Q6DBY7Q|katiejoy> uploaded a file: <https:\/\/txstatecs.slack.com\/files\/katiejoy\/F28NBEGG6\/slack_for_ios_upload.jpg|Slack for iOS Upload>",
        "file": {
            "id": "F28NBEGG6",
            "created": 1473182607,
            "timestamp": 1473182607,
            "name": "Slack for iOS Upload.jpg",
            "title": "Slack for iOS Upload",
            "mimetype": "image\/jpeg",
            "filetype": "jpg",
            "pretty_type": "JPEG",
            "user": "U0Q6DBY7Q",
            "editable": false,
            "size": 434211,
            "mode": "hosted",
            "is_external": false,
            "external_type": "",
            "is_public": true,
            "public_url_shared": false,
            "display_as_bot": false,
            "username": "",
            "url_private": "https:\/\/files.slack.com\/files-pri\/T06STEZ2L-F28NBEGG6\/slack_for_ios_upload.jpg?t=xoxe-6911509088-177219117537-177786475698-c3d3bb179c",
            "url_private_download": "https:\/\/files.slack.com\/files-pri\/T06STEZ2L-F28NBEGG6\/download\/slack_for_ios_upload.jpg?t=xoxe-6911509088-177219117537-177786475698-c3d3bb179c",
            "thumb_64": "https:\/\/files.slack.com\/files-tmb\/T06STEZ2L-F28NBEGG6-304647e457\/slack_for_ios_upload_64.jpg?t=xoxe-6911509088-177219117537-177786475698-c3d3bb179c",
            "thumb_80": "https:\/\/files.slack.com\/files-tmb\/T06STEZ2L-F28NBEGG6-304647e457\/slack_for_ios_upload_80.jpg?t=xoxe-6911509088-177219117537-177786475698-c3d3bb179c",
            "thumb_360": "https:\/\/files.slack.com\/files-tmb\/T06STEZ2L-F28NBEGG6-304647e457\/slack_for_ios_upload_360.jpg?t=xoxe-6911509088-177219117537-177786475698-c3d3bb179c",
            "thumb_360_w": 270,
            "thumb_360_h": 360,
            "thumb_480": "https:\/\/files.slack.com\/files-tmb\/T06STEZ2L-F28NBEGG6-304647e457\/slack_for_ios_upload_480.jpg?t=xoxe-6911509088-177219117537-177786475698-c3d3bb179c",
            "thumb_480_w": 360,
            "thumb_480_h": 480,
            "thumb_160": "https:\/\/files.slack.com\/files-tmb\/T06STEZ2L-F28NBEGG6-304647e457\/slack_for_ios_upload_160.jpg?t=xoxe-6911509088-177219117537-177786475698-c3d3bb179c",
            "thumb_720": "https:\/\/files.slack.com\/files-tmb\/T06STEZ2L-F28NBEGG6-304647e457\/slack_for_ios_upload_720.jpg?t=xoxe-6911509088-177219117537-177786475698-c3d3bb179c",
            "thumb_720_w": 540,
            "thumb_720_h": 720,
            "thumb_960": "https:\/\/files.slack.com\/files-tmb\/T06STEZ2L-F28NBEGG6-304647e457\/slack_for_ios_upload_960.jpg?t=xoxe-6911509088-177219117537-177786475698-c3d3bb179c",
            "thumb_960_w": 720,
            "thumb_960_h": 960,
            "thumb_1024": "https:\/\/files.slack.com\/files-tmb\/T06STEZ2L-F28NBEGG6-304647e457\/slack_for_ios_upload_1024.jpg?t=xoxe-6911509088-177219117537-177786475698-c3d3bb179c",
            "thumb_1024_w": 768,
            "thumb_1024_h": 1024,
            "image_exif_rotation": 1,
            "original_w": 1224,
            "original_h": 1632,
            "permalink": "https:\/\/txstatecs.slack.com\/files\/katiejoy\/F28NBEGG6\/slack_for_ios_upload.jpg",
            "permalink_public": "https:\/\/slack-files.com\/T06STEZ2L-F28NBEGG6-654143e8c4",
            "channels": [
                "C06STNWGZ"
            ],
            "groups": [],
            "ims": [],
            "comments_count": 0
        },
        "user": "U0Q6DBY7Q",
        "upload": true,
        "display_as_bot": false,
        "username": "katiejoy",
        "bot_id": null,
        "ts": "1473182611.000009"
    },
    {
        "type": "message",
        "user": "U0L74J1CN",
        "text": "That would be convenient for y'all",
        "ts": "1473182614.000010"
    },
    {
        "user": "U28QDAMNC",
        "text": "<@U28QDAMNC|ryanjalufka> has joined the channel",
        "type": "message",
        "subtype": "channel_join",
        "ts": "1473192210.000011"
    },
    {
        "user": "U28TSDERX",
        "text": "<@U28TSDERX|wbh26> has joined the channel",
        "type": "message",
        "subtype": "channel_join",
        "ts": "1473214549.000012"
    }
]