[
    {
        "type": "message",
        "subtype": "file_share",
        "text": "<@U0K96PWET|stpcollabr8nlstn> uploaded a file: <https:\/\/txstatecs.slack.com\/files\/stpcollabr8nlstn\/F3EEPKX2Q\/screen_shot_2016-12-13_at_4.11.45_pm.png|baller_status.png> and commented: check out that rad custom menu",
        "file": {
            "id": "F3EEPKX2Q",
            "created": 1481667176,
            "timestamp": 1481667176,
            "name": "Screen Shot 2016-12-13 at 4.11.45 PM.png",
            "title": "baller_status.png",
            "mimetype": "image\/png",
            "filetype": "png",
            "pretty_type": "PNG",
            "user": "U0K96PWET",
            "editable": false,
            "size": 318263,
            "mode": "hosted",
            "is_external": false,
            "external_type": "",
            "is_public": true,
            "public_url_shared": false,
            "display_as_bot": false,
            "username": "",
            "url_private": "https:\/\/files.slack.com\/files-pri\/T06STEZ2L-F3EEPKX2Q\/screen_shot_2016-12-13_at_4.11.45_pm.png?t=xoxe-6911509088-177219117537-177786475698-c3d3bb179c",
            "url_private_download": "https:\/\/files.slack.com\/files-pri\/T06STEZ2L-F3EEPKX2Q\/download\/screen_shot_2016-12-13_at_4.11.45_pm.png?t=xoxe-6911509088-177219117537-177786475698-c3d3bb179c",
            "thumb_64": "https:\/\/files.slack.com\/files-tmb\/T06STEZ2L-F3EEPKX2Q-cb1cad5621\/screen_shot_2016-12-13_at_4.11.45_pm_64.png?t=xoxe-6911509088-177219117537-177786475698-c3d3bb179c",
            "thumb_80": "https:\/\/files.slack.com\/files-tmb\/T06STEZ2L-F3EEPKX2Q-cb1cad5621\/screen_shot_2016-12-13_at_4.11.45_pm_80.png?t=xoxe-6911509088-177219117537-177786475698-c3d3bb179c",
            "thumb_360": "https:\/\/files.slack.com\/files-tmb\/T06STEZ2L-F3EEPKX2Q-cb1cad5621\/screen_shot_2016-12-13_at_4.11.45_pm_360.png?t=xoxe-6911509088-177219117537-177786475698-c3d3bb179c",
            "thumb_360_w": 360,
            "thumb_360_h": 278,
            "thumb_480": "https:\/\/files.slack.com\/files-tmb\/T06STEZ2L-F3EEPKX2Q-cb1cad5621\/screen_shot_2016-12-13_at_4.11.45_pm_480.png?t=xoxe-6911509088-177219117537-177786475698-c3d3bb179c",
            "thumb_480_w": 480,
            "thumb_480_h": 371,
            "thumb_160": "https:\/\/files.slack.com\/files-tmb\/T06STEZ2L-F3EEPKX2Q-cb1cad5621\/screen_shot_2016-12-13_at_4.11.45_pm_160.png?t=xoxe-6911509088-177219117537-177786475698-c3d3bb179c",
            "thumb_720": "https:\/\/files.slack.com\/files-tmb\/T06STEZ2L-F3EEPKX2Q-cb1cad5621\/screen_shot_2016-12-13_at_4.11.45_pm_720.png?t=xoxe-6911509088-177219117537-177786475698-c3d3bb179c",
            "thumb_720_w": 720,
            "thumb_720_h": 557,
            "thumb_960": "https:\/\/files.slack.com\/files-tmb\/T06STEZ2L-F3EEPKX2Q-cb1cad5621\/screen_shot_2016-12-13_at_4.11.45_pm_960.png?t=xoxe-6911509088-177219117537-177786475698-c3d3bb179c",
            "thumb_960_w": 960,
            "thumb_960_h": 742,
            "thumb_1024": "https:\/\/files.slack.com\/files-tmb\/T06STEZ2L-F3EEPKX2Q-cb1cad5621\/screen_shot_2016-12-13_at_4.11.45_pm_1024.png?t=xoxe-6911509088-177219117537-177786475698-c3d3bb179c",
            "thumb_1024_w": 1024,
            "thumb_1024_h": 792,
            "image_exif_rotation": 1,
            "original_w": 1314,
            "original_h": 1016,
            "permalink": "https:\/\/txstatecs.slack.com\/files\/stpcollabr8nlstn\/F3EEPKX2Q\/screen_shot_2016-12-13_at_4.11.45_pm.png",
            "permalink_public": "https:\/\/slack-files.com\/T06STEZ2L-F3EEPKX2Q-81dff22b89",
            "channels": [
                "C06STNWGZ"
            ],
            "groups": [],
            "ims": [],
            "comments_count": 1,
            "initial_comment": {
                "id": "Fc3DM25JE4",
                "created": 1481667176,
                "timestamp": 1481667176,
                "user": "U0K96PWET",
                "is_intro": true,
                "comment": "check out that rad custom menu",
                "channel": ""
            },
            "reactions": [
                {
                    "name": "+1",
                    "users": [
                        "U2BQ62Z6G",
                        "U0KTJE2EM"
                    ],
                    "count": 2
                }
            ]
        },
        "user": "U0K96PWET",
        "upload": true,
        "display_as_bot": false,
        "username": "stpcollabr8nlstn",
        "bot_id": null,
        "ts": "1481667179.000022"
    },
    {
        "type": "message",
        "user": "U2BQ62Z6G",
        "text": "lolol well what happens when you click it",
        "ts": "1481667563.000023"
    },
    {
        "type": "message",
        "user": "U0K96PWET",
        "text": "well... nothing yet but something amazing COULD happen",
        "ts": "1481667965.000025"
    },
    {
        "type": "message",
        "user": "U0K96PWET",
        "text": "you just wait",
        "ts": "1481667968.000026"
    },
    {
        "type": "message",
        "user": "U2BQ62Z6G",
        "text": "hehehe awesome",
        "ts": "1481668060.000027"
    },
    {
        "type": "message",
        "user": "U0LPKBHK2",
        "text": "It says that you are awesome. Would be a good daily reminder )))",
        "ts": "1481672068.000029"
    },
    {
        "type": "message",
        "user": "U0K96PWET",
        "text": "good point. Instead I wrote a function so that clicking it opens chrome dev tools.",
        "ts": "1481672708.000030"
    }
]