[
    {
        "user": "U0LPKBHK2",
        "type": "message",
        "subtype": "channel_join",
        "text": "<@U0LPKBHK2|zina_nugmanova> has joined the channel",
        "ts": "1455072743.000026"
    },
    {
        "user": "U0LPKCLLS",
        "type": "message",
        "subtype": "channel_join",
        "text": "<@U0LPKCLLS|micah.j> has joined the channel",
        "ts": "1455073547.000027"
    },
    {
        "user": "U0LPENXGC",
        "type": "message",
        "subtype": "channel_join",
        "text": "<@U0LPENXGC|akshaymittal143> has joined the channel",
        "ts": "1455075199.000028"
    }
]