[
    {
        "text": "A teammate has added the <https:\/\/www.getsubcurrent.com\/moreinfo|Subcurrent polling app> to your Slack team. You can now use *\/poll* to create your own poll!",
        "username": "subcurrent",
        "icons": {
            "image_48": "https:\/\/s3-us-west-2.amazonaws.com\/slack-files2\/bot_icons\/2016-02-02\/20118253888_48.png"
        },
        "type": "message",
        "subtype": "bot_message",
        "ts": "1454432543.000004"
    },
    {
        "user": "U0L4SCLVA",
        "type": "message",
        "subtype": "channel_join",
        "text": "<@U0L4SCLVA|alecmason> has joined the channel",
        "ts": "1454465787.000002"
    },
    {
        "user": "U0L4Z76H5",
        "type": "message",
        "subtype": "channel_join",
        "text": "<@U0L4Z76H5|edh43> has joined the channel",
        "ts": "1454466526.000003"
    },
    {
        "user": "U0L57KVC2",
        "type": "message",
        "subtype": "channel_join",
        "text": "<@U0L57KVC2|drambaud> has joined the channel",
        "ts": "1454477268.000004"
    }
]