[
    {
        "user": "U29M910EN",
        "text": "<@U29M910EN|th1s_guy> has joined the channel",
        "type": "message",
        "subtype": "channel_join",
        "ts": "1473360080.000030"
    },
    {
        "type": "message",
        "user": "U06TD3AUW",
        "text": "<#C24MTJD9T|net-soft-dev> class at 2 starting 15 min late today",
        "ts": "1473360221.000031"
    },
    {
        "user": "U29MBQVGR",
        "text": "<@U29MBQVGR|dgan> has joined the channel",
        "type": "message",
        "subtype": "channel_join",
        "ts": "1473361294.000032"
    },
    {
        "user": "U29NU6LCS",
        "text": "<@U29NU6LCS|jam347> has joined the channel",
        "type": "message",
        "subtype": "channel_join",
        "ts": "1473367498.000033"
    },
    {
        "user": "U29N8UWEQ",
        "text": "<@U29N8UWEQ|gmc47> has joined the channel",
        "type": "message",
        "subtype": "channel_join",
        "ts": "1473367559.000034"
    },
    {
        "user": "U29NX3PGS",
        "text": "<@U29NX3PGS|jav96> has joined the channel",
        "type": "message",
        "subtype": "channel_join",
        "ts": "1473367919.000035"
    },
    {
        "user": "U29M27GN7",
        "text": "<@U29M27GN7|mattymcgrizzle> has joined the channel",
        "type": "message",
        "subtype": "channel_join",
        "ts": "1473368296.000036"
    },
    {
        "user": "U29P5UK2R",
        "text": "<@U29P5UK2R|bf1056> has joined the channel",
        "type": "message",
        "subtype": "channel_join",
        "ts": "1473370875.000037"
    },
    {
        "type": "message",
        "user": "U1B6UPLCU",
        "text": "Tony, Cash+7970 for your 1070? Plays FTL just as well I'd imagine! ( ͡° ͜ʖ ͡°)",
        "ts": "1473372502.000038"
    },
    {
        "user": "U29PL07KN",
        "text": "<@U29PL07KN|obama> has joined the channel",
        "type": "message",
        "subtype": "channel_join",
        "ts": "1473375479.000039"
    },
    {
        "user": "U29QE5CN9",
        "text": "<@U29QE5CN9|petercassetta> has joined the channel",
        "type": "message",
        "subtype": "channel_join",
        "ts": "1473379954.000040"
    },
    {
        "user": "U29SC16T0",
        "text": "<@U29SC16T0|weston> has joined the channel",
        "type": "message",
        "subtype": "channel_join",
        "ts": "1473403932.000041"
    }
]