[
    {
        "type": "message",
        "user": "U2M75S2FQ",
        "text": "anyone want an enki invite?",
        "ts": "1477243254.000427"
    },
    {
        "type": "message",
        "user": "U06TD3AUW",
        "text": "What's enki?",
        "ts": "1477244507.000428"
    },
    {
        "type": "message",
        "user": "U06TD3AUW",
        "text": "is that that app for programmers?",
        "ts": "1477244515.000429"
    },
    {
        "type": "message",
        "user": "U2M75S2FQ",
        "text": "Yeah. ",
        "ts": "1477246053.000430"
    },
    {
        "type": "message",
        "user": "U06TD3AUW",
        "text": "sure I'll check it out",
        "ts": "1477246139.000431"
    },
    {
        "type": "message",
        "user": "U2M75S2FQ",
        "text": "<https:\/\/enki.com\/join\/Atomsphere>",
        "ts": "1477246465.000432"
    },
    {
        "type": "message",
        "user": "U2M75S2FQ",
        "text": "I think it'll only work for one person",
        "ts": "1477246476.000433"
    },
    {
        "type": "message",
        "user": "U06TD3AUW",
        "text": "Claimed",
        "ts": "1477248915.000434"
    },
    {
        "type": "message",
        "user": "U06TD3AUW",
        "text": "Checking it out now",
        "ts": "1477248922.000435"
    },
    {
        "type": "message",
        "user": "U06TD3AUW",
        "text": "looks pretty cool so far",
        "ts": "1477248926.000436"
    },
    {
        "type": "message",
        "user": "U0L57KVC2",
        "text": "so selfish man~",
        "ts": "1477249077.000437"
    },
    {
        "type": "message",
        "user": "U06TD3AUW",
        "text": "mine mine mine mine",
        "ts": "1477249092.000438"
    },
    {
        "type": "message",
        "user": "U2M75S2FQ",
        "text": "Yeah, it's cool for what it is. I like to binge on studying random stuff though. I don't like how it limits you to an excercise a day.",
        "ts": "1477249100.000439"
    },
    {
        "type": "message",
        "user": "U0L57KVC2",
        "text": "oh wait i got one too",
        "ts": "1477249101.000440"
    },
    {
        "type": "message",
        "user": "U2M75S2FQ",
        "text": "Nice",
        "ts": "1477250394.000441"
    },
    {
        "type": "message",
        "user": "U06TD3AUW",
        "text": "oh wow",
        "ts": "1477250598.000442"
    },
    {
        "type": "message",
        "user": "U06TD3AUW",
        "text": "they do limit you pretty strictly",
        "ts": "1477250605.000443"
    },
    {
        "type": "message",
        "user": "U06TD3AUW",
        "text": "I thought it was one \"workout\" per topic you chose",
        "ts": "1477250615.000444"
    },
    {
        "type": "message",
        "user": "U06TD3AUW",
        "text": "but its simply just one",
        "ts": "1477250623.000445"
    },
    {
        "type": "message",
        "user": "U06TD3AUW",
        "text": "but I do like the format and the fact that it saves everything you've learned into a git repo for you to check on later",
        "ts": "1477250653.000446"
    },
    {
        "type": "message",
        "user": "U0L74J1CN",
        "text": "I like how it gives you 3 to choose from but also I would like to do more if I could haha",
        "ts": "1477250892.000447"
    },
    {
        "type": "message",
        "user": "U0L74J1CN",
        "text": "Or multiple to choose from",
        "ts": "1477250908.000448"
    },
    {
        "type": "message",
        "user": "U06TD3AUW",
        "text": "yea",
        "ts": "1477250912.000449"
    },
    {
        "type": "message",
        "user": "U0L74J1CN",
        "text": "Did it give you a game to play?",
        "ts": "1477250924.000450"
    },
    {
        "type": "message",
        "user": "U06TD3AUW",
        "text": "I saw the multiple and just thought that I had all of those options for today\n\nAnd yea it was the Javascript \"You Can't Handle The Truth\" one",
        "ts": "1477250956.000451"
    },
    {
        "type": "message",
        "user": "U0L74J1CN",
        "text": "I got Sudo-fu ",
        "ts": "1477250992.000452"
    },
    {
        "type": "message",
        "user": "U0L74J1CN",
        "text": "It gives a bunch of linux commands and you have to say if it requires sudo or not",
        "ts": "1477251018.000453"
    },
    {
        "type": "message",
        "user": "U06TD3AUW",
        "text": "oh nice",
        "ts": "1477251026.000454"
    },
    {
        "type": "message",
        "user": "U06TD3AUW",
        "text": "mine gave me a bunch of values\/expressions that would fall from the top of the screen and told me to choose \"truth\" or \"false\" depending on how they would evaluate if put into an if statement. Get it wrong, and they stack up the screen. ez pz",
        "edited": {
            "user": "U06TD3AUW",
            "ts": "1477251114.000000"
        },
        "ts": "1477251083.000455"
    },
    {
        "type": "message",
        "user": "U2M75S2FQ",
        "text": "Yeah, I got the js game too. Second day, as far as I can tell, is one of your choices at random =( might be worth going in and only picking the one you want to focus on.",
        "ts": "1477254013.000458"
    }
]