[
    {
        "type": "message",
        "user": "U0L74J1CN",
        "text": "I'm at Hopdoddy with all my teammates. ",
        "ts": "1467217538.000003",
        "reactions": [
            {
                "name": "hamburger",
                "users": [
                    "U0L7K1PB4",
                    "U06TD3AUW"
                ],
                "count": 2
            }
        ]
    },
    {
        "type": "message",
        "user": "U06TBPWAW",
        "text": "hopdoddy? get back to work you slackers",
        "ts": "1467217573.000004"
    },
    {
        "type": "message",
        "user": "U0L74J1CN",
        "text": "It's networking so I am on the clock :+1:",
        "ts": "1467217983.000005",
        "reactions": [
            {
                "name": "clock10",
                "users": [
                    "U06TD3AUW"
                ],
                "count": 1
            },
            {
                "name": "moneybag",
                "users": [
                    "U06TD3AUW"
                ],
                "count": 1
            }
        ]
    },
    {
        "type": "message",
        "user": "U06TBPWAW",
        "text": "Dont you have git issues to fix?",
        "ts": "1467218344.000006",
        "reactions": [
            {
                "name": "github",
                "users": [
                    "U06TD3AUW",
                    "U0L7GN8HM"
                ],
                "count": 2
            }
        ]
    },
    {
        "type": "message",
        "user": "U06TD3AUW",
        "text": "Hey <@U0JMJDERY>, you wanna buy my Vive?",
        "ts": "1467225473.000008"
    },
    {
        "type": "message",
        "user": "U06TBPWAW",
        "text": "Whoa I got dips first",
        "ts": "1467225486.000009"
    },
    {
        "type": "message",
        "user": "U06TBPWAW",
        "text": "dibs",
        "ts": "1467225494.000010"
    },
    {
        "type": "message",
        "user": "U06TBPWAW",
        "text": "dips and dibs",
        "ts": "1467225500.000011"
    },
    {
        "type": "message",
        "user": "U06TD3AUW",
        "text": "I like french onion pls",
        "ts": "1467225506.000012"
    },
    {
        "type": "message",
        "user": "U06TD3AUW",
        "text": "_Let the bidding....BEGIN!_ :moneybag: :moneybag: :moneybag:",
        "ts": "1467225588.000013"
    },
    {
        "type": "message",
        "user": "U06TBPWAW",
        "text": "350",
        "ts": "1467225597.000014"
    },
    {
        "type": "message",
        "user": "U06TBPWAW",
        "text": "going once",
        "ts": "1467225601.000015"
    },
    {
        "type": "message",
        "user": "U06TBPWAW",
        "text": "going twice",
        "ts": "1467225603.000016"
    },
    {
        "type": "message",
        "user": "U06TD3AUW",
        "text": "*_SOLD_*",
        "ts": "1467225605.000017"
    },
    {
        "type": "message",
        "user": "U06TBPWAW",
        "text": "sold",
        "ts": "1467225605.000018"
    },
    {
        "type": "message",
        "user": "U06TD3AUW",
        "text": "lol no but seriously I'm looking to sell it. Were you interested <@U06TBPWAW> ? I already have a coworker interested but wanted to ask friends first.",
        "ts": "1467226096.000019"
    },
    {
        "type": "message",
        "user": "U06TBPWAW",
        "text": "pm me the price you’re looking for",
        "ts": "1467226184.000020"
    },
    {
        "type": "message",
        "user": "U06TD3AUW",
        "text": "$1002.07",
        "ts": "1467226240.000021"
    },
    {
        "type": "message",
        "user": "U0LPKCLLS",
        "text": "1002.06",
        "ts": "1467226824.000022"
    },
    {
        "type": "message",
        "user": "U06TD3AUW",
        "text": "You tryin to rip me off?",
        "ts": "1467226983.000023"
    },
    {
        "type": "message",
        "user": "U06TD3AUW",
        "text": ":hocho:",
        "ts": "1467227428.000024"
    },
    {
        "type": "message",
        "user": "U0JMJDERY",
        "text": "Yeahb I'll take it off your hands",
        "ts": "1467228446.000025"
    },
    {
        "type": "message",
        "user": "U06TBPWAW",
        "text": "Hold your horses blake",
        "ts": "1467228476.000026",
        "reactions": [
            {
                "name": "horse",
                "users": [
                    "U0JMJDERY"
                ],
                "count": 1
            }
        ]
    },
    {
        "type": "message",
        "user": "U0JMJDERY",
        "text": "He asked me, I'm the preferred customer",
        "ts": "1467228498.000027"
    },
    {
        "type": "message",
        "user": "U06TBPWAW",
        "text": "He didnt know I was interested",
        "ts": "1467228519.000028"
    },
    {
        "type": "message",
        "user": "U0JMJDERY",
        "text": "He knew I was",
        "ts": "1467228526.000029"
    },
    {
        "type": "message",
        "user": "U0JMJDERY",
        "text": ":sunglasses: ",
        "ts": "1467228591.000030"
    },
    {
        "type": "message",
        "user": "U06TBPWAW",
        "text": "Meh.",
        "ts": "1467228592.000031"
    },
    {
        "type": "message",
        "user": "U06TBPWAW",
        "text": "I have a whole living for it.",
        "ts": "1467228629.000032"
    },
    {
        "type": "message",
        "user": "U06TBPWAW",
        "text": "A room it deserves",
        "ts": "1467228653.000033"
    },
    {
        "type": "message",
        "user": "U0JMJDERY",
        "text": "Haha",
        "ts": "1467228677.000034"
    },
    {
        "type": "message",
        "user": "U06TD3AUW",
        "text": "guys guys lets not squabble. Money is the only thing that should be talking :money_mouth_face: :money_mouth_face: :money_mouth_face: :money_mouth_face:",
        "ts": "1467228705.000035"
    },
    {
        "type": "message",
        "user": "U06TBPWAW",
        "text": "Because it's the vive blake deserves, but not the one he needs right now",
        "ts": "1467228781.000036"
    },
    {
        "type": "message",
        "user": "U06TBPWAW",
        "text": "Tried to give you that batman ref",
        "ts": "1467228805.000037",
        "reactions": [
            {
                "name": "batman",
                "users": [
                    "U06TD3AUW"
                ],
                "count": 1
            }
        ]
    },
    {
        "type": "message",
        "user": "U0JMJDERY",
        "text": "I'll just move in with Josh and we can share it",
        "ts": "1467228830.000038"
    },
    {
        "type": "message",
        "user": "U06TBPWAW",
        "text": "Halvies!",
        "ts": "1467228844.000039"
    },
    {
        "type": "message",
        "user": "U0JMJDERY",
        "text": "Yeah boy ",
        "ts": "1467228865.000040"
    },
    {
        "type": "message",
        "user": "U06TBPWAW",
        "text": "I call zac and tell him to pack his bags",
        "ts": "1467228888.000041",
        "reactions": [
            {
                "name": "truck",
                "users": [
                    "U06TD3AUW"
                ],
                "count": 1
            }
        ]
    },
    {
        "type": "message",
        "user": "U0JMJDERY",
        "text": "Good I don't need him around",
        "ts": "1467228899.000042"
    },
    {
        "type": "message",
        "user": "U06TBPWAW",
        "text": "It would just be weird",
        "ts": "1467228912.000043"
    },
    {
        "type": "message",
        "user": "U0JMJDERY",
        "text": "Exactly",
        "ts": "1467228916.000044"
    },
    {
        "type": "message",
        "user": "U0JMJDERY",
        "text": "I'll take some money I guess",
        "ts": "1467229038.000047"
    },
    {
        "type": "message",
        "user": "U06TBPWAW",
        "text": "Me too jason",
        "ts": "1467229049.000048"
    },
    {
        "type": "message",
        "user": "U06TD3AUW",
        "text": "what money :travolta:",
        "ts": "1467229063.000049"
    },
    {
        "type": "message",
        "user": "U06TBPWAW",
        "text": "\"Copper Flinn: :take_my_money: \"",
        "ts": "1467229095.000050"
    },
    {
        "type": "message",
        "user": "U06TD3AUW",
        "text": "\/giphy lies!",
        "attachments": [
            {
                "fallback": "giphy: <http:\/\/giphy.com\/gifs\/showtime-3o72F6WWqiKShGB3O0>",
                "image_url": "http:\/\/media.giphy.com\/media\/3o72F6WWqiKShGB3O0\/giphy-tumblr.gif",
                "image_width": 250,
                "image_height": 140,
                "image_bytes": 755406,
                "is_animated": true,
                "title": "lies!",
                "id": 1,
                "title_link": "http:\/\/giphy.com\/gifs\/showtime-3o72F6WWqiKShGB3O0"
            }
        ],
        "ts": "1467229161.000051"
    },
    {
        "type": "message",
        "user": "U06TBPWAW",
        "text": "nice gif",
        "ts": "1467229175.000052"
    },
    {
        "type": "message",
        "user": "U06TD3AUW",
        "text": "I hate giphy",
        "ts": "1467229176.000053"
    },
    {
        "type": "message",
        "user": "U06TD3AUW",
        "text": "\/giphy so dumb",
        "attachments": [
            {
                "fallback": "giphy: <http:\/\/giphy.com\/gifs\/dumb-and-dumber-jim-carrey-2OEECsjXqPb1K>",
                "image_url": "http:\/\/media3.giphy.com\/media\/2OEECsjXqPb1K\/giphy.gif",
                "image_width": 245,
                "image_height": 164,
                "image_bytes": 1008135,
                "is_animated": true,
                "title": "so dumb",
                "id": 1,
                "title_link": "http:\/\/giphy.com\/gifs\/dumb-and-dumber-jim-carrey-2OEECsjXqPb1K"
            }
        ],
        "ts": "1467229185.000054"
    },
    {
        "type": "message",
        "user": "U06TBPWAW",
        "text": "\/giphy liar",
        "attachments": [
            {
                "fallback": "giphy: <http:\/\/giphy.com\/gifs\/AFkz50JYWHn2w>",
                "image_url": "http:\/\/media1.giphy.com\/media\/AFkz50JYWHn2w\/giphy.gif",
                "image_width": 475,
                "image_height": 264,
                "image_bytes": 664736,
                "is_animated": true,
                "title": "liar",
                "id": 1,
                "title_link": "http:\/\/giphy.com\/gifs\/AFkz50JYWHn2w"
            }
        ],
        "ts": "1467229207.000055"
    },
    {
        "type": "message",
        "user": "U06TD3AUW",
        "text": "of course it works for you",
        "ts": "1467229216.000056"
    },
    {
        "type": "message",
        "user": "U06TD3AUW",
        "text": "\/giphy fml",
        "attachments": [
            {
                "fallback": "giphy: <http:\/\/giphy.com\/gifs\/angry-frustrated-fml-OOezqqxPB8aJ2>",
                "image_url": "http:\/\/media0.giphy.com\/media\/OOezqqxPB8aJ2\/giphy.gif",
                "image_width": 300,
                "image_height": 207,
                "image_bytes": 738237,
                "is_animated": true,
                "title": "fml",
                "id": 1,
                "title_link": "http:\/\/giphy.com\/gifs\/angry-frustrated-fml-OOezqqxPB8aJ2"
            }
        ],
        "ts": "1467229220.000057"
    },
    {
        "type": "message",
        "user": "U0JMJDERY",
        "text": "\/giphy vr",
        "attachments": [
            {
                "fallback": "giphy: <http:\/\/giphy.com\/gifs\/snl-saturday-night-live-3o7qDL7l1IZAQvxvj2>",
                "image_url": "https:\/\/media.giphy.com\/media\/3o7qDL7l1IZAQvxvj2\/giphy-tumblr.gif",
                "image_width": 250,
                "image_height": 137,
                "image_bytes": 827516,
                "is_animated": true,
                "title": "vr",
                "id": 1,
                "title_link": "http:\/\/giphy.com\/gifs\/snl-saturday-night-live-3o7qDL7l1IZAQvxvj2"
            }
        ],
        "ts": "1467229271.000058",
        "reactions": [
            {
                "name": "oculus",
                "users": [
                    "U06TD3AUW"
                ],
                "count": 1
            }
        ]
    },
    {
        "type": "message",
        "user": "U0L7K1PB4",
        "text": "\/giphy nerds",
        "attachments": [
            {
                "fallback": "giphy: <http:\/\/giphy.com\/gifs\/cheezburger-cats-glasses-nerds-xT77XZrTKOxycjaYvK>",
                "image_url": "https:\/\/media.giphy.com\/media\/xT77XZrTKOxycjaYvK\/giphy-tumblr.gif",
                "image_width": 400,
                "image_height": 250,
                "image_bytes": 1578605,
                "is_animated": true,
                "title": "nerds",
                "id": 1,
                "title_link": "http:\/\/giphy.com\/gifs\/cheezburger-cats-glasses-nerds-xT77XZrTKOxycjaYvK"
            }
        ],
        "ts": "1467230097.000059"
    },
    {
        "type": "message",
        "user": "U06TD3AUW",
        "text": "\/giphy cool nerds",
        "attachments": [
            {
                "fallback": "giphy: <http:\/\/giphy.com\/gifs\/sci-fi-t80C3ftqZlsoo>",
                "image_url": "http:\/\/media2.giphy.com\/media\/t80C3ftqZlsoo\/giphy.gif",
                "image_width": 245,
                "image_height": 145,
                "image_bytes": 680387,
                "is_animated": true,
                "title": "cool nerds",
                "id": 1,
                "title_link": "http:\/\/giphy.com\/gifs\/sci-fi-t80C3ftqZlsoo"
            }
        ],
        "ts": "1467230232.000060"
    },
    {
        "type": "message",
        "user": "U06TD3AUW",
        "text": "\/giphy wtf",
        "attachments": [
            {
                "fallback": "giphy: <http:\/\/giphy.com\/gifs\/thisisgiphy-reaction-audience-26FxNqvIrO3gnvcU8>",
                "image_url": "http:\/\/media3.giphy.com\/media\/26FxNqvIrO3gnvcU8\/giphy.gif",
                "image_width": 400,
                "image_height": 409,
                "image_bytes": 1368963,
                "is_animated": true,
                "title": "wtf",
                "id": 1,
                "title_link": "http:\/\/giphy.com\/gifs\/thisisgiphy-reaction-audience-26FxNqvIrO3gnvcU8"
            }
        ],
        "ts": "1467230240.000061"
    },
    {
        "type": "message",
        "user": "U06TD3AUW",
        "text": "I give up",
        "ts": "1467230246.000062"
    },
    {
        "type": "message",
        "user": "U0K96PWET",
        "text": "\/giphy giphy",
        "attachments": [
            {
                "fallback": "giphy: <http:\/\/giphy.com\/gifs\/art-IzVquL965ib4s>",
                "image_url": "http:\/\/media2.giphy.com\/media\/IzVquL965ib4s\/giphy.gif",
                "image_width": 550,
                "image_height": 550,
                "image_bytes": 70513,
                "is_animated": true,
                "title": "giphy",
                "id": 1,
                "title_link": "http:\/\/giphy.com\/gifs\/art-IzVquL965ib4s"
            }
        ],
        "ts": "1467231985.000063"
    },
    {
        "type": "message",
        "user": "U06TBPWAW",
        "text": "\/giphy adriana",
        "attachments": [
            {
                "fallback": "giphy: <http:\/\/giphy.com\/gifs\/meryl-streep-claire-danes-w-magazine-A3tdEpc3U9VEk>",
                "image_url": "https:\/\/media0.giphy.com\/media\/A3tdEpc3U9VEk\/giphy.gif",
                "image_width": 500,
                "image_height": 281,
                "image_bytes": 1182661,
                "is_animated": true,
                "title": "adriana",
                "id": 1,
                "title_link": "http:\/\/giphy.com\/gifs\/meryl-streep-claire-danes-w-magazine-A3tdEpc3U9VEk"
            }
        ],
        "ts": "1467232010.000064"
    },
    {
        "type": "message",
        "user": "U0K96PWET",
        "text": "\/giphy hairflip",
        "attachments": [
            {
                "fallback": "giphy: <http:\/\/giphy.com\/gifs\/swag-hair-flip-xThuWhoaNyNBjTGERa>",
                "image_url": "http:\/\/media2.giphy.com\/media\/xThuWhoaNyNBjTGERa\/giphy.gif",
                "image_width": 348,
                "image_height": 261,
                "image_bytes": 1269016,
                "is_animated": true,
                "title": "hairflip",
                "id": 1,
                "title_link": "http:\/\/giphy.com\/gifs\/swag-hair-flip-xThuWhoaNyNBjTGERa"
            }
        ],
        "ts": "1467232025.000065"
    },
    {
        "type": "message",
        "user": "U0K96PWET",
        "text": "I'm dying in my cube right now",
        "ts": "1467232057.000066"
    },
    {
        "type": "message",
        "user": "U06TBPWAW",
        "text": "when you say cube do you mean your kia soul or your cubical",
        "ts": "1467232090.000067"
    },
    {
        "type": "message",
        "user": "U0K96PWET",
        "text": "\/giphy rude",
        "attachments": [
            {
                "fallback": "giphy: <http:\/\/giphy.com\/gifs\/my-posts-jennifer-garner-qHjT6F0LWYoy4>",
                "image_url": "http:\/\/media1.giphy.com\/media\/qHjT6F0LWYoy4\/giphy.gif",
                "image_width": 245,
                "image_height": 295,
                "image_bytes": 1325726,
                "is_animated": true,
                "title": "rude",
                "id": 1,
                "title_link": "http:\/\/giphy.com\/gifs\/my-posts-jennifer-garner-qHjT6F0LWYoy4"
            }
        ],
        "ts": "1467232102.000068"
    },
    {
        "type": "message",
        "user": "U06TBPWAW",
        "text": "That was mean",
        "ts": "1467232114.000069"
    },
    {
        "type": "message",
        "user": "U0K96PWET",
        "text": "my SOUL is in ATX",
        "ts": "1467232122.000070"
    },
    {
        "type": "message",
        "user": "U0K96PWET",
        "text": "so obvi my office cube",
        "ts": "1467232129.000071"
    },
    {
        "type": "message",
        "user": "U06TBPWAW",
        "text": "YOu didnt drive there? You cray",
        "ts": "1467232142.000072"
    },
    {
        "type": "message",
        "user": "U0K96PWET",
        "text": "I am aware that was a horrible decision",
        "ts": "1467232159.000073"
    },
    {
        "type": "message",
        "user": "U0K96PWET",
        "text": "but IBM has them hertz discounts for days",
        "ts": "1467232174.000074"
    },
    {
        "type": "message",
        "user": "U0K96PWET",
        "text": "probably gonna rent a car for July and August",
        "ts": "1467232187.000075"
    },
    {
        "type": "message",
        "user": "U0K96PWET",
        "text": "Lyft and Uber is getting real old real fast",
        "ts": "1467232199.000076"
    },
    {
        "type": "message",
        "user": "U0L7K1PB4",
        "text": "Lyft and Uber? What a luxury for an Austinite these days...",
        "ts": "1467232217.000077"
    },
    {
        "type": "message",
        "user": "U0L7K1PB4",
        "text": "or rather, a fading memory :disappointed:",
        "ts": "1467232249.000078",
        "reactions": [
            {
                "name": "feels",
                "users": [
                    "U06TD3AUW"
                ],
                "count": 1
            }
        ]
    },
    {
        "type": "message",
        "user": "U06TBPWAW",
        "text": "Or or.. hear me out. <@U06TD3AUW> <@U0JMJDERY> @kayla @WhoEverElse Road trip your car to you",
        "ts": "1467232258.000079",
        "reactions": [
            {
                "name": "blue_car",
                "users": [
                    "U06TD3AUW"
                ],
                "count": 1
            }
        ]
    },
    {
        "type": "message",
        "user": "U0K96PWET",
        "text": "OMG COME SAVE ME",
        "ts": "1467232285.000080"
    },
    {
        "type": "message",
        "user": "U0K96PWET",
        "text": "I'm actually having a lot of fun now. You're looking at the Future Blue Groups Leader. I'm like important and shit.",
        "ts": "1467232331.000081",
        "reactions": [
            {
                "name": "ibm",
                "users": [
                    "U06TD3AUW",
                    "U0KN45G2W",
                    "U0LPKCLLS",
                    "U06TBPWAW",
                    "U06STR2NR",
                    "U0L7GN8HM"
                ],
                "count": 6
            }
        ]
    },
    {
        "type": "message",
        "user": "U0KN45G2W",
        "text": "damn",
        "ts": "1467232349.000082"
    }
]