[
    {
        "type": "message",
        "user": "U0L7K1PB4",
        "text": "Metsis and Ngu apparently switched sections for Object Oriented :skull: what a cruel trick",
        "ts": "1471438578.000063",
        "reactions": [
            {
                "name": "feels",
                "users": [
                    "U06STR2NR",
                    "U0L7GN8HM"
                ],
                "count": 2
            }
        ]
    },
    {
        "type": "message",
        "user": "U06STR2NR",
        "text": "just picked up an ultrawide monitor for $220 <http:\/\/stores.ebay.com\/Adorama-Camera\/Computer-Systems-\/_i.html?_nkw=ultrawide&amp;submit=Search&amp;_lns=1&amp;_fsub=844581010&amp;_sid=865992020>",
        "attachments": [
            {
                "title": "Buy Digital Cameras, Inkjet Printer Paper items in Adorama Camera store on eBay!",
                "title_link": "http:\/\/stores.ebay.com\/Adorama-Camera\/Computer-Systems-\/_i.html?_nkw=ultrawide&submit=Search&_lns=1&_fsub=844581010&_sid=865992020",
                "text": "Buy Adorama Camera, Buy Digital Cameras items on eBay. Find a huge selection of items and get what you want today.Adorama Camera items - Get great deals on Buy Digital Cameras items on eBay Stores!",
                "fallback": "Buy Digital Cameras, Inkjet Printer Paper items in Adorama Camera store on eBay!",
                "from_url": "http:\/\/stores.ebay.com\/Adorama-Camera\/Computer-Systems-\/_i.html?_nkw=ultrawide&submit=Search&_lns=1&_fsub=844581010&_sid=865992020",
                "service_icon": "http:\/\/stores.ebay.com\/favicon.ico",
                "service_name": "stores.ebay.com",
                "id": 1
            }
        ],
        "ts": "1471445264.000065",
        "reactions": [
            {
                "name": "ok_hand",
                "users": [
                    "U06TD3AUW"
                ],
                "count": 1
            }
        ]
    },
    {
        "type": "message",
        "user": "U06STR2NR",
        "text": "this camera company is clearing out their stock of them, it seems...",
        "ts": "1471445285.000067"
    },
    {
        "type": "message",
        "user": "U06TD3AUW",
        "text": "<@U0L7K1PB4>: wait, who do you have now?",
        "ts": "1471445355.000068"
    },
    {
        "type": "message",
        "user": "U0L7K1PB4",
        "text": "Ngu",
        "ts": "1471445374.000069",
        "reactions": [
            {
                "name": "cold_sweat",
                "users": [
                    "U06TD3AUW"
                ],
                "count": 1
            }
        ]
    },
    {
        "type": "message",
        "user": "U1B6UPLCU",
        "text": "naice kev. seems nows a good time to upgrade monitors. I ordered an Acer B276HK monday, getting it tomorrow according to UPS... &lt;g&gt;",
        "ts": "1471448758.000070",
        "reactions": [
            {
                "name": "+1",
                "users": [
                    "U06TD3AUW"
                ],
                "count": 1
            }
        ]
    },
    {
        "type": "message",
        "user": "U1B6UPLCU",
        "text": "along with my ISC N1 coils for the impreza :3",
        "ts": "1471448769.000071"
    },
    {
        "type": "message",
        "user": "U1B6UPLCU",
        "text": ":the_horns:",
        "ts": "1471449567.000072"
    },
    {
        "type": "message",
        "user": "U06STR2NR",
        "text": "damn bruh",
        "ts": "1471449920.000073"
    },
    {
        "type": "message",
        "user": "U06STR2NR",
        "text": ":ok_hand:",
        "ts": "1471449931.000074"
    },
    {
        "type": "message",
        "subtype": "file_share",
        "text": "<@U0K97DSGZ|tonylam> uploaded a file: <https:\/\/txstatecs.slack.com\/files\/tonylam\/F2285N7SA\/i_too_have_a_monitor_addiction_2x27_1440p___2x22_1080p.jpg|I too have a monitor addiction 2x27\"1440p + 2x22\"1080p>",
        "file": {
            "id": "F2285N7SA",
            "created": 1471452061,
            "timestamp": 1471452061,
            "name": "I too have a monitor addiction 2x27'1440p + 2x22'1080p.jpg",
            "title": "I too have a monitor addiction 2x27\"1440p + 2x22\"1080p",
            "mimetype": "image\/jpeg",
            "filetype": "jpg",
            "pretty_type": "JPEG",
            "user": "U0K97DSGZ",
            "editable": false,
            "size": 2949899,
            "mode": "hosted",
            "is_external": false,
            "external_type": "",
            "is_public": true,
            "public_url_shared": false,
            "display_as_bot": false,
            "username": "",
            "url_private": "https:\/\/files.slack.com\/files-pri\/T06STEZ2L-F2285N7SA\/i_too_have_a_monitor_addiction_2x27_1440p___2x22_1080p.jpg?t=xoxe-6911509088-177219117537-177786475698-c3d3bb179c",
            "url_private_download": "https:\/\/files.slack.com\/files-pri\/T06STEZ2L-F2285N7SA\/download\/i_too_have_a_monitor_addiction_2x27_1440p___2x22_1080p.jpg?t=xoxe-6911509088-177219117537-177786475698-c3d3bb179c",
            "thumb_64": "https:\/\/files.slack.com\/files-tmb\/T06STEZ2L-F2285N7SA-b4b2bffe3d\/i_too_have_a_monitor_addiction_2x27_1440p___2x22_1080p_64.jpg?t=xoxe-6911509088-177219117537-177786475698-c3d3bb179c",
            "thumb_80": "https:\/\/files.slack.com\/files-tmb\/T06STEZ2L-F2285N7SA-b4b2bffe3d\/i_too_have_a_monitor_addiction_2x27_1440p___2x22_1080p_80.jpg?t=xoxe-6911509088-177219117537-177786475698-c3d3bb179c",
            "thumb_360": "https:\/\/files.slack.com\/files-tmb\/T06STEZ2L-F2285N7SA-b4b2bffe3d\/i_too_have_a_monitor_addiction_2x27_1440p___2x22_1080p_360.jpg?t=xoxe-6911509088-177219117537-177786475698-c3d3bb179c",
            "thumb_360_w": 360,
            "thumb_360_h": 270,
            "thumb_480": "https:\/\/files.slack.com\/files-tmb\/T06STEZ2L-F2285N7SA-b4b2bffe3d\/i_too_have_a_monitor_addiction_2x27_1440p___2x22_1080p_480.jpg?t=xoxe-6911509088-177219117537-177786475698-c3d3bb179c",
            "thumb_480_w": 480,
            "thumb_480_h": 360,
            "thumb_160": "https:\/\/files.slack.com\/files-tmb\/T06STEZ2L-F2285N7SA-b4b2bffe3d\/i_too_have_a_monitor_addiction_2x27_1440p___2x22_1080p_160.jpg?t=xoxe-6911509088-177219117537-177786475698-c3d3bb179c",
            "thumb_720": "https:\/\/files.slack.com\/files-tmb\/T06STEZ2L-F2285N7SA-b4b2bffe3d\/i_too_have_a_monitor_addiction_2x27_1440p___2x22_1080p_720.jpg?t=xoxe-6911509088-177219117537-177786475698-c3d3bb179c",
            "thumb_720_w": 720,
            "thumb_720_h": 540,
            "thumb_960": "https:\/\/files.slack.com\/files-tmb\/T06STEZ2L-F2285N7SA-b4b2bffe3d\/i_too_have_a_monitor_addiction_2x27_1440p___2x22_1080p_960.jpg?t=xoxe-6911509088-177219117537-177786475698-c3d3bb179c",
            "thumb_960_w": 960,
            "thumb_960_h": 720,
            "thumb_1024": "https:\/\/files.slack.com\/files-tmb\/T06STEZ2L-F2285N7SA-b4b2bffe3d\/i_too_have_a_monitor_addiction_2x27_1440p___2x22_1080p_1024.jpg?t=xoxe-6911509088-177219117537-177786475698-c3d3bb179c",
            "thumb_1024_w": 1024,
            "thumb_1024_h": 768,
            "image_exif_rotation": 1,
            "original_w": 4032,
            "original_h": 3024,
            "permalink": "https:\/\/txstatecs.slack.com\/files\/tonylam\/F2285N7SA\/i_too_have_a_monitor_addiction_2x27_1440p___2x22_1080p.jpg",
            "permalink_public": "https:\/\/slack-files.com\/T06STEZ2L-F2285N7SA-c05ab80bbe",
            "channels": [
                "C06STNWGZ"
            ],
            "groups": [],
            "ims": [],
            "comments_count": 0,
            "reactions": [
                {
                    "name": "ok_hand",
                    "users": [
                        "U06TD3AUW"
                    ],
                    "count": 1
                },
                {
                    "name": "+1",
                    "users": [
                        "U06TBPWAW",
                        "U0KTJE2EM"
                    ],
                    "count": 2
                }
            ]
        },
        "user": "U0K97DSGZ",
        "upload": true,
        "display_as_bot": false,
        "username": "tonylam",
        "bot_id": null,
        "ts": "1471452074.000075"
    },
    {
        "type": "message",
        "user": "U06TD3AUW",
        "text": "aw snap highschool of the dead :ok_hand::skin-tone-4:",
        "ts": "1471452144.000078"
    },
    {
        "type": "message",
        "user": "U0K97DSGZ",
        "text": "yeah, I always have to change it to some lame default when I screen share with the higher-ups",
        "ts": "1471452250.000079",
        "reactions": [
            {
                "name": "joy",
                "users": [
                    "U06TD3AUW"
                ],
                "count": 1
            }
        ]
    }
]