[
    {
        "type": "message",
        "subtype": "file_share",
        "text": "<@U1B6UPLCU|ethan> uploaded a file: <https:\/\/txstatecs.slack.com\/files\/ethan\/F2W63NA8P\/8f624ec3ca494209941c4f2cdd709a62.jpg|Slack for Android Upload>",
        "file": {
            "id": "F2W63NA8P",
            "created": 1477898918,
            "timestamp": 1477898918,
            "name": "8f624ec3ca494209941c4f2cdd709a62.jpg",
            "title": "Slack for Android Upload",
            "mimetype": "image\/jpeg",
            "filetype": "jpg",
            "pretty_type": "JPEG",
            "user": "U1B6UPLCU",
            "editable": false,
            "size": 81144,
            "mode": "hosted",
            "is_external": false,
            "external_type": "",
            "is_public": true,
            "public_url_shared": false,
            "display_as_bot": false,
            "username": "",
            "url_private": "https:\/\/files.slack.com\/files-pri\/T06STEZ2L-F2W63NA8P\/8f624ec3ca494209941c4f2cdd709a62.jpg?t=xoxe-6911509088-177219117537-177786475698-c3d3bb179c",
            "url_private_download": "https:\/\/files.slack.com\/files-pri\/T06STEZ2L-F2W63NA8P\/download\/8f624ec3ca494209941c4f2cdd709a62.jpg?t=xoxe-6911509088-177219117537-177786475698-c3d3bb179c",
            "thumb_64": "https:\/\/files.slack.com\/files-tmb\/T06STEZ2L-F2W63NA8P-1d556fb1d9\/8f624ec3ca494209941c4f2cdd709a62_64.jpg?t=xoxe-6911509088-177219117537-177786475698-c3d3bb179c",
            "thumb_80": "https:\/\/files.slack.com\/files-tmb\/T06STEZ2L-F2W63NA8P-1d556fb1d9\/8f624ec3ca494209941c4f2cdd709a62_80.jpg?t=xoxe-6911509088-177219117537-177786475698-c3d3bb179c",
            "thumb_360": "https:\/\/files.slack.com\/files-tmb\/T06STEZ2L-F2W63NA8P-1d556fb1d9\/8f624ec3ca494209941c4f2cdd709a62_360.jpg?t=xoxe-6911509088-177219117537-177786475698-c3d3bb179c",
            "thumb_360_w": 360,
            "thumb_360_h": 291,
            "thumb_480": "https:\/\/files.slack.com\/files-tmb\/T06STEZ2L-F2W63NA8P-1d556fb1d9\/8f624ec3ca494209941c4f2cdd709a62_480.jpg?t=xoxe-6911509088-177219117537-177786475698-c3d3bb179c",
            "thumb_480_w": 480,
            "thumb_480_h": 388,
            "thumb_160": "https:\/\/files.slack.com\/files-tmb\/T06STEZ2L-F2W63NA8P-1d556fb1d9\/8f624ec3ca494209941c4f2cdd709a62_160.jpg?t=xoxe-6911509088-177219117537-177786475698-c3d3bb179c",
            "thumb_720": "https:\/\/files.slack.com\/files-tmb\/T06STEZ2L-F2W63NA8P-1d556fb1d9\/8f624ec3ca494209941c4f2cdd709a62_720.jpg?t=xoxe-6911509088-177219117537-177786475698-c3d3bb179c",
            "thumb_720_w": 720,
            "thumb_720_h": 582,
            "thumb_960": "https:\/\/files.slack.com\/files-tmb\/T06STEZ2L-F2W63NA8P-1d556fb1d9\/8f624ec3ca494209941c4f2cdd709a62_960.jpg?t=xoxe-6911509088-177219117537-177786475698-c3d3bb179c",
            "thumb_960_w": 960,
            "thumb_960_h": 775,
            "image_exif_rotation": 1,
            "original_w": 999,
            "original_h": 807,
            "permalink": "https:\/\/txstatecs.slack.com\/files\/ethan\/F2W63NA8P\/8f624ec3ca494209941c4f2cdd709a62.jpg",
            "permalink_public": "https:\/\/slack-files.com\/T06STEZ2L-F2W63NA8P-16cf77b6ca",
            "channels": [
                "C06STNWGZ"
            ],
            "groups": [],
            "ims": [],
            "comments_count": 0,
            "reactions": [
                {
                    "name": "skull",
                    "users": [
                        "U06STR2NR",
                        "U06TD3AUW"
                    ],
                    "count": 2
                },
                {
                    "name": "rocket",
                    "users": [
                        "U0KR8R2P9"
                    ],
                    "count": 1
                }
            ]
        },
        "user": "U1B6UPLCU",
        "upload": true,
        "display_as_bot": false,
        "username": "ethan",
        "bot_id": null,
        "ts": "1477898921.000650"
    }
]