[
    {
        "type": "message",
        "user": "U0LPKCLLS",
        "text": "I got my calculator working mostly as intended. The only issue now is that the back button is working improperly. I added the apk for your side-loading convenience. It's under app\/build\/outputs\/apk. Feel free to give me suggestions! And most importantly, Merry Christmas!",
        "ts": "1482691860.000053",
        "reactions": [
            {
                "name": "santa",
                "users": [
                    "U06TD3AUW"
                ],
                "count": 1
            }
        ]
    }
]