[
    {
        "type": "message",
        "user": "U0MEFKFU7",
        "text": "are there any king of the hill slack emoji's?",
        "ts": "1480629520.000744"
    },
    {
        "type": "message",
        "user": "U06TBPWAW",
        "text": "",
        "bot_id": "B1H8K1E14",
        "attachments": [
            {
                "fallback": "giphy: http:\/\/giphy.com\/gifs\/cCyJCwQ2gl3bO",
                "image_url": "http:\/\/media1.giphy.com\/media\/cCyJCwQ2gl3bO\/giphy.gif",
                "image_width": 500,
                "image_height": 375,
                "image_bytes": 708059,
                "is_animated": true,
                "title": "dang it bobby",
                "footer": "Posted using \/giphy",
                "id": 1,
                "title_link": "http:\/\/giphy.com\/gifs\/cCyJCwQ2gl3bO"
            }
        ],
        "ts": "1480638293.000753"
    },
    {
        "type": "message",
        "user": "U2BQ62Z6G",
        "text": ":hank: :bob_ross: :peggy: :dale: :luanne: :bill:",
        "ts": "1480639876.000754",
        "reactions": [
            {
                "name": "bob_ross",
                "users": [
                    "U0MEFKFU7"
                ],
                "count": 1
            },
            {
                "name": "hank",
                "users": [
                    "U0MEFKFU7"
                ],
                "count": 1
            }
        ]
    },
    {
        "type": "message",
        "user": "U0K9BSV5X",
        "text": "ah, my favorite king of the hill character! bob ross",
        "ts": "1480639929.000755",
        "reactions": [
            {
                "name": "joy",
                "users": [
                    "U06TD3AUW"
                ],
                "count": 1
            },
            {
                "name": "deal_with_it_parrot",
                "users": [
                    "U0Q6DBY7Q",
                    "U0K96PWET"
                ],
                "count": 2
            },
            {
                "name": "bob_ross",
                "users": [
                    "U06STR2NR",
                    "U0Q6DBY7Q"
                ],
                "count": 2
            }
        ]
    },
    {
        "type": "message",
        "user": "U2BQ62Z6G",
        "text": "lolol :bobby:",
        "ts": "1480639959.000756"
    },
    {
        "type": "message",
        "user": "U2BQ62Z6G",
        "text": ":westword_ford: :westword_man_in_black: :westworld_clementine: :westworld_felix: :westworld_logan: :westworld_maeve: :westworld_sylvester: :westworld_will: :westword_bernard: :westworld_logo:",
        "edited": {
            "user": "U2BQ62Z6G",
            "ts": "1480686538.000000"
        },
        "ts": "1480652321.000757"
    }
]