[
    {
        "type": "message",
        "user": "U0K97DSGZ",
        "text": "<@U06TBPWAW>: <@U06TD3FNX> <@U0K96PWET> My parents house is in Live Oak, about 30 minutes drive from the USAA campus. Its a big relatively new house. Adriana and Abby can take over my room which is pretty big, and Josh can take the tiny bedroom, which fits a bed and desk(already there). My best friend owns a house near UTSA and I’m checking if he has rooms available. He owns a Frat house, so I don’t know if any of the Frat dudes will be living there this summer.",
        "ts": "1459268539.000061"
    },
    {
        "type": "message",
        "user": "U0K97DSGZ",
        "text": "What’s the start and end date of your internship?",
        "ts": "1459268677.000062"
    },
    {
        "type": "message",
        "user": "U0K97DSGZ",
        "text": "<@U06TD3AUW>: I may or may not move to Austin this Summer if I decided to take(or am even accepted into) the Samsung internship.",
        "ts": "1459269463.000063"
    },
    {
        "type": "message",
        "user": "U06TBPWAW",
        "text": "Thank you <@U0K97DSGZ> I don't know the start date. ",
        "ts": "1459269539.000064"
    },
    {
        "type": "message",
        "user": "U06TD3FNX",
        "text": "Starts May 29 (so move in may 28)",
        "ts": "1459269541.000065"
    },
    {
        "type": "message",
        "user": "U06TD3FNX",
        "text": "ends August 5(so move out aug 6)",
        "ts": "1459269560.000066"
    },
    {
        "type": "message",
        "user": "U06TD3FNX",
        "text": "<@U0K97DSGZ>: pet friendly?",
        "ts": "1459269614.000067"
    },
    {
        "type": "message",
        "user": "U0K97DSGZ",
        "text": "hmm probably not inside my parents house. We had a dog that lived in the backyard though.",
        "ts": "1459269680.000068"
    },
    {
        "type": "message",
        "user": "U0K97DSGZ",
        "text": "For my friends house near UTSA yes. There are dogs there all the time.",
        "ts": "1459269702.000069"
    },
    {
        "type": "message",
        "user": "U06TD3FNX",
        "text": "Okay sweet. Your friends house might be the better option since it's closer, and of course the dog situation",
        "ts": "1459269754.000070"
    },
    {
        "type": "message",
        "user": "U06TD3AUW",
        "text": "<@U0K97DSGZ>: Sweet! If the current place i'm looking into doesn't work out for whatever reason, I'll be down to find a place with you!",
        "ts": "1459271550.000071"
    },
    {
        "type": "message",
        "user": "U0K96PWET",
        "text": "<@U0K97DSGZ> keep me posted! ",
        "ts": "1459278617.000072"
    },
    {
        "type": "message",
        "user": "U0K9BSV5X",
        "text": "Hey, guys. Who do I call if I left a pair of sunglasses in a classroom and they aren't there anymore..?",
        "ts": "1459289888.000073"
    },
    {
        "type": "message",
        "user": "U06TBPWAW",
        "text": "Good question. What room is it?",
        "ts": "1459289945.000074"
    },
    {
        "type": "message",
        "user": "U0K9BSV5X",
        "text": "339 or 235",
        "ts": "1459290083.000075"
    },
    {
        "type": "message",
        "user": "U06TBPWAW",
        "text": "Late one night I believe I saw campus police opening a door for someone who looked like they left something in a classroom",
        "ts": "1459290144.000076"
    },
    {
        "type": "message",
        "user": "U06TBPWAW",
        "text": "campus police has a no emergency number you could try calling",
        "ts": "1459290160.000077"
    },
    {
        "type": "message",
        "user": "U0K9BSV5X",
        "text": "Alright, thank you!",
        "ts": "1459290179.000078"
    },
    {
        "type": "message",
        "user": "U06TD3AUW",
        "text": "Backtrack",
        "ts": "1459290386.000079"
    },
    {
        "type": "message",
        "user": "U06TBPWAW",
        "text": "BackTrack can’t open doors.",
        "ts": "1459290413.000080"
    },
    {
        "type": "message",
        "user": "U06TD3AUW",
        "text": "*yet*.\n\nKeep an eye out for our new features coming soon",
        "ts": "1459290451.000081"
    },
    {
        "type": "message",
        "user": "U06TBPWAW",
        "text": "lol nice, im still waiting for the app",
        "ts": "1459290673.000082"
    },
    {
        "type": "message",
        "user": "U06TD3AUW",
        "text": "it's invite only at the moment",
        "ts": "1459291579.000083"
    },
    {
        "type": "message",
        "user": "U06TD3AUW",
        "text": "kewl kids only",
        "ts": "1459291582.000084"
    }
]