[
    {
        "type": "message",
        "user": "U0KN45G2W",
        "text": "<https:\/\/i.imgur.com\/RbNvGCQ.gifv>",
        "attachments": [
            {
                "service_name": "Imgur",
                "title": "Monkeying around in VR",
                "title_link": "https:\/\/i.imgur.com\/RbNvGCQ.gifv",
                "fallback": "Imgur: Monkeying around in VR",
                "thumb_url": "https:\/\/i.imgur.com\/RbNvGCQh.jpg",
                "video_html_width": "720",
                "video_html_height": "714",
                "video_url": "https:\/\/i.imgur.com\/RbNvGCQ.mp4",
                "video_html": "<video poster=\"https:\/\/i.imgur.com\/RbNvGCQh.jpg\" src=\"https:\/\/i.imgur.com\/RbNvGCQ.mp4\" width=\"720\" height=\"714\" autoplay=\"autoplay\" preload=\"auto\" muted=\"muted\" loop=\"loop\" webkit-playsinline><\/video>",
                "from_url": "https:\/\/i.imgur.com\/RbNvGCQ.gifv",
                "thumb_width": 720,
                "thumb_height": 714,
                "service_icon": "https:\/\/i.imgur.com\/favicon.ico",
                "id": 1
            }
        ],
        "ts": "1479488690.000692",
        "reactions": [
            {
                "name": "oculus",
                "users": [
                    "U06TD3AUW"
                ],
                "count": 1
            },
            {
                "name": "see_no_evil",
                "users": [
                    "U06TD3AUW"
                ],
                "count": 1
            }
        ]
    },
    {
        "type": "message",
        "user": "U1B6UPLCU",
        "text": "sean you never returned my call! ya hairy ape :see_no_evil:",
        "ts": "1479488730.000694"
    },
    {
        "type": "message",
        "user": "U0KN45G2W",
        "text": "my bad dude, I will call you later after work",
        "ts": "1479488752.000695"
    },
    {
        "type": "message",
        "user": "U1B6UPLCU",
        "text": "ha its all good, just giving you shit",
        "ts": "1479488759.000696"
    },
    {
        "type": "message",
        "user": "U0KN45G2W",
        "text": "I was working when you called and then I went to eat and forgot :open_mouth:",
        "ts": "1479488759.000697"
    },
    {
        "type": "message",
        "user": "U1B6UPLCU",
        "text": "I figured, recall thinking \"hmm its before 5, I wonder what his VM recording sounds like\"",
        "ts": "1479488785.000698"
    },
    {
        "type": "message",
        "user": "U0KN45G2W",
        "text": "I usually work till 6",
        "ts": "1479491050.000699"
    },
    {
        "type": "message",
        "user": "U0KN45G2W",
        "text": "sometimes later",
        "ts": "1479491053.000700"
    },
    {
        "type": "message",
        "user": "U0L7K1PB4",
        "text": "\"when in doubt, bring more GPUs\" :rage1:",
        "ts": "1479499462.000701",
        "reactions": [
            {
                "name": "fb_laugh",
                "users": [
                    "U06TBPWAW"
                ],
                "count": 1
            }
        ]
    },
    {
        "type": "message",
        "subtype": "file_share",
        "text": "<@U0L74J1CN|m.fast1995> uploaded a file: <https:\/\/txstatecs.slack.com\/files\/m.fast1995\/F34RYTC05\/ep0h08r.jpg|Slack for Android Upload>",
        "file": {
            "id": "F34RYTC05",
            "created": 1479536887,
            "timestamp": 1479536887,
            "name": "Ep0H08r.jpg",
            "title": "Slack for Android Upload",
            "mimetype": "image\/jpeg",
            "filetype": "jpg",
            "pretty_type": "JPEG",
            "user": "U0L74J1CN",
            "editable": false,
            "size": 445441,
            "mode": "hosted",
            "is_external": false,
            "external_type": "",
            "is_public": true,
            "public_url_shared": false,
            "display_as_bot": false,
            "username": "",
            "url_private": "https:\/\/files.slack.com\/files-pri\/T06STEZ2L-F34RYTC05\/ep0h08r.jpg?t=xoxe-6911509088-177219117537-177786475698-c3d3bb179c",
            "url_private_download": "https:\/\/files.slack.com\/files-pri\/T06STEZ2L-F34RYTC05\/download\/ep0h08r.jpg?t=xoxe-6911509088-177219117537-177786475698-c3d3bb179c",
            "thumb_64": "https:\/\/files.slack.com\/files-tmb\/T06STEZ2L-F34RYTC05-c2f18c7740\/ep0h08r_64.jpg?t=xoxe-6911509088-177219117537-177786475698-c3d3bb179c",
            "thumb_80": "https:\/\/files.slack.com\/files-tmb\/T06STEZ2L-F34RYTC05-c2f18c7740\/ep0h08r_80.jpg?t=xoxe-6911509088-177219117537-177786475698-c3d3bb179c",
            "thumb_360": "https:\/\/files.slack.com\/files-tmb\/T06STEZ2L-F34RYTC05-c2f18c7740\/ep0h08r_360.jpg?t=xoxe-6911509088-177219117537-177786475698-c3d3bb179c",
            "thumb_360_w": 270,
            "thumb_360_h": 360,
            "thumb_480": "https:\/\/files.slack.com\/files-tmb\/T06STEZ2L-F34RYTC05-c2f18c7740\/ep0h08r_480.jpg?t=xoxe-6911509088-177219117537-177786475698-c3d3bb179c",
            "thumb_480_w": 360,
            "thumb_480_h": 480,
            "thumb_160": "https:\/\/files.slack.com\/files-tmb\/T06STEZ2L-F34RYTC05-c2f18c7740\/ep0h08r_160.jpg?t=xoxe-6911509088-177219117537-177786475698-c3d3bb179c",
            "thumb_720": "https:\/\/files.slack.com\/files-tmb\/T06STEZ2L-F34RYTC05-c2f18c7740\/ep0h08r_720.jpg?t=xoxe-6911509088-177219117537-177786475698-c3d3bb179c",
            "thumb_720_w": 540,
            "thumb_720_h": 720,
            "thumb_960": "https:\/\/files.slack.com\/files-tmb\/T06STEZ2L-F34RYTC05-c2f18c7740\/ep0h08r_960.jpg?t=xoxe-6911509088-177219117537-177786475698-c3d3bb179c",
            "thumb_960_w": 720,
            "thumb_960_h": 960,
            "thumb_1024": "https:\/\/files.slack.com\/files-tmb\/T06STEZ2L-F34RYTC05-c2f18c7740\/ep0h08r_1024.jpg?t=xoxe-6911509088-177219117537-177786475698-c3d3bb179c",
            "thumb_1024_w": 768,
            "thumb_1024_h": 1024,
            "image_exif_rotation": 1,
            "original_w": 2448,
            "original_h": 3264,
            "permalink": "https:\/\/txstatecs.slack.com\/files\/m.fast1995\/F34RYTC05\/ep0h08r.jpg",
            "permalink_public": "https:\/\/slack-files.com\/T06STEZ2L-F34RYTC05-70369cf86d",
            "channels": [
                "C06STNWGZ"
            ],
            "groups": [],
            "ims": [],
            "comments_count": 0,
            "reactions": [
                {
                    "name": "eight",
                    "users": [
                        "U0KR8R2P9",
                        "U0Q6DBY7Q"
                    ],
                    "count": 2
                },
                {
                    "name": "nerd_face",
                    "users": [
                        "U0Q6DBY7Q",
                        "U0K9BSV5X"
                    ],
                    "count": 2
                },
                {
                    "name": "heart",
                    "users": [
                        "U0Q6DBY7Q"
                    ],
                    "count": 1
                }
            ]
        },
        "user": "U0L74J1CN",
        "upload": true,
        "display_as_bot": false,
        "username": "m.fast1995",
        "bot_id": null,
        "ts": "1479536892.000702"
    },
    {
        "type": "message",
        "user": "U2E11AL3U",
        "text": "badum",
        "ts": "1479536938.000703"
    }
]