[
    {
        "type": "message",
        "user": "U0LPKCLLS",
        "text": "Koh is such a trip. I fucking love this guy.",
        "ts": "1468519098.000002"
    },
    {
        "type": "message",
        "user": "U0JMJDERY",
        "text": ":new_moon_with_face: ",
        "ts": "1468521885.000003"
    },
    {
        "type": "message",
        "user": "U0K96PWET",
        "text": "pfft someone over here wrote an integration so you can choose which image giphy uses. Lame. Half the fun is seeing how random giphy is feeling.",
        "ts": "1468523956.000004"
    },
    {
        "type": "message",
        "user": "U0K96PWET",
        "text": "\/giphy go go gadget giphy",
        "attachments": [
            {
                "fallback": "giphy: <http:\/\/giphy.com\/gifs\/go-6huRt8nVM6Zna>",
                "image_url": "http:\/\/media.giphy.com\/media\/6huRt8nVM6Zna\/giphy-tumblr.gif",
                "image_width": 381,
                "image_height": 241,
                "image_bytes": 116607,
                "is_animated": true,
                "title": "go go gadget giphy",
                "id": 1,
                "title_link": "http:\/\/giphy.com\/gifs\/go-6huRt8nVM6Zna"
            }
        ],
        "ts": "1468523982.000005"
    },
    {
        "type": "message",
        "user": "U06TD3AUW",
        "text": "haha yea it's like crack  honestly I hate giphy for ruining my comment with some completely unrelated gif but I always go back to it. And sometimes the random gif i even better than a related one haha",
        "ts": "1468524263.000006"
    },
    {
        "type": "message",
        "user": "U0L74J1CN",
        "text": "\/giphy giphy",
        "attachments": [
            {
                "fallback": "giphy: <http:\/\/giphy.com\/gifs\/julianglander-art-1IZ7XOCWvoQfu>",
                "image_url": "http:\/\/media4.giphy.com\/media\/1IZ7XOCWvoQfu\/giphy.gif",
                "image_width": 500,
                "image_height": 500,
                "image_bytes": 244042,
                "is_animated": true,
                "title": "giphy",
                "id": 1,
                "title_link": "http:\/\/giphy.com\/gifs\/julianglander-art-1IZ7XOCWvoQfu"
            }
        ],
        "ts": "1468525523.000007"
    },
    {
        "type": "message",
        "user": "U0KN45G2W",
        "text": "\/giphy pootietang",
        "attachments": [
            {
                "fallback": "giphy: <http:\/\/giphy.com\/gifs\/comedy-black-movies-pootie-eBltZZ0xb1GCs>",
                "image_url": "https:\/\/media4.giphy.com\/media\/eBltZZ0xb1GCs\/giphy.gif",
                "image_width": 500,
                "image_height": 281,
                "image_bytes": 838593,
                "is_animated": true,
                "title": "pootietang",
                "id": 1,
                "title_link": "http:\/\/giphy.com\/gifs\/comedy-black-movies-pootie-eBltZZ0xb1GCs"
            }
        ],
        "ts": "1468525572.000008"
    },
    {
        "type": "message",
        "user": "U0KN45G2W",
        "text": "\/giphy popandlock",
        "attachments": [
            {
                "fallback": "giphy: <http:\/\/giphy.com\/gifs\/realtalk-26tn02UBSHHHz0Gu4>",
                "image_url": "http:\/\/media0.giphy.com\/media\/26tn02UBSHHHz0Gu4\/giphy.gif",
                "image_width": 480,
                "image_height": 270,
                "image_bytes": 1915568,
                "is_animated": true,
                "title": "popandlock",
                "id": 1,
                "title_link": "http:\/\/giphy.com\/gifs\/realtalk-26tn02UBSHHHz0Gu4"
            }
        ],
        "ts": "1468525657.000009"
    },
    {
        "type": "message",
        "user": "U0KN45G2W",
        "text": "\/giphy bambino",
        "attachments": [
            {
                "fallback": "giphy: <http:\/\/giphy.com\/gifs\/christina-aguilera-backstreet-boys-cypress-hill-lJ6O1tEcJUfYI>",
                "image_url": "http:\/\/media4.giphy.com\/media\/lJ6O1tEcJUfYI\/giphy.gif",
                "image_width": 581,
                "image_height": 345,
                "image_bytes": 885608,
                "is_animated": true,
                "title": "bambino",
                "id": 1,
                "title_link": "http:\/\/giphy.com\/gifs\/christina-aguilera-backstreet-boys-cypress-hill-lJ6O1tEcJUfYI"
            }
        ],
        "ts": "1468525804.000010"
    }
]