[
    {
        "type": "message",
        "subtype": "file_share",
        "text": "<@U1B6UPLCU|ethan> uploaded a file: <https:\/\/txstatecs.slack.com\/files\/ethan\/F27PLFXGA\/img_20160902_094558.jpg|todays view from the gazebo :3>",
        "file": {
            "id": "F27PLFXGA",
            "created": 1472829110,
            "timestamp": 1472829110,
            "name": "IMG_20160902_094558.jpg",
            "title": "todays view from the gazebo :3",
            "mimetype": "image\/jpeg",
            "filetype": "jpg",
            "pretty_type": "JPEG",
            "user": "U1B6UPLCU",
            "editable": false,
            "size": 2852905,
            "mode": "hosted",
            "is_external": false,
            "external_type": "",
            "is_public": true,
            "public_url_shared": false,
            "display_as_bot": false,
            "username": "",
            "url_private": "https:\/\/files.slack.com\/files-pri\/T06STEZ2L-F27PLFXGA\/img_20160902_094558.jpg?t=xoxe-6911509088-177219117537-177786475698-c3d3bb179c",
            "url_private_download": "https:\/\/files.slack.com\/files-pri\/T06STEZ2L-F27PLFXGA\/download\/img_20160902_094558.jpg?t=xoxe-6911509088-177219117537-177786475698-c3d3bb179c",
            "thumb_64": "https:\/\/files.slack.com\/files-tmb\/T06STEZ2L-F27PLFXGA-9b4db6acf6\/img_20160902_094558_64.jpg?t=xoxe-6911509088-177219117537-177786475698-c3d3bb179c",
            "thumb_80": "https:\/\/files.slack.com\/files-tmb\/T06STEZ2L-F27PLFXGA-9b4db6acf6\/img_20160902_094558_80.jpg?t=xoxe-6911509088-177219117537-177786475698-c3d3bb179c",
            "thumb_360": "https:\/\/files.slack.com\/files-tmb\/T06STEZ2L-F27PLFXGA-9b4db6acf6\/img_20160902_094558_360.jpg?t=xoxe-6911509088-177219117537-177786475698-c3d3bb179c",
            "thumb_360_w": 360,
            "thumb_360_h": 270,
            "thumb_480": "https:\/\/files.slack.com\/files-tmb\/T06STEZ2L-F27PLFXGA-9b4db6acf6\/img_20160902_094558_480.jpg?t=xoxe-6911509088-177219117537-177786475698-c3d3bb179c",
            "thumb_480_w": 480,
            "thumb_480_h": 360,
            "thumb_160": "https:\/\/files.slack.com\/files-tmb\/T06STEZ2L-F27PLFXGA-9b4db6acf6\/img_20160902_094558_160.jpg?t=xoxe-6911509088-177219117537-177786475698-c3d3bb179c",
            "thumb_720": "https:\/\/files.slack.com\/files-tmb\/T06STEZ2L-F27PLFXGA-9b4db6acf6\/img_20160902_094558_720.jpg?t=xoxe-6911509088-177219117537-177786475698-c3d3bb179c",
            "thumb_720_w": 720,
            "thumb_720_h": 540,
            "thumb_960": "https:\/\/files.slack.com\/files-tmb\/T06STEZ2L-F27PLFXGA-9b4db6acf6\/img_20160902_094558_960.jpg?t=xoxe-6911509088-177219117537-177786475698-c3d3bb179c",
            "thumb_960_w": 960,
            "thumb_960_h": 720,
            "thumb_1024": "https:\/\/files.slack.com\/files-tmb\/T06STEZ2L-F27PLFXGA-9b4db6acf6\/img_20160902_094558_1024.jpg?t=xoxe-6911509088-177219117537-177786475698-c3d3bb179c",
            "thumb_1024_w": 1024,
            "thumb_1024_h": 768,
            "image_exif_rotation": 1,
            "original_w": 4032,
            "original_h": 3024,
            "permalink": "https:\/\/txstatecs.slack.com\/files\/ethan\/F27PLFXGA\/img_20160902_094558.jpg",
            "permalink_public": "https:\/\/slack-files.com\/T06STEZ2L-F27PLFXGA-916db51764",
            "channels": [
                "C06STNWGZ"
            ],
            "groups": [],
            "ims": [],
            "comments_count": 0,
            "reactions": [
                {
                    "name": "+1",
                    "users": [
                        "U0Q6DBY7Q"
                    ],
                    "count": 1
                }
            ]
        },
        "user": "U1B6UPLCU",
        "upload": true,
        "display_as_bot": false,
        "username": "ethan",
        "bot_id": null,
        "ts": "1472829117.000068"
    },
    {
        "type": "message",
        "user": "U0KN45G2W",
        "text": "That’s pretty sweet",
        "ts": "1472829160.000069"
    },
    {
        "type": "message",
        "user": "U1B6UPLCU",
        "text": "Its not bad! Much nicer out, temp-wise, than it has been. Kinda hazy, but Ill deal haha.",
        "ts": "1472829192.000071"
    },
    {
        "type": "message",
        "user": "U0KN45G2W",
        "text": "I don’t mind overcast, personally",
        "ts": "1472829204.000072"
    },
    {
        "type": "message",
        "user": "U0KN45G2W",
        "text": "aside from the humidity",
        "ts": "1472829326.000073"
    },
    {
        "type": "message",
        "user": "U1B6UPLCU",
        "text": "Me either tbh. Humidity isnt bad considering Im right next to the lake. Still a couple boats doing their boat things to watch too.",
        "ts": "1472829365.000074"
    },
    {
        "type": "message",
        "user": "U0L7K1PB4",
        "text": "\"oh, I can automate this homework assignment with a bash script\" #wokeaf",
        "ts": "1472851538.000075",
        "reactions": [
            {
                "name": "gandalf",
                "users": [
                    "U06STR2NR",
                    "U06TD3AUW",
                    "U0Q6DBY7Q"
                ],
                "count": 3
            }
        ]
    }
]