[
    {
        "type": "message",
        "user": "U06TD3AUW",
        "text": "Random question, but are there any people here who have ADD\/ADHD?",
        "ts": "1480696286.000760"
    },
    {
        "type": "message",
        "user": "U0K9BSV5X",
        "text": "Yeah, I was diagnosed a few years ago",
        "ts": "1480700284.000761"
    },
    {
        "type": "message",
        "user": "U0Q6DBY7Q",
        "text": "You're officially JSON now? Lmao",
        "ts": "1480700354.000762"
    },
    {
        "type": "message",
        "user": "U06TD3AUW",
        "text": "<@U0K9BSV5X> Did they ever prescribe Strattera for you? Or straight to Adderall\/Vyvance\/etc\n\n<@U0Q6DBY7Q> My coworkers won't stop calling me that so I just embraced it lol",
        "ts": "1480700418.000763",
        "reactions": [
            {
                "name": "sassyparrot",
                "users": [
                    "U0Q6DBY7Q",
                    "U0L74J1CN",
                    "U0K9BSV5X"
                ],
                "count": 3
            },
            {
                "name": "+1",
                "users": [
                    "U0Q6DBY7Q",
                    "U2BQ62Z6G"
                ],
                "count": 2
            }
        ]
    },
    {
        "type": "message",
        "user": "U1B6UPLCU",
        "text": "Ive tried Strattera, was prescribed it years ago. Wasn't my cuppa tea",
        "ts": "1480703722.000764"
    },
    {
        "type": "message",
        "user": "U0K9BSV5X",
        "text": "<@U06TD3AUW>: I never tried Strattera. Went straight to being proscribed \"d-amphetamine salt combo\" ",
        "ts": "1480705794.000765"
    },
    {
        "type": "message",
        "user": "U06TD3AUW",
        "text": "<@U1B6UPLCU>: as in, it didn't do anything for you? Or too many side effects? Or what?\n\n<@U0K9BSV5X>: How has that been working for you?\n\nReason I ask is my psychiatrist prescribed Strattera for me (initially, before going to stimulants) and I've been on it for a week and noticed a longer attention span but haven't noticed any drastic changes (beneficial or detrimental), though it could be too early to tell. \n\nSo I was wondering if othesr have tried it and what their experience with it was like and if they preferred other options over it.",
        "edited": {
            "user": "U06TD3AUW",
            "ts": "1480712510.000000"
        },
        "ts": "1480711956.000766"
    },
    {
        "type": "message",
        "user": "U1B6UPLCU",
        "text": "I remember being nauseous all the time, no noticeable improvement over baseline. if anything, it was worse than sans strattera.",
        "ts": "1480712096.000767"
    },
    {
        "type": "message",
        "user": "U06TD3AUW",
        "text": "oh man, yea that would kill it for me. The only negative side effect I've noticed so far is loss of appetite (not ever being hungry for something is the weirdest feeling for me lol). Though my dosage doubles tomorrow, so I might get hit with stronger side effects then.\n\nLike I mentioned above though, I have noticed an increase in attention span (I can actually pay attention to an entire lecture without my mind drifting, which I didn't know was possible lol) but haven't noticed any \"omg I'm so productive\" feelings or help when it comes to getting distracted when I'm working on my own.\n\nAre you on anything now?",
        "ts": "1480712448.000768"
    },
    {
        "type": "message",
        "user": "U1B6UPLCU",
        "text": "```coffee```",
        "ts": "1480713635.000770"
    },
    {
        "type": "message",
        "user": "U06TD3AUW",
        "text": "lol for me, coffee = 30 new tabs of random topics within 5 min haha",
        "edited": {
            "user": "U06TD3AUW",
            "ts": "1480713833.000000"
        },
        "ts": "1480713819.000771"
    },
    {
        "type": "message",
        "user": "U0K96PWET",
        "text": "bahahaha",
        "ts": "1480714209.000773"
    },
    {
        "type": "message",
        "user": "U0K96PWET",
        "text": "I know that feeling",
        "ts": "1480714214.000774"
    },
    {
        "type": "message",
        "user": "U0K96PWET",
        "text": "tabalific",
        "ts": "1480714258.000775"
    },
    {
        "type": "message",
        "user": "U0MEFKFU7",
        "text": "<@U2BQ62Z6G>  YOU ARE A GOD! :hank:",
        "ts": "1480721826.000776",
        "reactions": [
            {
                "name": "+1",
                "users": [
                    "U2BQ62Z6G"
                ],
                "count": 1
            }
        ]
    },
    {
        "type": "message",
        "user": "U2BQ62Z6G",
        "text": "hehehe :bobby:",
        "ts": "1480730175.000777"
    }
]