[
    {
        "type": "message",
        "user": "U0L73NE85",
        "text": "Bet you guys can't guess what's random.",
        "ts": "1456680437.000018"
    },
    {
        "type": "message",
        "user": "U06TBPWAW",
        "text": "That you finally figured out how to get android studios to clone a repo",
        "ts": "1456684759.000019"
    },
    {
        "type": "message",
        "user": "U0L73NE85",
        "text": "studio*",
        "ts": "1456685917.000020",
        "reactions": [
            {
                "name": "smile",
                "users": [
                    "U0K96PWET"
                ],
                "count": 1
            }
        ]
    },
    {
        "type": "message",
        "user": "U06TBPWAW",
        "text": "Damn you",
        "ts": "1456685942.000021"
    },
    {
        "type": "message",
        "user": "U0L73NE85",
        "text": "Also, the answer I was looking for is goats. Thanks for playing.",
        "ts": "1456685950.000022"
    },
    {
        "type": "message",
        "user": "U06TD3AUW",
        "text": "Did you do it through AS? And if so, does it still give you those \"modified .idea files\" thing?",
        "ts": "1456690562.000023"
    },
    {
        "type": "message",
        "user": "U0L73NE85",
        "text": "Yeah, cloned with AS. Are you referring to an error you're getting, Jason (\"modified .idea files\")?",
        "ts": "1456692630.000024"
    },
    {
        "type": "message",
        "user": "U0L73NE85",
        "text": "I forgot this was <#C06STNWGZ> and almost started talking about Firebase.",
        "ts": "1456692794.000025"
    },
    {
        "type": "message",
        "user": "U0L73NE85",
        "text": "<@U06TBPWAW>: I have questions about Firebase on Tuesday probably.",
        "ts": "1456692824.000026"
    },
    {
        "type": "message",
        "user": "U06TD3AUW",
        "text": "oh snap lol I forgot this was <#C06STNWGZ> lol I'll move the convo over to our channel",
        "ts": "1456693349.000027"
    }
]