[
    {
        "user": "U0KR9J2HE",
        "type": "message",
        "subtype": "channel_join",
        "text": "<@U0KR9J2HE|switzer1337> has joined the channel",
        "ts": "1454119191.000002"
    },
    {
        "user": "U0KR8PLTC",
        "type": "message",
        "subtype": "channel_join",
        "text": "<@U0KR8PLTC|tien> has joined the channel",
        "ts": "1454119394.000003"
    },
    {
        "user": "U0KR8R2P9",
        "type": "message",
        "subtype": "channel_join",
        "text": "<@U0KR8R2P9|cheerio64> has joined the channel",
        "ts": "1454119424.000004"
    },
    {
        "user": "U0KRG34E4",
        "type": "message",
        "subtype": "channel_join",
        "text": "<@U0KRG34E4|lmc110> has joined the channel",
        "ts": "1454135204.677713"
    }
]