[
    {
        "user": "U2A435H3M",
        "text": "<@U2A435H3M|raf84> has joined the channel",
        "type": "message",
        "subtype": "channel_join",
        "ts": "1473452225.000042"
    },
    {
        "type": "message",
        "user": "U0KN45G2W",
        "text": "lol",
        "ts": "1473459005.000043"
    },
    {
        "type": "message",
        "user": "U0KN45G2W",
        "text": "tony waited a month+ for that card",
        "ts": "1473459023.000044",
        "reactions": [
            {
                "name": "calendar",
                "users": [
                    "U06TD3AUW"
                ],
                "count": 1
            }
        ]
    },
    {
        "type": "message",
        "user": "U1B6UPLCU",
        "text": "yoiks",
        "ts": "1473462178.000045"
    },
    {
        "type": "message",
        "user": "U1B6UPLCU",
        "text": "well, current dilemma is: boost my car or get a 1070... :thinking_face:",
        "ts": "1473462198.000046"
    },
    {
        "type": "message",
        "user": "U06STR2NR",
        "text": "boooooooooost",
        "ts": "1473466258.000047"
    },
    {
        "type": "message",
        "user": "U06TD3AUW",
        "text": ":car: :dash: :fire: :fire: :fire: :fire:",
        "edited": {
            "user": "U06TD3AUW",
            "ts": "1473466519.000000"
        },
        "ts": "1473466486.000048"
    },
    {
        "user": "U2A7YB3M0",
        "text": "<@U2A7YB3M0|lg1336> has joined the channel",
        "type": "message",
        "subtype": "channel_join",
        "ts": "1473467426.000050"
    },
    {
        "user": "U2A7Q7AUD",
        "text": "<@U2A7Q7AUD|e_e43> has joined the channel",
        "type": "message",
        "subtype": "channel_join",
        "ts": "1473468274.000051"
    },
    {
        "user": "U2A8CDHGA",
        "text": "<@U2A8CDHGA|ggridley> has joined the channel",
        "type": "message",
        "subtype": "channel_join",
        "ts": "1473474656.000052"
    },
    {
        "user": "U2A88PJ3X",
        "text": "<@U2A88PJ3X|mikalail> has joined the channel",
        "type": "message",
        "subtype": "channel_join",
        "ts": "1473479242.000053"
    }
]