[
    {
        "user": "U0NN52QJ0",
        "type": "message",
        "subtype": "channel_join",
        "text": "<@U0NN52QJ0|millernerd> has joined the channel",
        "ts": "1456263284.000004"
    },
    {
        "user": "U0NN7BBPW",
        "type": "message",
        "subtype": "channel_join",
        "text": "<@U0NN7BBPW|ldeleau> has joined the channel",
        "ts": "1456264090.000005"
    },
    {
        "user": "U0NP8QCHF",
        "type": "message",
        "subtype": "channel_join",
        "text": "<@U0NP8QCHF|w0205700> has joined the channel",
        "ts": "1456277710.000006"
    }
]