[
    {
        "type": "message",
        "user": "U0L74J1CN",
        "text": "<https:\/\/www.instagram.com\/p\/BNwzbiEgWLD\/>",
        "attachments": [
            {
                "service_name": "Instagram",
                "title": "Instagram photo by The Crazy Programmer • Dec 8, 2016 at 4:17pm UTC",
                "title_link": "https:\/\/www.instagram.com\/p\/BNwzbiEgWLD\/",
                "text": "See this Instagram photo by @thecrazyprogramer • 254 likes",
                "fallback": "Instagram: Instagram photo by The Crazy Programmer • Dec 8, 2016 at 4:17pm UTC",
                "image_url": "https:\/\/scontent.cdninstagram.com\/t51.2885-15\/e35\/15259065_1819213318366086_8174178746975125504_n.jpg?ig_cache_key=MTQwMDg0NTY3NjQ5Mjk3MjczOQ%3D%3D.2",
                "from_url": "https:\/\/www.instagram.com\/p\/BNwzbiEgWLD\/",
                "image_width": 250,
                "image_height": 250,
                "image_bytes": 52473,
                "service_icon": "http:\/\/instagramstatic-a.akamaihd.net\/h1\/images\/ico\/apple-touch-icon-76x76-precomposed.png\/932e4d9af891.png",
                "id": 1
            }
        ],
        "ts": "1481216772.000017",
        "reactions": [
            {
                "name": "joy",
                "users": [
                    "U0Q6DBY7Q",
                    "U0LPKBHK2",
                    "U06TD3AUW"
                ],
                "count": 3
            }
        ]
    }
]