[
    {
        "type": "message",
        "user": "U0L7K1PB4",
        "text": "<https:\/\/www.youtube.com\/watch?v=KEkrWRHCDQU>",
        "attachments": [
            {
                "service_name": "YouTube",
                "service_url": "https:\/\/www.youtube.com\/",
                "title": "HACKERMAN'S HACKING TUTORIALS - How To Hack Time",
                "title_link": "https:\/\/www.youtube.com\/watch?v=KEkrWRHCDQU",
                "author_name": "LaserUnicorns",
                "author_link": "https:\/\/www.youtube.com\/user\/LaserUnicorns",
                "thumb_url": "https:\/\/i.ytimg.com\/vi\/KEkrWRHCDQU\/hqdefault.jpg",
                "thumb_width": 480,
                "thumb_height": 360,
                "fallback": "YouTube Video: HACKERMAN'S HACKING TUTORIALS - How To Hack Time",
                "video_html": "<iframe width=\"400\" height=\"300\" src=\"https:\/\/www.youtube.com\/embed\/KEkrWRHCDQU?feature=oembed&autoplay=1&iv_load_policy=3\" frameborder=\"0\" allowfullscreen><\/iframe>",
                "video_html_width": 400,
                "video_html_height": 300,
                "from_url": "https:\/\/www.youtube.com\/watch?v=KEkrWRHCDQU",
                "service_icon": "https:\/\/a.slack-edge.com\/2089\/img\/unfurl_icons\/youtube.png",
                "id": 1
            }
        ],
        "ts": "1470062828.000003"
    },
    {
        "type": "message",
        "user": "U0K96PWET",
        "text": "\"I'll insert my external drive... ladies\"",
        "ts": "1470078712.000005"
    },
    {
        "type": "message",
        "user": "U0K96PWET",
        "text": "\/giphy smooth",
        "attachments": [
            {
                "fallback": "giphy: <http:\/\/giphy.com\/gifs\/Hav9vEkWnk8hO>",
                "image_url": "http:\/\/media2.giphy.com\/media\/Hav9vEkWnk8hO\/giphy.gif",
                "image_width": 300,
                "image_height": 223,
                "image_bytes": 1999674,
                "is_animated": true,
                "title": "smooth",
                "id": 1,
                "title_link": "http:\/\/giphy.com\/gifs\/Hav9vEkWnk8hO"
            }
        ],
        "ts": "1470078721.000006"
    }
]