[
    {
        "type": "message",
        "subtype": "file_share",
        "text": "<@U06TD3AUW|jcflinn> uploaded a file: <https:\/\/txstatecs.slack.com\/files\/jcflinn\/F1GTBSXQW\/screenshot_2016-06-14-15-18-00-1.png|Alright, chill Lenovo. You're trying too hard.>",
        "file": {
            "id": "F1GTBSXQW",
            "created": 1465935624,
            "timestamp": 1465935624,
            "name": "Screenshot_2016-06-14-15-18-00-1.png",
            "title": "Alright, chill Lenovo. You're trying too hard.",
            "mimetype": "image\/png",
            "filetype": "png",
            "pretty_type": "PNG",
            "user": "U06TD3AUW",
            "editable": false,
            "size": 53085,
            "mode": "hosted",
            "is_external": false,
            "external_type": "",
            "is_public": true,
            "public_url_shared": false,
            "display_as_bot": false,
            "username": "",
            "url_private": "https:\/\/files.slack.com\/files-pri\/T06STEZ2L-F1GTBSXQW\/screenshot_2016-06-14-15-18-00-1.png?t=xoxe-6911509088-177219117537-177786475698-c3d3bb179c",
            "url_private_download": "https:\/\/files.slack.com\/files-pri\/T06STEZ2L-F1GTBSXQW\/download\/screenshot_2016-06-14-15-18-00-1.png?t=xoxe-6911509088-177219117537-177786475698-c3d3bb179c",
            "thumb_64": "https:\/\/files.slack.com\/files-tmb\/T06STEZ2L-F1GTBSXQW-3cd0f0b025\/screenshot_2016-06-14-15-18-00-1_64.png?t=xoxe-6911509088-177219117537-177786475698-c3d3bb179c",
            "thumb_80": "https:\/\/files.slack.com\/files-tmb\/T06STEZ2L-F1GTBSXQW-3cd0f0b025\/screenshot_2016-06-14-15-18-00-1_80.png?t=xoxe-6911509088-177219117537-177786475698-c3d3bb179c",
            "thumb_360": "https:\/\/files.slack.com\/files-tmb\/T06STEZ2L-F1GTBSXQW-3cd0f0b025\/screenshot_2016-06-14-15-18-00-1_360.png?t=xoxe-6911509088-177219117537-177786475698-c3d3bb179c",
            "thumb_360_w": 360,
            "thumb_360_h": 66,
            "thumb_480": "https:\/\/files.slack.com\/files-tmb\/T06STEZ2L-F1GTBSXQW-3cd0f0b025\/screenshot_2016-06-14-15-18-00-1_480.png?t=xoxe-6911509088-177219117537-177786475698-c3d3bb179c",
            "thumb_480_w": 480,
            "thumb_480_h": 89,
            "thumb_160": "https:\/\/files.slack.com\/files-tmb\/T06STEZ2L-F1GTBSXQW-3cd0f0b025\/screenshot_2016-06-14-15-18-00-1_160.png?t=xoxe-6911509088-177219117537-177786475698-c3d3bb179c",
            "thumb_720": "https:\/\/files.slack.com\/files-tmb\/T06STEZ2L-F1GTBSXQW-3cd0f0b025\/screenshot_2016-06-14-15-18-00-1_720.png?t=xoxe-6911509088-177219117537-177786475698-c3d3bb179c",
            "thumb_720_w": 720,
            "thumb_720_h": 133,
            "thumb_960": "https:\/\/files.slack.com\/files-tmb\/T06STEZ2L-F1GTBSXQW-3cd0f0b025\/screenshot_2016-06-14-15-18-00-1_960.png?t=xoxe-6911509088-177219117537-177786475698-c3d3bb179c",
            "thumb_960_w": 960,
            "thumb_960_h": 177,
            "thumb_1024": "https:\/\/files.slack.com\/files-tmb\/T06STEZ2L-F1GTBSXQW-3cd0f0b025\/screenshot_2016-06-14-15-18-00-1_1024.png?t=xoxe-6911509088-177219117537-177786475698-c3d3bb179c",
            "thumb_1024_w": 1024,
            "thumb_1024_h": 189,
            "image_exif_rotation": 1,
            "original_w": 1366,
            "original_h": 252,
            "permalink": "https:\/\/txstatecs.slack.com\/files\/jcflinn\/F1GTBSXQW\/screenshot_2016-06-14-15-18-00-1.png",
            "permalink_public": "https:\/\/slack-files.com\/T06STEZ2L-F1GTBSXQW-6e87ec80d7",
            "channels": [
                "C06STNWGZ"
            ],
            "groups": [],
            "ims": [],
            "comments_count": 0
        },
        "user": "U06TD3AUW",
        "upload": true,
        "display_as_bot": false,
        "username": "jcflinn",
        "bot_id": null,
        "ts": "1465935626.000002"
    },
    {
        "type": "message",
        "user": "U06STR2NR",
        "text": ":unamused:",
        "ts": "1465939001.000006"
    },
    {
        "type": "message",
        "user": "U0K96PWET",
        "text": "Let's see... how many of these new-fangled words can we fit into one email subject line?",
        "ts": "1465941799.000007",
        "reactions": [
            {
                "name": "joy",
                "users": [
                    "U06TD3AUW"
                ],
                "count": 1
            }
        ]
    },
    {
        "type": "message",
        "user": "U06TBPWAW",
        "text": "Listen guys, I'm smart. Some people would say I'm very, very, very smart. Lenovo is really, really a not smart company. Dozens of people have called me to tell me that Lenovo is really, really not an honest company. I don't know, but that is what people are telling me. I have heard from hundreds of people that tell me that Lenovo is not good. My friend, who happens to be a very famous computer genius, told me Lenovo is not good. I have a computer company coming, it’s going to be the best computer company. Believe me. Oh the name? It's going to be amazing. Believe me.",
        "ts": "1465942353.000008",
        "reactions": [
            {
                "name": "flag-us",
                "users": [
                    "U06TD3AUW",
                    "U06STR2NR",
                    "U0K9BSV5X",
                    "U0LPKCLLS",
                    "U0LGDR7EC"
                ],
                "count": 5
            },
            {
                "name": "fries",
                "users": [
                    "U06TD3AUW"
                ],
                "count": 1
            },
            {
                "name": "hamburger",
                "users": [
                    "U06TD3AUW"
                ],
                "count": 1
            },
            {
                "name": "gun",
                "users": [
                    "U06TD3AUW"
                ],
                "count": 1
            },
            {
                "name": "moneybag",
                "users": [
                    "U06TD3AUW"
                ],
                "count": 1
            },
            {
                "name": "hotel",
                "users": [
                    "U06TD3AUW"
                ],
                "count": 1
            },
            {
                "name": "laughing",
                "users": [
                    "U06STR2NR"
                ],
                "count": 1
            }
        ]
    },
    {
        "type": "message",
        "user": "U06TBPWAW",
        "text": "Who Am I?",
        "ts": "1465942402.000011",
        "reactions": [
            {
                "name": "donald_trump",
                "users": [
                    "U06TD3AUW"
                ],
                "count": 1
            }
        ]
    },
    {
        "type": "message",
        "user": "U06TD3AUW",
        "text": ":flag-us:",
        "ts": "1465942454.000012"
    },
    {
        "type": "message",
        "user": "U0L74J1CN",
        "text": ":trophy: ",
        "ts": "1465942550.000013"
    },
    {
        "type": "message",
        "user": "U06TD3AUW",
        "text": ":angry_trump:",
        "ts": "1465943121.000014"
    },
    {
        "type": "message",
        "user": "U06STR2NR",
        "text": "#MakeComputersGreatAgain",
        "ts": "1465943173.000015",
        "reactions": [
            {
                "name": "computer",
                "users": [
                    "U06TD3AUW",
                    "U0K9BSV5X",
                    "U0LPKCLLS"
                ],
                "count": 3
            },
            {
                "name": "trump_china",
                "users": [
                    "U06TD3AUW",
                    "U0L74J1CN",
                    "U0LPKCLLS",
                    "U0LGDR7EC"
                ],
                "count": 4
            }
        ]
    },
    {
        "type": "message",
        "user": "U0L74J1CN",
        "text": "Build a firewall ",
        "ts": "1465943509.000016",
        "reactions": [
            {
                "name": "skull",
                "users": [
                    "U0K9BSV5X",
                    "U06TBPWAW",
                    "U06TD3AUW"
                ],
                "count": 3
            },
            {
                "name": "fire",
                "users": [
                    "U06STR2NR",
                    "U06TD3AUW",
                    "U0LGDR7EC",
                    "U0K96PWET"
                ],
                "count": 4
            },
            {
                "name": "flames",
                "users": [
                    "U06TD3AUW"
                ],
                "count": 1
            }
        ]
    }
]