[
    {
        "type": "message",
        "user": "U0K96PWET",
        "text": "so i'm now in a groupMe, slack, and IBM Communities group for pokemon go. I think I should add a group on linkedIn too to round it all out.",
        "ts": "1468003022.000002"
    },
    {
        "type": "message",
        "user": "U0K96PWET",
        "text": "0-obsessed in 1 day has gotta be some kinda record",
        "ts": "1468003041.000003"
    },
    {
        "type": "message",
        "user": "U06TBPWAW",
        "text": "New pokemongo channel has been created",
        "ts": "1468003105.000004"
    },
    {
        "type": "message",
        "user": "U0JMJDERY",
        "text": " PokemongoDB",
        "ts": "1468003712.000005",
        "reactions": [
            {
                "name": "laughing",
                "users": [
                    "U06TBPWAW",
                    "U06TD3AUW",
                    "U0KN45G2W"
                ],
                "count": 3
            }
        ]
    },
    {
        "type": "message",
        "user": "U06TBPWAW",
        "text": "Lol thats too good <@U0JMJDERY>",
        "ts": "1468004471.000006"
    },
    {
        "type": "message",
        "user": "U0JMJDERY",
        "text": "I know I'm hilarious",
        "ts": "1468004510.000007"
    },
    {
        "type": "message",
        "user": "U06TBPWAW",
        "text": "You’ve already been reposted",
        "ts": "1468004533.000008"
    },
    {
        "type": "message",
        "user": "U0KN45G2W",
        "text": "lol",
        "ts": "1468004536.000009"
    },
    {
        "type": "message",
        "subtype": "file_share",
        "text": "<@U06TBPWAW|splitix> uploaded a file: <https:\/\/txstatecs.slack.com\/files\/splitix\/F1Q4T5ECA\/screen_shot_2016-07-08_at_2.01.39_pm.png|Screen Shot 2016-07-08 at 2.01.39 PM.png>",
        "file": {
            "id": "F1Q4T5ECA",
            "created": 1468004543,
            "timestamp": 1468004543,
            "name": "Screen Shot 2016-07-08 at 2.01.39 PM.png",
            "title": "Screen Shot 2016-07-08 at 2.01.39 PM.png",
            "mimetype": "image\/png",
            "filetype": "png",
            "pretty_type": "PNG",
            "user": "U06TBPWAW",
            "editable": false,
            "size": 51030,
            "mode": "hosted",
            "is_external": false,
            "external_type": "",
            "is_public": true,
            "public_url_shared": false,
            "display_as_bot": false,
            "username": "",
            "url_private": "https:\/\/files.slack.com\/files-pri\/T06STEZ2L-F1Q4T5ECA\/screen_shot_2016-07-08_at_2.01.39_pm.png?t=xoxe-6911509088-177219117537-177786475698-c3d3bb179c",
            "url_private_download": "https:\/\/files.slack.com\/files-pri\/T06STEZ2L-F1Q4T5ECA\/download\/screen_shot_2016-07-08_at_2.01.39_pm.png?t=xoxe-6911509088-177219117537-177786475698-c3d3bb179c",
            "thumb_64": "https:\/\/files.slack.com\/files-tmb\/T06STEZ2L-F1Q4T5ECA-94118f6881\/screen_shot_2016-07-08_at_2.01.39_pm_64.png?t=xoxe-6911509088-177219117537-177786475698-c3d3bb179c",
            "thumb_80": "https:\/\/files.slack.com\/files-tmb\/T06STEZ2L-F1Q4T5ECA-94118f6881\/screen_shot_2016-07-08_at_2.01.39_pm_80.png?t=xoxe-6911509088-177219117537-177786475698-c3d3bb179c",
            "thumb_360": "https:\/\/files.slack.com\/files-tmb\/T06STEZ2L-F1Q4T5ECA-94118f6881\/screen_shot_2016-07-08_at_2.01.39_pm_360.png?t=xoxe-6911509088-177219117537-177786475698-c3d3bb179c",
            "thumb_360_w": 360,
            "thumb_360_h": 167,
            "thumb_480": "https:\/\/files.slack.com\/files-tmb\/T06STEZ2L-F1Q4T5ECA-94118f6881\/screen_shot_2016-07-08_at_2.01.39_pm_480.png?t=xoxe-6911509088-177219117537-177786475698-c3d3bb179c",
            "thumb_480_w": 480,
            "thumb_480_h": 223,
            "thumb_160": "https:\/\/files.slack.com\/files-tmb\/T06STEZ2L-F1Q4T5ECA-94118f6881\/screen_shot_2016-07-08_at_2.01.39_pm_160.png?t=xoxe-6911509088-177219117537-177786475698-c3d3bb179c",
            "thumb_720": "https:\/\/files.slack.com\/files-tmb\/T06STEZ2L-F1Q4T5ECA-94118f6881\/screen_shot_2016-07-08_at_2.01.39_pm_720.png?t=xoxe-6911509088-177219117537-177786475698-c3d3bb179c",
            "thumb_720_w": 720,
            "thumb_720_h": 334,
            "thumb_960": "https:\/\/files.slack.com\/files-tmb\/T06STEZ2L-F1Q4T5ECA-94118f6881\/screen_shot_2016-07-08_at_2.01.39_pm_960.png?t=xoxe-6911509088-177219117537-177786475698-c3d3bb179c",
            "thumb_960_w": 960,
            "thumb_960_h": 445,
            "image_exif_rotation": 1,
            "original_w": 970,
            "original_h": 450,
            "permalink": "https:\/\/txstatecs.slack.com\/files\/splitix\/F1Q4T5ECA\/screen_shot_2016-07-08_at_2.01.39_pm.png",
            "permalink_public": "https:\/\/slack-files.com\/T06STEZ2L-F1Q4T5ECA-ce9b4d4379",
            "channels": [
                "C06STNWGZ"
            ],
            "groups": [],
            "ims": [],
            "comments_count": 0
        },
        "user": "U06TBPWAW",
        "upload": true,
        "display_as_bot": false,
        "username": "splitix",
        "bot_id": null,
        "ts": "1468004546.000010"
    },
    {
        "type": "message",
        "user": "U0KN45G2W",
        "text": "pwned",
        "ts": "1468004558.000011"
    },
    {
        "type": "message",
        "user": "U0JMJDERY",
        "text": "Hahaha",
        "ts": "1468004563.000012"
    },
    {
        "type": "message",
        "user": "U06TD3AUW",
        "text": "lmao",
        "ts": "1468004593.000013"
    },
    {
        "type": "message",
        "user": "U0JMJDERY",
        "text": "Copyright Blake Bordovsky",
        "ts": "1468004609.000014",
        "reactions": [
            {
                "name": "copyright",
                "users": [
                    "U06TD3AUW"
                ],
                "count": 1
            }
        ]
    },
    {
        "type": "message",
        "user": "U06TBPWAW",
        "text": "Please move all PokemonGo chat to the correct channel",
        "ts": "1468004611.000015",
        "reactions": [
            {
                "name": "arrow_left",
                "users": [
                    "U06TD3AUW"
                ],
                "count": 1
            }
        ]
    },
    {
        "type": "message",
        "user": "U0KN45G2W",
        "text": "can also be here",
        "ts": "1468004652.000016"
    },
    {
        "type": "message",
        "user": "U0KN45G2W",
        "text": "this is random after all",
        "ts": "1468004657.000017"
    },
    {
        "type": "message",
        "user": "U0KN45G2W",
        "text": "it can be w\/e we want",
        "ts": "1468004672.000018",
        "reactions": [
            {
                "name": "party_parrot_shuffle",
                "users": [
                    "U06TD3AUW"
                ],
                "count": 1
            }
        ]
    },
    {
        "type": "message",
        "user": "U06TBPWAW",
        "text": "Its not random anymore once a channel is created",
        "ts": "1468004677.000019",
        "reactions": [
            {
                "name": "surprised_obama",
                "users": [
                    "U06TD3AUW"
                ],
                "count": 1
            }
        ]
    },
    {
        "type": "message",
        "user": "U0KN45G2W",
        "text": "random can be anything",
        "ts": "1468004689.000020"
    },
    {
        "type": "message",
        "user": "U0KN45G2W",
        "text": "don’t argue with me",
        "ts": "1468004698.000021",
        "reactions": [
            {
                "name": "snoop_dancing",
                "users": [
                    "U06TD3AUW"
                ],
                "count": 1
            }
        ]
    },
    {
        "type": "message",
        "user": "U06TBPWAW",
        "text": "Sean here at the texasstate slack we dont want a choatic system in place",
        "ts": "1468004701.000022"
    },
    {
        "type": "message",
        "user": "U0JMJDERY",
        "text": "It could even be a boat",
        "ts": "1468004705.000023",
        "reactions": [
            {
                "name": "boat",
                "users": [
                    "U06TD3AUW"
                ],
                "count": 1
            },
            {
                "name": "passenger_ship",
                "users": [
                    "U0JMJDERY"
                ],
                "count": 1
            }
        ]
    },
    {
        "type": "message",
        "user": "U0KN45G2W",
        "text": "^",
        "ts": "1468004708.000024",
        "reactions": [
            {
                "name": "corn",
                "users": [
                    "U0JMJDERY"
                ],
                "count": 1
            }
        ]
    },
    {
        "type": "message",
        "user": "U06TBPWAW",
        "text": "Go start your own slack with one channel <#C06STNWGZ>",
        "edited": {
            "user": "U06TBPWAW",
            "ts": "1468004737.000000"
        },
        "ts": "1468004720.000025",
        "reactions": [
            {
                "name": "satellite_antenna",
                "users": [
                    "U0JMJDERY"
                ],
                "count": 1
            }
        ]
    },
    {
        "type": "message",
        "user": "U0KN45G2W",
        "text": "how do you use giphy?",
        "ts": "1468005060.000027"
    },
    {
        "type": "message",
        "user": "U0KN45G2W",
        "text": "<@U06TBPWAW>:",
        "ts": "1468005064.000028"
    },
    {
        "type": "message",
        "user": "U0JMJDERY",
        "text": "\/giphy how do you use giphy",
        "attachments": [
            {
                "fallback": "giphy: <http:\/\/giphy.com\/gifs\/colin-raff-colinraff-lYnM3bWyLKPZK>",
                "image_url": "http:\/\/media3.giphy.com\/media\/lYnM3bWyLKPZK\/giphy.gif",
                "image_width": 307,
                "image_height": 200,
                "image_bytes": 147221,
                "is_animated": true,
                "title": "how do you use giphy",
                "id": 1,
                "title_link": "http:\/\/giphy.com\/gifs\/colin-raff-colinraff-lYnM3bWyLKPZK"
            }
        ],
        "ts": "1468005074.000029"
    },
    {
        "type": "message",
        "user": "U0KN45G2W",
        "text": "I’m lost",
        "ts": "1468005086.000030"
    },
    {
        "type": "message",
        "user": "U06TD3AUW",
        "text": "\/giphy noob",
        "attachments": [
            {
                "fallback": "giphy: <http:\/\/giphy.com\/gifs\/room-noob-fanclub-E9ICVFkCCDiIE>",
                "image_url": "http:\/\/media3.giphy.com\/media\/E9ICVFkCCDiIE\/giphy.gif",
                "image_width": 18,
                "image_height": 18,
                "image_bytes": 1542,
                "is_animated": true,
                "title": "noob",
                "id": 1,
                "title_link": "http:\/\/giphy.com\/gifs\/room-noob-fanclub-E9ICVFkCCDiIE"
            }
        ],
        "ts": "1468005094.000031"
    },
    {
        "type": "message",
        "user": "U06TD3AUW",
        "text": "not what I was expecting",
        "ts": "1468005102.000032"
    },
    {
        "type": "message",
        "user": "U0KN45G2W",
        "text": "\/giphy josh galindo",
        "attachments": [
            {
                "fallback": "giphy: <http:\/\/giphy.com\/gifs\/josh-RtWnJWjshLrbi>",
                "image_url": "http:\/\/media2.giphy.com\/media\/RtWnJWjshLrbi\/giphy.gif",
                "image_width": 320,
                "image_height": 180,
                "image_bytes": 1802416,
                "is_animated": true,
                "title": "josh galindo",
                "id": 1,
                "title_link": "http:\/\/giphy.com\/gifs\/josh-RtWnJWjshLrbi"
            }
        ],
        "ts": "1468005103.000033"
    },
    {
        "type": "message",
        "user": "U0JMJDERY",
        "text": "\/giphy sean",
        "attachments": [
            {
                "fallback": "giphy: <http:\/\/giphy.com\/gifs\/sam-snap-sean-1NY5kifYc21RS>",
                "image_url": "http:\/\/media2.giphy.com\/media\/1NY5kifYc21RS\/giphy.gif",
                "image_width": 320,
                "image_height": 180,
                "image_bytes": 152561,
                "is_animated": true,
                "title": "sean",
                "id": 1,
                "title_link": "http:\/\/giphy.com\/gifs\/sam-snap-sean-1NY5kifYc21RS"
            }
        ],
        "ts": "1468005115.000034"
    },
    {
        "type": "message",
        "user": "U06TD3AUW",
        "text": "\/giphy blake",
        "attachments": [
            {
                "fallback": "giphy: <http:\/\/giphy.com\/gifs\/watch-sparks-parsons-kt2lgU4XrmdG>",
                "image_url": "http:\/\/media.giphy.com\/media\/kt2lgU4XrmdG\/giphy-tumblr.gif",
                "image_width": 250,
                "image_height": 253,
                "image_bytes": 1632457,
                "is_animated": true,
                "title": "blake",
                "id": 1,
                "title_link": "http:\/\/giphy.com\/gifs\/watch-sparks-parsons-kt2lgU4XrmdG"
            }
        ],
        "ts": "1468005125.000035"
    },
    {
        "type": "message",
        "user": "U0KN45G2W",
        "text": "\/giphy blake-the-snake",
        "attachments": [
            {
                "fallback": "giphy: <http:\/\/giphy.com\/gifs\/snake-Sugkgs5Fl6tu8>",
                "image_url": "http:\/\/media0.giphy.com\/media\/Sugkgs5Fl6tu8\/giphy.gif",
                "image_width": 240,
                "image_height": 180,
                "image_bytes": 1494680,
                "is_animated": true,
                "title": "blake-the-snake",
                "id": 1,
                "title_link": "http:\/\/giphy.com\/gifs\/snake-Sugkgs5Fl6tu8"
            }
        ],
        "ts": "1468005137.000036"
    },
    {
        "type": "message",
        "user": "U06TBPWAW",
        "text": "first you go a slash ‘\/‘ then you type the word giphy like this ‘giphy’ then you type some word",
        "ts": "1468005146.000037"
    },
    {
        "type": "message",
        "user": "U06TD3AUW",
        "text": "\/giphy late",
        "attachments": [
            {
                "fallback": "giphy: <http:\/\/giphy.com\/gifs\/interscope-music-video-selena-gomez-hands-to-myself-l0NwIq59iKkuzOdwI>",
                "image_url": "http:\/\/media4.giphy.com\/media\/l0NwIq59iKkuzOdwI\/giphy.gif",
                "image_width": 480,
                "image_height": 270,
                "image_bytes": 743443,
                "is_animated": true,
                "title": "late",
                "id": 1,
                "title_link": "http:\/\/giphy.com\/gifs\/interscope-music-video-selena-gomez-hands-to-myself-l0NwIq59iKkuzOdwI"
            }
        ],
        "ts": "1468005155.000038"
    },
    {
        "type": "message",
        "user": "U06TBPWAW",
        "text": "\/giphy blake B",
        "attachments": [
            {
                "fallback": "giphy: <http:\/\/giphy.com\/gifs\/crackship-blake-lively-ben-barnes-OL0u4IudgkfqU>",
                "image_url": "https:\/\/media2.giphy.com\/media\/OL0u4IudgkfqU\/giphy.gif",
                "image_width": 500,
                "image_height": 211,
                "image_bytes": 984499,
                "is_animated": true,
                "title": "blake B",
                "id": 1,
                "title_link": "http:\/\/giphy.com\/gifs\/crackship-blake-lively-ben-barnes-OL0u4IudgkfqU"
            }
        ],
        "ts": "1468005158.000039"
    },
    {
        "type": "message",
        "user": "U0KN45G2W",
        "text": "\/giphy leety mcgee",
        "attachments": [
            {
                "fallback": "giphy: <http:\/\/giphy.com\/gifs\/alice-in-wonderland-american-mcgees-mcgee-TVmWXtvspWJEs>",
                "image_url": "http:\/\/media1.giphy.com\/media\/TVmWXtvspWJEs\/giphy.gif",
                "image_width": 250,
                "image_height": 125,
                "image_bytes": 392403,
                "is_animated": true,
                "title": "leety mcgee",
                "id": 1,
                "title_link": "http:\/\/giphy.com\/gifs\/alice-in-wonderland-american-mcgees-mcgee-TVmWXtvspWJEs"
            }
        ],
        "ts": "1468005169.000040"
    },
    {
        "type": "message",
        "user": "U06TD3AUW",
        "text": "\/giphy gifs",
        "attachments": [
            {
                "fallback": "giphy: <http:\/\/giphy.com\/gifs\/retro-fiend-halloween-retrofiend-retro-gif-YJD4PENg8aQw>",
                "image_url": "http:\/\/media4.giphy.com\/media\/YJD4PENg8aQw\/giphy.gif",
                "image_width": 320,
                "image_height": 240,
                "image_bytes": 718559,
                "is_animated": true,
                "title": "gifs",
                "id": 1,
                "title_link": "http:\/\/giphy.com\/gifs\/retro-fiend-halloween-retrofiend-retro-gif-YJD4PENg8aQw"
            }
        ],
        "ts": "1468005182.000041"
    },
    {
        "type": "message",
        "user": "U0KN45G2W",
        "text": "\/giphy skeeter",
        "attachments": [
            {
                "fallback": "giphy: <http:\/\/giphy.com\/gifs\/retro-pizza-nickelodeon-EKycC1FdSo0Ks>",
                "image_url": "http:\/\/media2.giphy.com\/media\/EKycC1FdSo0Ks\/giphy.gif",
                "image_width": 500,
                "image_height": 375,
                "image_bytes": 1013767,
                "is_animated": true,
                "title": "skeeter",
                "id": 1,
                "title_link": "http:\/\/giphy.com\/gifs\/retro-pizza-nickelodeon-EKycC1FdSo0Ks"
            }
        ],
        "ts": "1468005189.000042"
    },
    {
        "type": "message",
        "user": "U0KN45G2W",
        "text": "yes",
        "ts": "1468005195.000043"
    },
    {
        "type": "message",
        "user": "U06TD3AUW",
        "text": "\/giphy doug",
        "attachments": [
            {
                "fallback": "giphy: <http:\/\/giphy.com\/gifs\/showtime-season-5-house-of-lies-marty-kaan-3o72Fl9Ep94MnOcaB2>",
                "image_url": "https:\/\/media.giphy.com\/media\/3o72Fl9Ep94MnOcaB2\/giphy-tumblr.gif",
                "image_width": 250,
                "image_height": 141,
                "image_bytes": 925155,
                "is_animated": true,
                "title": "doug",
                "id": 1,
                "title_link": "http:\/\/giphy.com\/gifs\/showtime-season-5-house-of-lies-marty-kaan-3o72Fl9Ep94MnOcaB2"
            }
        ],
        "ts": "1468005196.000044"
    },
    {
        "type": "message",
        "user": "U06TD3AUW",
        "text": "\/giphy quail man",
        "attachments": [
            {
                "fallback": "giphy: <http:\/\/giphy.com\/gifs\/food-cheese-gravy-FNyQqs1Ceg1BC>",
                "image_url": "http:\/\/media3.giphy.com\/media\/FNyQqs1Ceg1BC\/giphy.gif",
                "image_width": 724,
                "image_height": 483,
                "image_bytes": 862003,
                "is_animated": true,
                "title": "quail man",
                "id": 1,
                "title_link": "http:\/\/giphy.com\/gifs\/food-cheese-gravy-FNyQqs1Ceg1BC"
            }
        ],
        "ts": "1468005205.000045"
    },
    {
        "type": "message",
        "user": "U0KN45G2W",
        "text": "\/giphy patty-mayonaise",
        "attachments": [
            {
                "fallback": "giphy: <http:\/\/giphy.com\/gifs\/cartoon-basketball-90s-10leUC1HQv1oB2>",
                "image_url": "http:\/\/media2.giphy.com\/media\/10leUC1HQv1oB2\/giphy.gif",
                "image_width": 400,
                "image_height": 306,
                "image_bytes": 279548,
                "is_animated": true,
                "title": "patty-mayonaise",
                "id": 1,
                "title_link": "http:\/\/giphy.com\/gifs\/cartoon-basketball-90s-10leUC1HQv1oB2"
            }
        ],
        "ts": "1468005208.000046"
    },
    {
        "type": "message",
        "user": "U06TD3AUW",
        "text": "so dumb",
        "ts": "1468005211.000047"
    },
    {
        "type": "message",
        "user": "U06TBPWAW",
        "text": "\/giphy sean get back to work",
        "attachments": [
            {
                "fallback": "giphy: <http:\/\/giphy.com\/gifs\/DPermpEkwIjJK>",
                "image_url": "https:\/\/media4.giphy.com\/media\/DPermpEkwIjJK\/giphy.gif",
                "image_width": 200,
                "image_height": 279,
                "image_bytes": 87511,
                "is_animated": true,
                "title": "sean get back to work",
                "id": 1,
                "title_link": "http:\/\/giphy.com\/gifs\/DPermpEkwIjJK"
            }
        ],
        "ts": "1468005214.000048"
    },
    {
        "type": "message",
        "user": "U06TD3AUW",
        "text": "\/giphy evil boss",
        "attachments": [
            {
                "fallback": "giphy: <http:\/\/giphy.com\/gifs\/boss-barney-evil-laugh-hC4ivYEwCLHCU>",
                "image_url": "http:\/\/media0.giphy.com\/media\/hC4ivYEwCLHCU\/giphy.gif",
                "image_width": 377,
                "image_height": 159,
                "image_bytes": 328389,
                "is_animated": true,
                "title": "evil boss",
                "id": 1,
                "title_link": "http:\/\/giphy.com\/gifs\/boss-barney-evil-laugh-hC4ivYEwCLHCU"
            }
        ],
        "ts": "1468005223.000049"
    },
    {
        "type": "message",
        "user": "U0KN45G2W",
        "text": "\/giphy frig off",
        "attachments": [
            {
                "fallback": "giphy: <http:\/\/giphy.com\/gifs\/eH5Rj5ElJ9e9O>",
                "image_url": "http:\/\/media0.giphy.com\/media\/eH5Rj5ElJ9e9O\/giphy.gif",
                "image_width": 245,
                "image_height": 212,
                "image_bytes": 954231,
                "is_animated": true,
                "title": "frig off",
                "id": 1,
                "title_link": "http:\/\/giphy.com\/gifs\/eH5Rj5ElJ9e9O"
            }
        ],
        "ts": "1468005225.000050"
    },
    {
        "type": "message",
        "user": "U06TD3AUW",
        "text": "\/giphy ooooo",
        "attachments": [
            {
                "fallback": "giphy: <http:\/\/giphy.com\/gifs\/once-upon-a-time-ouat-rumplestiltskin-oMo6yNf7McLKw>",
                "image_url": "https:\/\/media1.giphy.com\/media\/oMo6yNf7McLKw\/giphy.gif",
                "image_width": 245,
                "image_height": 300,
                "image_bytes": 1583122,
                "is_animated": true,
                "title": "ooooo",
                "id": 1,
                "title_link": "http:\/\/giphy.com\/gifs\/once-upon-a-time-ouat-rumplestiltskin-oMo6yNf7McLKw"
            }
        ],
        "ts": "1468005232.000051"
    },
    {
        "type": "message",
        "user": "U06TBPWAW",
        "text": "\/giphy FIx what you broke",
        "attachments": [
            {
                "fallback": "giphy: <http:\/\/giphy.com\/gifs\/3AbE9sFWGs8O4>",
                "image_url": "http:\/\/media4.giphy.com\/media\/3AbE9sFWGs8O4\/giphy.gif",
                "image_width": 245,
                "image_height": 165,
                "image_bytes": 1956579,
                "is_animated": true,
                "title": "FIx what you broke",
                "id": 1,
                "title_link": "http:\/\/giphy.com\/gifs\/3AbE9sFWGs8O4"
            }
        ],
        "ts": "1468005242.000052"
    },
    {
        "type": "message",
        "user": "U06TD3AUW",
        "text": "\/giphy rebel!",
        "attachments": [
            {
                "fallback": "giphy: <http:\/\/giphy.com\/gifs\/david-bowie-rebel-DinTNibjwxvhe>",
                "image_url": "http:\/\/media0.giphy.com\/media\/DinTNibjwxvhe\/giphy.gif",
                "image_width": 200,
                "image_height": 156,
                "image_bytes": 1083559,
                "is_animated": true,
                "title": "rebel!",
                "id": 1,
                "title_link": "http:\/\/giphy.com\/gifs\/david-bowie-rebel-DinTNibjwxvhe"
            }
        ],
        "ts": "1468005257.000053"
    },
    {
        "type": "message",
        "user": "U06TBPWAW",
        "text": "\/giphy giphy",
        "attachments": [
            {
                "fallback": "giphy: <http:\/\/giphy.com\/gifs\/petercarlson-3o85xwtKtlwixMUeli>",
                "image_url": "http:\/\/media4.giphy.com\/media\/3o85xwtKtlwixMUeli\/giphy.gif",
                "image_width": 1920,
                "image_height": 1080,
                "image_bytes": 727935,
                "is_animated": true,
                "title": "giphy",
                "id": 1,
                "title_link": "http:\/\/giphy.com\/gifs\/petercarlson-3o85xwtKtlwixMUeli"
            }
        ],
        "ts": "1468005274.000054"
    },
    {
        "type": "message",
        "user": "U06TD3AUW",
        "text": "\/giphy pretty colors",
        "attachments": [
            {
                "fallback": "giphy: <http:\/\/giphy.com\/gifs\/thecurrentsea-album-artwork-12cntzppIfHWdq>",
                "image_url": "http:\/\/media3.giphy.com\/media\/12cntzppIfHWdq\/giphy.gif",
                "image_width": 400,
                "image_height": 400,
                "image_bytes": 905983,
                "is_animated": true,
                "title": "pretty colors",
                "id": 1,
                "title_link": "http:\/\/giphy.com\/gifs\/thecurrentsea-album-artwork-12cntzppIfHWdq"
            }
        ],
        "ts": "1468005298.000055"
    },
    {
        "type": "message",
        "user": "U06TD3AUW",
        "text": "oh god",
        "ts": "1468005303.000056"
    },
    {
        "type": "message",
        "user": "U06TD3AUW",
        "text": "\/giphy my eyes",
        "attachments": [
            {
                "fallback": "giphy: <http:\/\/giphy.com\/gifs\/submission-lee-pace-sorry-not-IepbiTPt2dORa>",
                "image_url": "http:\/\/media0.giphy.com\/media\/IepbiTPt2dORa\/giphy.gif",
                "image_width": 300,
                "image_height": 170,
                "image_bytes": 639450,
                "is_animated": true,
                "title": "my eyes",
                "id": 1,
                "title_link": "http:\/\/giphy.com\/gifs\/submission-lee-pace-sorry-not-IepbiTPt2dORa"
            }
        ],
        "ts": "1468005306.000057"
    },
    {
        "type": "message",
        "user": "U06TBPWAW",
        "text": "\/giphy on discord is better",
        "attachments": [
            {
                "fallback": "giphy: <http:\/\/giphy.com\/gifs\/time-high-quality-discord-itaqTiteMp6BW>",
                "image_url": "https:\/\/media.giphy.com\/media\/itaqTiteMp6BW\/giphy-tumblr.gif",
                "image_width": 500,
                "image_height": 280,
                "image_bytes": 1185086,
                "is_animated": true,
                "title": "on discord is better",
                "id": 1,
                "title_link": "http:\/\/giphy.com\/gifs\/time-high-quality-discord-itaqTiteMp6BW"
            }
        ],
        "ts": "1468005313.000058"
    },
    {
        "type": "message",
        "user": "U06TD3AUW",
        "text": "lol",
        "ts": "1468005322.000059"
    },
    {
        "type": "message",
        "user": "U0KN45G2W",
        "text": "\/giphy punchasize",
        "attachments": [
            {
                "fallback": "giphy: <http:\/\/giphy.com\/gifs\/people-look-pictures-Wh9cEpEgHy5nW>",
                "image_url": "http:\/\/media.giphy.com\/media\/Wh9cEpEgHy5nW\/giphy-tumblr.gif",
                "image_width": 576,
                "image_height": 468,
                "image_bytes": 216673,
                "is_animated": true,
                "title": "punchasize your face",
                "id": 1,
                "title_link": "http:\/\/giphy.com\/gifs\/people-look-pictures-Wh9cEpEgHy5nW"
            }
        ],
        "edited": {
            "user": "U0KN45G2W",
            "ts": "1468005349.000000"
        },
        "ts": "1468005325.000060"
    },
    {
        "type": "message",
        "user": "U06TBPWAW",
        "text": "\/giphy computer science",
        "attachments": [
            {
                "fallback": "giphy: <http:\/\/giphy.com\/gifs\/tech-michigan-Fb1TUyPlxhSTK>",
                "image_url": "https:\/\/media3.giphy.com\/media\/Fb1TUyPlxhSTK\/giphy.gif",
                "image_width": 500,
                "image_height": 282,
                "image_bytes": 931086,
                "is_animated": true,
                "title": "computer science",
                "id": 1,
                "title_link": "http:\/\/giphy.com\/gifs\/tech-michigan-Fb1TUyPlxhSTK"
            }
        ],
        "ts": "1468005355.000062"
    },
    {
        "type": "message",
        "user": "U0KN45G2W",
        "text": "\/giphy gumby",
        "attachments": [
            {
                "fallback": "giphy: <http:\/\/giphy.com\/gifs\/eddie-murphy-gumby-gMyMGNqgeAGvm>",
                "image_url": "http:\/\/media.giphy.com\/media\/gMyMGNqgeAGvm\/giphy-tumblr.gif",
                "image_width": 250,
                "image_height": 171,
                "image_bytes": 1679410,
                "is_animated": true,
                "title": "gumby",
                "id": 1,
                "title_link": "http:\/\/giphy.com\/gifs\/eddie-murphy-gumby-gMyMGNqgeAGvm"
            }
        ],
        "ts": "1468005367.000063"
    },
    {
        "type": "message",
        "user": "U06TBPWAW",
        "text": "\/giphy computer programmer",
        "attachments": [
            {
                "fallback": "giphy: <http:\/\/giphy.com\/gifs\/animation-computer-programmers-nGMnDqebzDcfm>",
                "image_url": "http:\/\/media4.giphy.com\/media\/nGMnDqebzDcfm\/giphy.gif",
                "image_width": 218,
                "image_height": 216,
                "image_bytes": 6824,
                "is_animated": true,
                "title": "computer programmer",
                "id": 1,
                "title_link": "http:\/\/giphy.com\/gifs\/animation-computer-programmers-nGMnDqebzDcfm"
            }
        ],
        "ts": "1468005372.000064"
    },
    {
        "type": "message",
        "user": "U06TBPWAW",
        "text": "^what sean should be doing",
        "ts": "1468005389.000065"
    },
    {
        "type": "message",
        "user": "U06TD3AUW",
        "text": "everyone hates us now",
        "ts": "1468005393.000066",
        "reactions": [
            {
                "name": "white_check_mark",
                "users": [
                    "U0L7K1PB4"
                ],
                "count": 1
            }
        ]
    },
    {
        "type": "message",
        "user": "U0KN45G2W",
        "text": "cowboy coder",
        "ts": "1468005407.000067"
    },
    {
        "type": "message",
        "user": "U0JMJDERY",
        "text": "confirmed",
        "ts": "1468005687.000068"
    },
    {
        "type": "message",
        "user": "U0K96PWET",
        "text": "this is fantastic",
        "ts": "1468005743.000069"
    },
    {
        "type": "message",
        "user": "U06TD3AUW",
        "text": "\/giphy fantastic",
        "attachments": [
            {
                "fallback": "giphy: <http:\/\/giphy.com\/gifs\/dudebropartymassacre3-5sf-R84T38nfZgoLe>",
                "image_url": "http:\/\/media.giphy.com\/media\/R84T38nfZgoLe\/giphy-tumblr.gif",
                "image_width": 250,
                "image_height": 186,
                "image_bytes": 717026,
                "is_animated": true,
                "title": "fantastic",
                "id": 1,
                "title_link": "http:\/\/giphy.com\/gifs\/dudebropartymassacre3-5sf-R84T38nfZgoLe"
            }
        ],
        "ts": "1468005856.000070"
    },
    {
        "type": "message",
        "user": "U0K96PWET",
        "text": "that's alarmingly accurate",
        "ts": "1468006074.000071"
    },
    {
        "type": "message",
        "user": "U0JMJDERY",
        "text": "hahaha",
        "edited": {
            "user": "U0JMJDERY",
            "ts": "1468006558.000000"
        },
        "ts": "1468006547.000072"
    }
]