[
    {
        "type": "message",
        "user": "U06TD3AUW",
        "text": "<!channel>: Hey guys, is there anyone with a truck that could help me out tomorrow afternoon with moving a couch and coffee table? I'll buy you lunch\/fill your tank\/let you touch my butt!",
        "ts": "1469808627.000033"
    },
    {
        "type": "message",
        "user": "U0LPKCLLS",
        "text": "Damn, I've always wanted to touch - *ahem* I mean sorry man, I only have a car",
        "ts": "1469809208.000034",
        "reactions": [
            {
                "name": "harold",
                "users": [
                    "U06TD3AUW",
                    "U0MEFKFU7"
                ],
                "count": 2
            }
        ]
    },
    {
        "type": "message",
        "user": "U0LPKCLLS",
        "text": "Oooo wee I hope you guys have a great week eeeeeend!",
        "ts": "1469825079.000035"
    },
    {
        "type": "message",
        "user": "U0JMJDERY",
        "text": "<https:\/\/imgur.com\/a\/buZO8>",
        "attachments": [
            {
                "service_name": "Imgur",
                "title": "Imgur: The most awesome images on the Internet",
                "title_link": "https:\/\/imgur.com\/a\/buZO8",
                "text": "Imgur: The most awesome images on the Internet.",
                "fallback": "Imgur: Imgur: The most awesome images on the Internet",
                "image_url": "https:\/\/i.imgur.com\/BthiPbph.jpg",
                "image_width": 465,
                "image_height": 250,
                "from_url": "https:\/\/imgur.com\/a\/buZO8",
                "image_bytes": 99149,
                "service_icon": "http:\/\/s.imgur.com\/images\/favicon-152.png",
                "id": 1
            }
        ],
        "ts": "1469828714.000036",
        "reactions": [
            {
                "name": "+1",
                "users": [
                    "U0LPKCLLS"
                ],
                "count": 1
            }
        ]
    },
    {
        "type": "message",
        "user": "U06TD3AUW",
        "text": "Where is \"Get Schwifty!\"?? ",
        "ts": "1469829080.000038"
    },
    {
        "type": "message",
        "user": "U0LPKCLLS",
        "text": "\/giphy get schwifty",
        "attachments": [
            {
                "fallback": "giphy: <http:\/\/giphy.com\/gifs\/loop-get-schwifty-fpCa9e3J5YmWc>",
                "image_url": "http:\/\/media.giphy.com\/media\/fpCa9e3J5YmWc\/giphy-tumblr.gif",
                "image_width": 500,
                "image_height": 281,
                "image_bytes": 1883851,
                "is_animated": true,
                "title": "get schwifty",
                "id": 1,
                "title_link": "http:\/\/giphy.com\/gifs\/loop-get-schwifty-fpCa9e3J5YmWc"
            }
        ],
        "ts": "1469829141.000039",
        "reactions": [
            {
                "name": "party_parrot",
                "users": [
                    "U06TD3AUW"
                ],
                "count": 1
            }
        ]
    }
]