[
    {
        "type": "message",
        "user": "U06TD3AUW",
        "text": "Hey quick question guys:\n\nIf you could choose one of these locations to visit for a week in August, where would you go? \nCalifornia \nColorado \nNorth Carolina (or south) \nFlorida\nOregon\n(suggest your own) \n\nI'm preferring outdoorsy places (mountains, beaches, lakes, etc) but could do with awesome cities to visit as well! ",
        "ts": "1464722897.000002"
    },
    {
        "type": "message",
        "user": "U06TBPWAW",
        "text": "My brother is really into hiking. Him and his GF went to Oregon last year to explore the trails. He said he had a great time and would do it again.",
        "ts": "1464722987.000003",
        "reactions": [
            {
                "name": "mountain",
                "users": [
                    "U06TD3AUW"
                ],
                "count": 1
            }
        ]
    },
    {
        "type": "message",
        "user": "U0L7GN8HM",
        "text": "I went to Colorado 2 summers ago and it was fantastic. Cool weather and beautiful scenery. That would be my vote. I am going back as soon as I can",
        "ts": "1464722995.000004",
        "reactions": [
            {
                "name": "national_park",
                "users": [
                    "U06TD3AUW"
                ],
                "count": 1
            }
        ]
    },
    {
        "type": "message",
        "user": "U06TD3AUW",
        "text": "<@U06TBPWAW> sweet! I've been really digging some of the trails I've been to this summer and have been wanting to get into real hiking, so that sounds awesome to me. I bekieve <@U0K9BSV5X> went there earlier this summer as well and her snaps looked amazing!",
        "edited": {
            "user": "U06TD3AUW",
            "ts": "1464723502.000000"
        },
        "ts": "1464723282.000005"
    },
    {
        "type": "message",
        "user": "U06TD3AUW",
        "text": "<@U0L7GN8HM> yea, Colorado is definitely one of my top choices due to the scenery (:heart: mountains :heart:). Any particular area worth checking out? ",
        "ts": "1464723371.000006"
    },
    {
        "type": "message",
        "user": "U06TD3AUW",
        "text": "( <@U06TBPWAW> read \"hiking\" as \"biking\" lol same result though!) ",
        "ts": "1464723545.000008"
    },
    {
        "type": "message",
        "user": "U0K9BSV5X",
        "text": "I did recently go to Oregon and it was gorgeous. Sooo green. A lot of great waterfall hikes and scenic views.",
        "ts": "1464723546.000009",
        "reactions": [
            {
                "name": "sunrise_over_mountains",
                "users": [
                    "U06TD3AUW"
                ],
                "count": 1
            }
        ]
    },
    {
        "type": "message",
        "user": "U0L7GN8HM",
        "text": "I was mostly in Colorado springs. Checking out the air force academy was super cool. But rocky mountain national park is where I spent a lot of time. ",
        "ts": "1464723555.000010",
        "reactions": [
            {
                "name": "mount_fuji",
                "users": [
                    "U06TD3AUW"
                ],
                "count": 1
            }
        ]
    },
    {
        "type": "message",
        "user": "U0K9BSV5X",
        "text": "Colorado Springs is great and so is Boulder ",
        "ts": "1464723600.000011",
        "reactions": [
            {
                "name": "snow_capped_mountain",
                "users": [
                    "U06TD3AUW"
                ],
                "count": 1
            }
        ]
    },
    {
        "type": "message",
        "user": "U06TD3AUW",
        "text": "<@U0K9BSV5X> <@U06TBPWAW> what area(s) of Oregon? ",
        "ts": "1464723868.000012"
    },
    {
        "type": "message",
        "user": "U06TBPWAW",
        "text": "I’ll asking him when I head home",
        "ts": "1464723904.000013",
        "reactions": [
            {
                "name": "+1",
                "users": [
                    "U06TD3AUW"
                ],
                "count": 1
            }
        ]
    },
    {
        "type": "message",
        "user": "U06TBPWAW",
        "text": "Currently working",
        "ts": "1464723922.000014"
    },
    {
        "type": "message",
        "user": "U06TD3AUW",
        "text": "Thanks man",
        "ts": "1464723991.000015"
    },
    {
        "type": "message",
        "user": "U0K9BSV5X",
        "text": "We stayed in Portland and explored around there. Made a couple hour drive to the coast and a couple hour drive to the waterfalls in my snapchat. Five hour drive to Crater Lake but it was worth it haha",
        "ts": "1464724086.000016",
        "reactions": [
            {
                "name": "car",
                "users": [
                    "U06TD3AUW"
                ],
                "count": 1
            }
        ]
    },
    {
        "type": "message",
        "user": "U06TD3AUW",
        "text": "Yea I used to hate driving long distances between destinations, but after doing it a bit here (1-2 hour drives), I actually quite like it. Definitely if the drive is somewhere I haven't driven before. \n\n(as long as the majority of the drive isn't dense city traffic :\/)",
        "edited": {
            "user": "U06TD3AUW",
            "ts": "1464727632.000000"
        },
        "ts": "1464724965.000017"
    },
    {
        "type": "message",
        "user": "U0K9BSV5X",
        "text": "The drives were through mountains and there are trees everywhere so it's nice!",
        "ts": "1464726113.000018",
        "reactions": [
            {
                "name": "deciduous_tree",
                "users": [
                    "U06TD3AUW"
                ],
                "count": 1
            }
        ]
    },
    {
        "type": "message",
        "user": "U06TD3AUW",
        "text": "Dope. Sounds like my kind of drive. ",
        "ts": "1464726138.000019"
    },
    {
        "type": "message",
        "user": "U0JLW9BB6",
        "text": "As far as drives go - the Pacific Coast Highway, Highway 1, in California. Up through Big Sur, Pebble Beach, and Monterey Bay. Lots of places to stop and hike along the way and the Pacific Ocean on one side   ",
        "ts": "1464727899.000021",
        "reactions": [
            {
                "name": "motorway",
                "users": [
                    "U06TD3AUW"
                ],
                "count": 1
            }
        ]
    },
    {
        "type": "message",
        "user": "U06TD3AUW",
        "text": "Sweet! I'll have to check out what spots run along the highway! Thanks man! ",
        "ts": "1464728035.000022"
    }
]