[
    {
        "type": "message",
        "user": "U06TD3AUW",
        "text": "ayyyyy",
        "ts": "1472147499.000147"
    },
    {
        "type": "message",
        "user": "U06TD3AUW",
        "text": "who has a truck who is willing to help me pick up a dog house from Petsmart that can't fit in my car? lol",
        "ts": "1472147529.000148"
    },
    {
        "type": "message",
        "user": "U06TD3AUW",
        "text": "gas\/food\/butt touches are options for payment!",
        "ts": "1472147551.000149"
    },
    {
        "type": "message",
        "user": "U1B6UPLCU",
        "text": "How big is the dog house?",
        "ts": "1472166700.000150"
    },
    {
        "type": "message",
        "user": "U1B6UPLCU",
        "text": "Just got back in town, I might be able to give you a hand if itll fit in my x5",
        "ts": "1472166712.000151"
    },
    {
        "type": "message",
        "user": "U1B6UPLCU",
        "text": "<@U06TD3AUW>",
        "ts": "1472166753.000152"
    },
    {
        "type": "message",
        "user": "U06TD3AUW",
        "text": "Thanks man, it's pretty big. Hold on I'll get the dimensions ",
        "ts": "1472166800.000153"
    },
    {
        "type": "message",
        "user": "U1B6UPLCU",
        "text": "ite",
        "ts": "1472166805.000154"
    },
    {
        "type": "message",
        "subtype": "file_share",
        "text": "<@U06TD3AUW|jcflinn> uploaded a file: <https:\/\/txstatecs.slack.com\/files\/jcflinn\/F254ZU5PS\/attach28253_20160825_094527.jpg|Slack for Android Upload>",
        "file": {
            "id": "F254ZU5PS",
            "created": 1472166910,
            "timestamp": 1472166910,
            "name": "Attach28253_20160825_094527.jpg",
            "title": "Slack for Android Upload",
            "mimetype": "image\/jpeg",
            "filetype": "jpg",
            "pretty_type": "JPEG",
            "user": "U06TD3AUW",
            "editable": false,
            "size": 178388,
            "mode": "hosted",
            "is_external": false,
            "external_type": "",
            "is_public": true,
            "public_url_shared": false,
            "display_as_bot": false,
            "username": "",
            "url_private": "https:\/\/files.slack.com\/files-pri\/T06STEZ2L-F254ZU5PS\/attach28253_20160825_094527.jpg?t=xoxe-6911509088-177219117537-177786475698-c3d3bb179c",
            "url_private_download": "https:\/\/files.slack.com\/files-pri\/T06STEZ2L-F254ZU5PS\/download\/attach28253_20160825_094527.jpg?t=xoxe-6911509088-177219117537-177786475698-c3d3bb179c",
            "thumb_64": "https:\/\/files.slack.com\/files-tmb\/T06STEZ2L-F254ZU5PS-8e053b74ca\/attach28253_20160825_094527_64.jpg?t=xoxe-6911509088-177219117537-177786475698-c3d3bb179c",
            "thumb_80": "https:\/\/files.slack.com\/files-tmb\/T06STEZ2L-F254ZU5PS-8e053b74ca\/attach28253_20160825_094527_80.jpg?t=xoxe-6911509088-177219117537-177786475698-c3d3bb179c",
            "thumb_360": "https:\/\/files.slack.com\/files-tmb\/T06STEZ2L-F254ZU5PS-8e053b74ca\/attach28253_20160825_094527_360.jpg?t=xoxe-6911509088-177219117537-177786475698-c3d3bb179c",
            "thumb_360_w": 360,
            "thumb_360_h": 241,
            "thumb_480": "https:\/\/files.slack.com\/files-tmb\/T06STEZ2L-F254ZU5PS-8e053b74ca\/attach28253_20160825_094527_480.jpg?t=xoxe-6911509088-177219117537-177786475698-c3d3bb179c",
            "thumb_480_w": 480,
            "thumb_480_h": 322,
            "thumb_160": "https:\/\/files.slack.com\/files-tmb\/T06STEZ2L-F254ZU5PS-8e053b74ca\/attach28253_20160825_094527_160.jpg?t=xoxe-6911509088-177219117537-177786475698-c3d3bb179c",
            "thumb_720": "https:\/\/files.slack.com\/files-tmb\/T06STEZ2L-F254ZU5PS-8e053b74ca\/attach28253_20160825_094527_720.jpg?t=xoxe-6911509088-177219117537-177786475698-c3d3bb179c",
            "thumb_720_w": 720,
            "thumb_720_h": 483,
            "thumb_960": "https:\/\/files.slack.com\/files-tmb\/T06STEZ2L-F254ZU5PS-8e053b74ca\/attach28253_20160825_094527_960.jpg?t=xoxe-6911509088-177219117537-177786475698-c3d3bb179c",
            "thumb_960_w": 960,
            "thumb_960_h": 643,
            "thumb_1024": "https:\/\/files.slack.com\/files-tmb\/T06STEZ2L-F254ZU5PS-8e053b74ca\/attach28253_20160825_094527_1024.jpg?t=xoxe-6911509088-177219117537-177786475698-c3d3bb179c",
            "thumb_1024_w": 1024,
            "thumb_1024_h": 686,
            "image_exif_rotation": 1,
            "original_w": 1152,
            "original_h": 772,
            "permalink": "https:\/\/txstatecs.slack.com\/files\/jcflinn\/F254ZU5PS\/attach28253_20160825_094527.jpg",
            "permalink_public": "https:\/\/slack-files.com\/T06STEZ2L-F254ZU5PS-3fdf2958ba",
            "channels": [
                "C06STNWGZ"
            ],
            "groups": [],
            "ims": [],
            "comments_count": 0,
            "reactions": [
                {
                    "name": "doge",
                    "users": [
                        "U0Q6DBY7Q"
                    ],
                    "count": 1
                }
            ]
        },
        "user": "U06TD3AUW",
        "upload": true,
        "display_as_bot": false,
        "username": "jcflinn",
        "bot_id": null,
        "ts": "1472166912.000155"
    },
    {
        "type": "message",
        "user": "U1B6UPLCU",
        "text": "ha is that the one?",
        "ts": "1472166924.000156"
    },
    {
        "type": "message",
        "user": "U06TD3AUW",
        "text": "Yea lol 52\"x40\"x30\"H",
        "ts": "1472166970.000157"
    },
    {
        "type": "message",
        "user": "U1B6UPLCU",
        "text": "I should be able to fit it",
        "ts": "1472167000.000158"
    },
    {
        "type": "message",
        "subtype": "file_share",
        "text": "<@U1B6UPLCU|ethan> uploaded a file: <https:\/\/txstatecs.slack.com\/files\/ethan\/F2557DYTF\/x5reardimspace.jpg|X5reardimspace.jpg>",
        "file": {
            "id": "F2557DYTF",
            "created": 1472167021,
            "timestamp": 1472167021,
            "name": "X5reardimspace.jpg",
            "title": "X5reardimspace.jpg",
            "mimetype": "image\/jpeg",
            "filetype": "jpg",
            "pretty_type": "JPEG",
            "user": "U1B6UPLCU",
            "editable": false,
            "size": 57204,
            "mode": "hosted",
            "is_external": false,
            "external_type": "",
            "is_public": true,
            "public_url_shared": false,
            "display_as_bot": false,
            "username": "",
            "url_private": "https:\/\/files.slack.com\/files-pri\/T06STEZ2L-F2557DYTF\/x5reardimspace.jpg?t=xoxe-6911509088-177219117537-177786475698-c3d3bb179c",
            "url_private_download": "https:\/\/files.slack.com\/files-pri\/T06STEZ2L-F2557DYTF\/download\/x5reardimspace.jpg?t=xoxe-6911509088-177219117537-177786475698-c3d3bb179c",
            "thumb_64": "https:\/\/files.slack.com\/files-tmb\/T06STEZ2L-F2557DYTF-eceb316690\/x5reardimspace_64.jpg?t=xoxe-6911509088-177219117537-177786475698-c3d3bb179c",
            "thumb_80": "https:\/\/files.slack.com\/files-tmb\/T06STEZ2L-F2557DYTF-eceb316690\/x5reardimspace_80.jpg?t=xoxe-6911509088-177219117537-177786475698-c3d3bb179c",
            "thumb_360": "https:\/\/files.slack.com\/files-tmb\/T06STEZ2L-F2557DYTF-eceb316690\/x5reardimspace_360.jpg?t=xoxe-6911509088-177219117537-177786475698-c3d3bb179c",
            "thumb_360_w": 360,
            "thumb_360_h": 247,
            "thumb_480": "https:\/\/files.slack.com\/files-tmb\/T06STEZ2L-F2557DYTF-eceb316690\/x5reardimspace_480.jpg?t=xoxe-6911509088-177219117537-177786475698-c3d3bb179c",
            "thumb_480_w": 480,
            "thumb_480_h": 329,
            "thumb_160": "https:\/\/files.slack.com\/files-tmb\/T06STEZ2L-F2557DYTF-eceb316690\/x5reardimspace_160.jpg?t=xoxe-6911509088-177219117537-177786475698-c3d3bb179c",
            "image_exif_rotation": 1,
            "original_w": 640,
            "original_h": 439,
            "permalink": "https:\/\/txstatecs.slack.com\/files\/ethan\/F2557DYTF\/x5reardimspace.jpg",
            "permalink_public": "https:\/\/slack-files.com\/T06STEZ2L-F2557DYTF-d547d24df0",
            "channels": [
                "C06STNWGZ"
            ],
            "groups": [],
            "ims": [],
            "comments_count": 0
        },
        "user": "U1B6UPLCU",
        "upload": true,
        "display_as_bot": false,
        "username": "ethan",
        "bot_id": null,
        "ts": "1472167023.000159"
    },
    {
        "type": "message",
        "user": "U06TD3AUW",
        "text": "Sweet. It's at the petsmart in North New Braunfels. Is that too far of a drive? ",
        "ts": "1472167176.000160"
    },
    {
        "type": "message",
        "user": "U1B6UPLCU",
        "text": "ooo",
        "ts": "1472167185.000161"
    },
    {
        "type": "message",
        "user": "U1B6UPLCU",
        "text": "there isnt one at the PS here?",
        "ts": "1472167190.000162"
    },
    {
        "type": "message",
        "user": "U06TD3AUW",
        "text": "I can see if I can get my store pick up order transferred. I originally ordered it for pickup for new Braunfels because I was on my way up this morning from SA and it was right off the highway, so I just chose that one. Hold on let me see if I can switch it. ",
        "ts": "1472167260.000163"
    },
    {
        "type": "message",
        "user": "U1B6UPLCU",
        "text": "Alright neat. If not no worries, if you wanna buy me a beer or two at zelicks we can go either location :wink:",
        "ts": "1472167343.000164",
        "reactions": [
            {
                "name": "beers",
                "users": [
                    "U06TD3AUW"
                ],
                "count": 1
            }
        ]
    },
    {
        "type": "message",
        "subtype": "file_share",
        "text": "<@U0L74J1CN|m.fast1995> uploaded a file: <https:\/\/txstatecs.slack.com\/files\/m.fast1995\/F256MV0JW\/fuddhdl.jpg|Name That Song> and commented: Totally stole this from reddit",
        "file": {
            "id": "F256MV0JW",
            "created": 1472178416,
            "timestamp": 1472178416,
            "name": "fuDDhdL.jpg",
            "title": "Name That Song",
            "mimetype": "image\/jpeg",
            "filetype": "jpg",
            "pretty_type": "JPEG",
            "user": "U0L74J1CN",
            "editable": false,
            "size": 60155,
            "mode": "hosted",
            "is_external": false,
            "external_type": "",
            "is_public": true,
            "public_url_shared": false,
            "display_as_bot": false,
            "username": "",
            "url_private": "https:\/\/files.slack.com\/files-pri\/T06STEZ2L-F256MV0JW\/fuddhdl.jpg?t=xoxe-6911509088-177219117537-177786475698-c3d3bb179c",
            "url_private_download": "https:\/\/files.slack.com\/files-pri\/T06STEZ2L-F256MV0JW\/download\/fuddhdl.jpg?t=xoxe-6911509088-177219117537-177786475698-c3d3bb179c",
            "thumb_64": "https:\/\/files.slack.com\/files-tmb\/T06STEZ2L-F256MV0JW-b858d51ac4\/fuddhdl_64.jpg?t=xoxe-6911509088-177219117537-177786475698-c3d3bb179c",
            "thumb_80": "https:\/\/files.slack.com\/files-tmb\/T06STEZ2L-F256MV0JW-b858d51ac4\/fuddhdl_80.jpg?t=xoxe-6911509088-177219117537-177786475698-c3d3bb179c",
            "thumb_360": "https:\/\/files.slack.com\/files-tmb\/T06STEZ2L-F256MV0JW-b858d51ac4\/fuddhdl_360.jpg?t=xoxe-6911509088-177219117537-177786475698-c3d3bb179c",
            "thumb_360_w": 282,
            "thumb_360_h": 360,
            "thumb_480": "https:\/\/files.slack.com\/files-tmb\/T06STEZ2L-F256MV0JW-b858d51ac4\/fuddhdl_480.jpg?t=xoxe-6911509088-177219117537-177786475698-c3d3bb179c",
            "thumb_480_w": 376,
            "thumb_480_h": 480,
            "thumb_160": "https:\/\/files.slack.com\/files-tmb\/T06STEZ2L-F256MV0JW-b858d51ac4\/fuddhdl_160.jpg?t=xoxe-6911509088-177219117537-177786475698-c3d3bb179c",
            "thumb_720": "https:\/\/files.slack.com\/files-tmb\/T06STEZ2L-F256MV0JW-b858d51ac4\/fuddhdl_720.jpg?t=xoxe-6911509088-177219117537-177786475698-c3d3bb179c",
            "thumb_720_w": 563,
            "thumb_720_h": 720,
            "thumb_960": "https:\/\/files.slack.com\/files-tmb\/T06STEZ2L-F256MV0JW-b858d51ac4\/fuddhdl_960.jpg?t=xoxe-6911509088-177219117537-177786475698-c3d3bb179c",
            "thumb_960_w": 751,
            "thumb_960_h": 960,
            "thumb_1024": "https:\/\/files.slack.com\/files-tmb\/T06STEZ2L-F256MV0JW-b858d51ac4\/fuddhdl_1024.jpg?t=xoxe-6911509088-177219117537-177786475698-c3d3bb179c",
            "thumb_1024_w": 801,
            "thumb_1024_h": 1024,
            "image_exif_rotation": 1,
            "original_w": 1080,
            "original_h": 1380,
            "permalink": "https:\/\/txstatecs.slack.com\/files\/m.fast1995\/F256MV0JW\/fuddhdl.jpg",
            "permalink_public": "https:\/\/slack-files.com\/T06STEZ2L-F256MV0JW-a42d73e720",
            "channels": [
                "C06STNWGZ"
            ],
            "groups": [],
            "ims": [],
            "comments_count": 1,
            "initial_comment": {
                "id": "Fc2564QCEL",
                "created": 1472178416,
                "timestamp": 1472178416,
                "user": "U0L74J1CN",
                "is_intro": true,
                "comment": "Totally stole this from reddit",
                "channel": ""
            },
            "reactions": [
                {
                    "name": "party_parrot",
                    "users": [
                        "U06TD3AUW",
                        "U0K96PWET"
                    ],
                    "count": 2
                }
            ]
        },
        "user": "U0L74J1CN",
        "upload": true,
        "display_as_bot": false,
        "username": "m.fast1995",
        "bot_id": null,
        "ts": "1472178419.000165"
    }
]