[
    {
        "type": "message",
        "user": "U0K96PWET",
        "text": "usually about 2 wks before",
        "ts": "1469626718.000002",
        "reactions": [
            {
                "name": "raised_hands",
                "users": [
                    "U06TD3AUW"
                ],
                "count": 1
            }
        ]
    },
    {
        "type": "message",
        "user": "U0K96PWET",
        "text": "Today is the IBM Intern Showcase and Job Fair - Not gonna lie, I look fabulous and I kicked ass at designing our trifold.",
        "ts": "1469626758.000003",
        "reactions": [
            {
                "name": "party_parrot",
                "users": [
                    "U06TD3AUW",
                    "U0K9BSV5X"
                ],
                "count": 2
            }
        ]
    },
    {
        "type": "message",
        "user": "U0K96PWET",
        "text": "\/giphy here goes nothing",
        "attachments": [
            {
                "fallback": "giphy: <http:\/\/giphy.com\/gifs\/wantering-zOX2ribYkK7fO>",
                "image_url": "http:\/\/media2.giphy.com\/media\/zOX2ribYkK7fO\/giphy.gif",
                "image_width": 500,
                "image_height": 500,
                "image_bytes": 1680317,
                "is_animated": true,
                "title": "here goes nothing",
                "id": 1,
                "title_link": "http:\/\/giphy.com\/gifs\/wantering-zOX2ribYkK7fO"
            }
        ],
        "ts": "1469626763.000004",
        "reactions": [
            {
                "name": "wat",
                "users": [
                    "U06TD3AUW"
                ],
                "count": 1
            }
        ]
    },
    {
        "type": "message",
        "user": "U0K96PWET",
        "text": "oh giphy you sly fox, you",
        "ts": "1469626779.000005"
    },
    {
        "type": "message",
        "user": "U06TD3AUW",
        "text": "That would help tremendously lol",
        "ts": "1469629939.000006"
    },
    {
        "type": "message",
        "user": "U0LPKCLLS",
        "text": "Can anyone tell me how to distinguish between true and pseudo instructions in MIPS 32?",
        "ts": "1469660294.000007"
    },
    {
        "type": "message",
        "user": "U0JMJDERY",
        "text": "Pseudo instructions are instructions that use true instructions",
        "ts": "1469661852.000008"
    },
    {
        "type": "message",
        "user": "U0LPKCLLS",
        "text": "Right, but given an instruction, is there a way to tell? Koh gave us a list of all the instructions we can use but for one assignment he said we had to use true instructions, without labeling them. I only know of 2 pseudo, li and la",
        "ts": "1469662167.000009"
    },
    {
        "type": "message",
        "user": "U0JMJDERY",
        "text": "You'd have to find a reference, there's not really a way to tell without one.",
        "ts": "1469662271.000010"
    },
    {
        "type": "message",
        "user": "U0LPKCLLS",
        "text": "Yeah, I've been looking but Google has been surprisingly useless",
        "ts": "1469662333.000011"
    },
    {
        "type": "message",
        "user": "U0L57KVC2",
        "text": "bgeo is psuedo",
        "ts": "1469673831.000012"
    },
    {
        "type": "message",
        "user": "U0L57KVC2",
        "text": "IIRC, blt and bne are real instructions",
        "ts": "1469673860.000013"
    },
    {
        "type": "message",
        "user": "U0JMJDERY",
        "text": "Sub is sudo for add -1",
        "ts": "1469673936.000014"
    },
    {
        "type": "message",
        "user": "U0L57KVC2",
        "text": "and there are others, like nop i think",
        "ts": "1469673975.000015"
    },
    {
        "type": "message",
        "user": "U0L57KVC2",
        "text": "and if there is no opcode or something then it is most likely psuedo",
        "ts": "1469673991.000016"
    }
]