[
    {
        "type": "message",
        "user": "U06TD3AUW",
        "text": "Hope everyone is having a good 4th of July!",
        "ts": "1467672027.000004",
        "reactions": [
            {
                "name": "flag-us",
                "users": [
                    "U0LPKCLLS",
                    "U06TBPWAW"
                ],
                "count": 2
            }
        ]
    },
    {
        "type": "message",
        "user": "U0LPKCLLS",
        "text": "\/giphy Happy 4th",
        "attachments": [
            {
                "fallback": "giphy: <http:\/\/giphy.com\/gifs\/happy-july-4th-of-w2dPbvClzCLbW>",
                "image_url": "http:\/\/media0.giphy.com\/media\/w2dPbvClzCLbW\/giphy.gif",
                "image_width": 517,
                "image_height": 330,
                "image_bytes": 243352,
                "is_animated": true,
                "title": "Happy 4th",
                "id": 1,
                "title_link": "http:\/\/giphy.com\/gifs\/happy-july-4th-of-w2dPbvClzCLbW"
            }
        ],
        "ts": "1467672749.000005",
        "reactions": [
            {
                "name": "flag_america",
                "users": [
                    "U06TD3AUW"
                ],
                "count": 1
            }
        ]
    }
]