[
    {
        "user": "U2609T9L7",
        "text": "<@U2609T9L7|jca117> has joined the channel",
        "type": "message",
        "subtype": "channel_join",
        "ts": "1472480702.000004"
    },
    {
        "type": "message",
        "user": "U1B6UPLCU",
        "text": "<@U06TD3AUW> I believe it is, my sisters have been going daily",
        "ts": "1472485431.000005"
    },
    {
        "type": "message",
        "user": "U1B6UPLCU",
        "text": "welcome back to school everybody",
        "ts": "1472485450.000006",
        "reactions": [
            {
                "name": "party_parrot",
                "users": [
                    "U06TD3AUW",
                    "U06TBPWAW",
                    "U0Q6DBY7Q",
                    "U28TSDERX"
                ],
                "count": 4
            },
            {
                "name": "computer",
                "users": [
                    "U06TD3AUW",
                    "U06TBPWAW"
                ],
                "count": 2
            },
            {
                "name": "memo",
                "users": [
                    "U06TD3AUW",
                    "U06TBPWAW"
                ],
                "count": 2
            },
            {
                "name": "books",
                "users": [
                    "U06TD3AUW",
                    "U06TBPWAW"
                ],
                "count": 2
            },
            {
                "name": "party_parrot_shuffle",
                "users": [
                    "U0K96PWET",
                    "U0MEFKFU7"
                ],
                "count": 2
            }
        ]
    },
    {
        "type": "message",
        "user": "U06TD3AUW",
        "text": "Ayyyyy new Jones! ",
        "ts": "1472502081.000007"
    },
    {
        "type": "message",
        "user": "U0Q6DBY7Q",
        "text": "\/giphy nom",
        "attachments": [
            {
                "fallback": "giphy: <http:\/\/giphy.com\/gifs\/lol-robert-downey-jr-internse-staredown-OxzokgbcLH4NW>",
                "image_url": "http:\/\/media2.giphy.com\/media\/OxzokgbcLH4NW\/giphy.gif",
                "image_width": 400,
                "image_height": 200,
                "image_bytes": 1796487,
                "is_animated": true,
                "title": "nom",
                "id": 1,
                "title_link": "http:\/\/giphy.com\/gifs\/lol-robert-downey-jr-internse-staredown-OxzokgbcLH4NW"
            }
        ],
        "ts": "1472508087.000008"
    },
    {
        "type": "message",
        "user": "U0Q6DBY7Q",
        "text": "Not what I expected",
        "ts": "1472508102.000009"
    },
    {
        "type": "message",
        "user": "U0JLW9BB6",
        "text": "it never is",
        "ts": "1472508617.000010"
    }
]