[
    {
        "type": "message",
        "user": "U06TD3AUW",
        "text": "Thought I'd share this here for those interested that aren't apart of the <#C2BMEHDHC|webdev> channel. Would love some help from you guys! (feel free to add your name\/username to the resource you added, if you feel the need)",
        "attachments": [
            {
                "fallback": "[October 21st, 2016 3:50 AM] jcflinn: Finally got around to making that resource list on GitHub! I've added a few to the original list I created earlier (now with *30+ free resources!*) \nHelp me flesh it out guys! \n\n_(I'm planning on creating a \"advanced javascript\" section to put angular and react resources instead of lumping them with the \"Web Basics\" javascript section. I might make that an issue if someone wants to tackle it before I get around to doing it)_\n\n<https:\/\/github.com\/WikiWikiWasp\/Web-Dev-Resources>",
                "ts": "1477039821.000002",
                "author_subname": "jcflinn",
                "channel_id": "C2BMEHDHC",
                "channel_name": "webdev",
                "is_msg_unfurl": true,
                "text": "Finally got around to making that resource list on GitHub! I've added a few to the original list I created earlier (now with *30+ free resources!*) \nHelp me flesh it out guys! \n\n_(I'm planning on creating a \"advanced javascript\" section to put angular and react resources instead of lumping them with the \"Web Basics\" javascript section. I might make that an issue if someone wants to tackle it before I get around to doing it)_\n\n<https:\/\/github.com\/WikiWikiWasp\/Web-Dev-Resources>",
                "author_name": "Jason Flinn",
                "author_link": "https:\/\/txstatecs.slack.com\/team\/jcflinn",
                "author_icon": "https:\/\/avatars.slack-edge.com\/2016-09-26\/83862856656_44772d905a76a9559cbf_48.jpg",
                "mrkdwn_in": [
                    "text"
                ],
                "color": "D0D0D0",
                "from_url": "https:\/\/txstatecs.slack.com\/archives\/webdev\/p1477039821000002",
                "is_share": true,
                "footer": "Posted in #webdev"
            }
        ],
        "ts": "1477040105.000408"
    },
    {
        "type": "message",
        "user": "U06TD3AUW",
        "text": "Easy Link: <https:\/\/github.com\/WikiWikiWasp\/Web-Dev-Resources>",
        "attachments": [
            {
                "service_name": "GitHub",
                "title": "WikiWikiWasp\/Web-Dev-Resources",
                "title_link": "https:\/\/github.com\/WikiWikiWasp\/Web-Dev-Resources",
                "text": "Web-Dev-Resources - A simple list of resources that might be useful to us (TXST CS students) since the Internet Software Development course is pretty much dead in the water. Help me build out the l...",
                "fallback": "GitHub: WikiWikiWasp\/Web-Dev-Resources",
                "thumb_url": "https:\/\/avatars0.githubusercontent.com\/u\/7218565?v=3&s=400",
                "from_url": "https:\/\/github.com\/WikiWikiWasp\/Web-Dev-Resources",
                "thumb_width": 400,
                "thumb_height": 400,
                "service_icon": "https:\/\/github.com\/apple-touch-icon.png",
                "id": 1
            }
        ],
        "ts": "1477040117.000409",
        "reactions": [
            {
                "name": "+1",
                "users": [
                    "U0JMBJ5M2"
                ],
                "count": 1
            }
        ]
    },
    {
        "type": "message",
        "subtype": "file_share",
        "text": "<@U0JMBJ5M2|pokemonmegaman> uploaded a file: <https:\/\/txstatecs.slack.com\/files\/pokemonmegaman\/F2SQ52W00\/screenshot_2016-10-21-18-46-39.png|Doh>",
        "file": {
            "id": "F2SQ52W00",
            "created": 1477093634,
            "timestamp": 1477093634,
            "name": "Screenshot_2016-10-21-18-46-39.png",
            "title": "Doh",
            "mimetype": "image\/png",
            "filetype": "png",
            "pretty_type": "PNG",
            "user": "U0JMBJ5M2",
            "editable": false,
            "size": 160865,
            "mode": "hosted",
            "is_external": false,
            "external_type": "",
            "is_public": true,
            "public_url_shared": false,
            "display_as_bot": false,
            "username": "",
            "url_private": "https:\/\/files.slack.com\/files-pri\/T06STEZ2L-F2SQ52W00\/screenshot_2016-10-21-18-46-39.png?t=xoxe-6911509088-177219117537-177786475698-c3d3bb179c",
            "url_private_download": "https:\/\/files.slack.com\/files-pri\/T06STEZ2L-F2SQ52W00\/download\/screenshot_2016-10-21-18-46-39.png?t=xoxe-6911509088-177219117537-177786475698-c3d3bb179c",
            "thumb_64": "https:\/\/files.slack.com\/files-tmb\/T06STEZ2L-F2SQ52W00-0416558052\/screenshot_2016-10-21-18-46-39_64.png?t=xoxe-6911509088-177219117537-177786475698-c3d3bb179c",
            "thumb_80": "https:\/\/files.slack.com\/files-tmb\/T06STEZ2L-F2SQ52W00-0416558052\/screenshot_2016-10-21-18-46-39_80.png?t=xoxe-6911509088-177219117537-177786475698-c3d3bb179c",
            "thumb_360": "https:\/\/files.slack.com\/files-tmb\/T06STEZ2L-F2SQ52W00-0416558052\/screenshot_2016-10-21-18-46-39_360.png?t=xoxe-6911509088-177219117537-177786475698-c3d3bb179c",
            "thumb_360_w": 203,
            "thumb_360_h": 360,
            "thumb_480": "https:\/\/files.slack.com\/files-tmb\/T06STEZ2L-F2SQ52W00-0416558052\/screenshot_2016-10-21-18-46-39_480.png?t=xoxe-6911509088-177219117537-177786475698-c3d3bb179c",
            "thumb_480_w": 270,
            "thumb_480_h": 480,
            "thumb_160": "https:\/\/files.slack.com\/files-tmb\/T06STEZ2L-F2SQ52W00-0416558052\/screenshot_2016-10-21-18-46-39_160.png?t=xoxe-6911509088-177219117537-177786475698-c3d3bb179c",
            "thumb_720": "https:\/\/files.slack.com\/files-tmb\/T06STEZ2L-F2SQ52W00-0416558052\/screenshot_2016-10-21-18-46-39_720.png?t=xoxe-6911509088-177219117537-177786475698-c3d3bb179c",
            "thumb_720_w": 405,
            "thumb_720_h": 720,
            "thumb_960": "https:\/\/files.slack.com\/files-tmb\/T06STEZ2L-F2SQ52W00-0416558052\/screenshot_2016-10-21-18-46-39_960.png?t=xoxe-6911509088-177219117537-177786475698-c3d3bb179c",
            "thumb_960_w": 540,
            "thumb_960_h": 960,
            "thumb_1024": "https:\/\/files.slack.com\/files-tmb\/T06STEZ2L-F2SQ52W00-0416558052\/screenshot_2016-10-21-18-46-39_1024.png?t=xoxe-6911509088-177219117537-177786475698-c3d3bb179c",
            "thumb_1024_w": 576,
            "thumb_1024_h": 1024,
            "image_exif_rotation": 1,
            "original_w": 1080,
            "original_h": 1920,
            "permalink": "https:\/\/txstatecs.slack.com\/files\/pokemonmegaman\/F2SQ52W00\/screenshot_2016-10-21-18-46-39.png",
            "permalink_public": "https:\/\/slack-files.com\/T06STEZ2L-F2SQ52W00-719710dd72",
            "channels": [
                "C06STNWGZ"
            ],
            "groups": [],
            "ims": [],
            "comments_count": 0
        },
        "user": "U0JMBJ5M2",
        "upload": true,
        "display_as_bot": false,
        "username": "pokemonmegaman",
        "bot_id": null,
        "ts": "1477093638.000415"
    },
    {
        "type": "message",
        "user": "U0JMBJ5M2",
        "text": "I'd copy the code now if any of you want to use it before I take it down ",
        "ts": "1477093685.000416"
    },
    {
        "type": "message",
        "user": "U06TBPWAW",
        "text": "Lol damn.",
        "ts": "1477093750.000417"
    },
    {
        "type": "message",
        "user": "U0KTJE2EM",
        "text": "wow lol… just cloned it :thumbsup: thanks for the heads up.  Definitely want to check it out now :ninja:",
        "ts": "1477094802.000418"
    },
    {
        "type": "message",
        "user": "U0JMBJ5M2",
        "text": "It's gone",
        "ts": "1477095162.000419"
    },
    {
        "type": "message",
        "user": "U06TBPWAW",
        "text": "Did you just make it private?",
        "ts": "1477098652.000420"
    },
    {
        "type": "message",
        "user": "U06TD3AUW",
        "text": "<http:\/\/www.pcworld.com\/article\/3133847\/internet\/ddos-attack-on-dyn-knocks-spotify-twitter-github-etsy-and-more-offline.html>\n\nSo THAT'S what it was. Work was such a pain today with Github down.",
        "attachments": [
            {
                "service_name": "PCWorld",
                "title": "Major DDoS attack on Dyn DNS knocks Spotify, Twitter, Github, PayPal, and more offline",
                "title_link": "http:\/\/www.pcworld.com\/article\/3133847\/internet\/ddos-attack-on-dyn-knocks-spotify-twitter-github-etsy-and-more-offline.html",
                "text": "A massive DDoS attack against DNS host Dyn has knocked several prominent websites offline, including Spotify, Twitter, Github, Etsy, and more.",
                "fallback": "PCWorld: Major DDoS attack on Dyn DNS knocks Spotify, Twitter, Github, PayPal, and more offline",
                "image_url": "http:\/\/images.techhive.com\/images\/article\/2016\/10\/hacker-fist-100688861-large.jpg",
                "image_width": 374,
                "image_height": 250,
                "from_url": "http:\/\/www.pcworld.com\/article\/3133847\/internet\/ddos-attack-on-dyn-knocks-spotify-twitter-github-etsy-and-more-offline.html",
                "image_bytes": 35737,
                "service_icon": "http:\/\/csmb.staticworld.net\/images\/furniture\/pcworld\/pcw-apple-touch-icon-precomposed.png",
                "id": 1
            }
        ],
        "ts": "1477098862.000421"
    },
    {
        "type": "message",
        "user": "U0KTJE2EM",
        "text": "yeah lol they already made shirts <https:\/\/www.producthunt.com\/tech\/ddos-attack-2016-survivor-shirt>",
        "attachments": [
            {
                "service_name": "Product Hunt",
                "title": "DDoS Attack 2016 Survivor Shirt - Product Hunt",
                "title_link": "https:\/\/www.producthunt.com\/tech\/ddos-attack-2016-survivor-shirt",
                "text": "DDoS Attack 2016 Survivor Shirt - Stand up to the hackers and show you survived without Reddit. (Fashion, Growth Hacking, and Wearables)",
                "fallback": "Product Hunt: DDoS Attack 2016 Survivor Shirt - Product Hunt",
                "image_url": "https:\/\/ph-files.imgix.net\/cfdd0cdf-569c-4945-8005-933772001e75?auto=format&fit=crop&h=240&w=440",
                "from_url": "https:\/\/www.producthunt.com\/tech\/ddos-attack-2016-survivor-shirt",
                "image_width": 440,
                "image_height": 240,
                "image_bytes": 39179,
                "service_icon": "https:\/\/assets.producthunt.com\/assets\/ph-ios-icon-6b34039e42b660005eafdcc9e153a674.png",
                "id": 1
            }
        ],
        "ts": "1477099595.000423"
    },
    {
        "type": "message",
        "user": "U0KTJE2EM",
        "text": "but yeah work was a pain today for me too… Had to race to submit those Pull Requests while the service had a window of uptime",
        "ts": "1477099806.000425"
    },
    {
        "type": "message",
        "user": "U0KTJE2EM",
        "text": "Docker Registry was having issues too causing our CI builds to fail. It was super annoying",
        "ts": "1477099886.000426"
    }
]