[
    {
        "user": "U2CAF2TFG",
        "text": "<@U2CAF2TFG|venomx1241> has left the channel",
        "type": "message",
        "subtype": "channel_leave",
        "ts": "1476971011.000401"
    },
    {
        "type": "message",
        "subtype": "file_share",
        "text": "<@U0L74J1CN|m.fast1995> uploaded a file: <https:\/\/txstatecs.slack.com\/files\/m.fast1995\/F2S9SJQ58\/qcqxhac.jpg|Life>",
        "file": {
            "id": "F2S9SJQ58",
            "created": 1477015773,
            "timestamp": 1477015773,
            "name": "QCQXHac.jpg",
            "title": "Life",
            "mimetype": "image\/gif",
            "filetype": "gif",
            "pretty_type": "GIF",
            "user": "U0L74J1CN",
            "editable": false,
            "size": 380760,
            "mode": "hosted",
            "is_external": false,
            "external_type": "",
            "is_public": true,
            "public_url_shared": false,
            "display_as_bot": false,
            "username": "",
            "url_private": "https:\/\/files.slack.com\/files-pri\/T06STEZ2L-F2S9SJQ58\/qcqxhac.jpg?t=xoxe-6911509088-177219117537-177786475698-c3d3bb179c",
            "url_private_download": "https:\/\/files.slack.com\/files-pri\/T06STEZ2L-F2S9SJQ58\/download\/qcqxhac.jpg?t=xoxe-6911509088-177219117537-177786475698-c3d3bb179c",
            "thumb_64": "https:\/\/files.slack.com\/files-tmb\/T06STEZ2L-F2S9SJQ58-e2eb0f86f4\/qcqxhac_64.png?t=xoxe-6911509088-177219117537-177786475698-c3d3bb179c",
            "thumb_80": "https:\/\/files.slack.com\/files-tmb\/T06STEZ2L-F2S9SJQ58-e2eb0f86f4\/qcqxhac_80.png?t=xoxe-6911509088-177219117537-177786475698-c3d3bb179c",
            "thumb_360": "https:\/\/files.slack.com\/files-tmb\/T06STEZ2L-F2S9SJQ58-e2eb0f86f4\/qcqxhac_360.png?t=xoxe-6911509088-177219117537-177786475698-c3d3bb179c",
            "thumb_360_w": 360,
            "thumb_360_h": 225,
            "thumb_480": "https:\/\/files.slack.com\/files-tmb\/T06STEZ2L-F2S9SJQ58-e2eb0f86f4\/qcqxhac_480.png?t=xoxe-6911509088-177219117537-177786475698-c3d3bb179c",
            "thumb_480_w": 480,
            "thumb_480_h": 300,
            "thumb_160": "https:\/\/files.slack.com\/files-tmb\/T06STEZ2L-F2S9SJQ58-e2eb0f86f4\/qcqxhac_160.png?t=xoxe-6911509088-177219117537-177786475698-c3d3bb179c",
            "thumb_360_gif": "https:\/\/files.slack.com\/files-tmb\/T06STEZ2L-F2S9SJQ58-e2eb0f86f4\/qcqxhac_360.gif?t=xoxe-6911509088-177219117537-177786475698-c3d3bb179c",
            "thumb_480_gif": "https:\/\/files.slack.com\/files-tmb\/T06STEZ2L-F2S9SJQ58-e2eb0f86f4\/qcqxhac_480.gif?t=xoxe-6911509088-177219117537-177786475698-c3d3bb179c",
            "image_exif_rotation": 1,
            "original_w": 640,
            "original_h": 400,
            "deanimate_gif": "https:\/\/files.slack.com\/files-tmb\/T06STEZ2L-F2S9SJQ58-e2eb0f86f4\/qcqxhac_deanimate_gif.png?t=xoxe-6911509088-177219117537-177786475698-c3d3bb179c",
            "permalink": "https:\/\/txstatecs.slack.com\/files\/m.fast1995\/F2S9SJQ58\/qcqxhac.jpg",
            "permalink_public": "https:\/\/slack-files.com\/T06STEZ2L-F2S9SJQ58-52af023d23",
            "channels": [
                "C06STNWGZ"
            ],
            "groups": [],
            "ims": [],
            "comments_count": 0,
            "reactions": [
                {
                    "name": "joy",
                    "users": [
                        "U0K96PWET",
                        "U2E11AL3U",
                        "U2MLWGM52",
                        "U0KR8R2P9",
                        "U06TD3AUW",
                        "U0Q6DBY7Q"
                    ],
                    "count": 6
                },
                {
                    "name": "+1",
                    "users": [
                        "U2A8CDHGA"
                    ],
                    "count": 1
                },
                {
                    "name": "notsureifgusta",
                    "users": [
                        "U06TD3AUW",
                        "U0JPHMXGQ"
                    ],
                    "count": 2
                }
            ]
        },
        "user": "U0L74J1CN",
        "upload": true,
        "display_as_bot": false,
        "username": "m.fast1995",
        "bot_id": null,
        "ts": "1477015781.000402"
    }
]