[
    {
        "type": "message",
        "user": "U1B6UPLCU",
        "text": "Glad to hear <@U0K97DSGZ> ! I lucked out with mine a few years back... Logitech had a $15 off anything regularly priced @ $39.99 or above, and the Office Depot in Seguin had these for $10 off instant, still regularly 39.99.... so I bought 12 of em, for $5 a piece. Felt like I committed highway robbery... sold off half @ $20 for some decent pocket money, and have handed out the rest to family. Still have 2 haha.",
        "ts": "1471810485.000140"
    },
    {
        "type": "message",
        "user": "U1B6UPLCU",
        "text": "The reception is insane on the transceivers. I can use mine on the opposite side of my place and the batterys last forever...",
        "ts": "1471810515.000141"
    },
    {
        "type": "message",
        "subtype": "file_share",
        "text": "<@U1B6UPLCU|ethan> uploaded a file: <https:\/\/txstatecs.slack.com\/files\/ethan\/F23DU14E5\/14067913_1188065841253050_3143873195323345397_o.jpg|14067913 1188065841253050 3143873195323345397 o> and commented: In latest news for this bobcat: got my suspension sorted this weekend and have borderline comical screen realestate..",
        "file": {
            "id": "F23DU14E5",
            "created": 1471810581,
            "timestamp": 1471810581,
            "name": "14067913_1188065841253050_3143873195323345397_o.jpg",
            "title": "14067913 1188065841253050 3143873195323345397 o",
            "mimetype": "image\/jpeg",
            "filetype": "jpg",
            "pretty_type": "JPEG",
            "user": "U1B6UPLCU",
            "editable": false,
            "size": 344707,
            "mode": "hosted",
            "is_external": false,
            "external_type": "",
            "is_public": true,
            "public_url_shared": false,
            "display_as_bot": false,
            "username": "",
            "url_private": "https:\/\/files.slack.com\/files-pri\/T06STEZ2L-F23DU14E5\/14067913_1188065841253050_3143873195323345397_o.jpg?t=xoxe-6911509088-177219117537-177786475698-c3d3bb179c",
            "url_private_download": "https:\/\/files.slack.com\/files-pri\/T06STEZ2L-F23DU14E5\/download\/14067913_1188065841253050_3143873195323345397_o.jpg?t=xoxe-6911509088-177219117537-177786475698-c3d3bb179c",
            "thumb_64": "https:\/\/files.slack.com\/files-tmb\/T06STEZ2L-F23DU14E5-7c677623a5\/14067913_1188065841253050_3143873195323345397_o_64.jpg?t=xoxe-6911509088-177219117537-177786475698-c3d3bb179c",
            "thumb_80": "https:\/\/files.slack.com\/files-tmb\/T06STEZ2L-F23DU14E5-7c677623a5\/14067913_1188065841253050_3143873195323345397_o_80.jpg?t=xoxe-6911509088-177219117537-177786475698-c3d3bb179c",
            "thumb_360": "https:\/\/files.slack.com\/files-tmb\/T06STEZ2L-F23DU14E5-7c677623a5\/14067913_1188065841253050_3143873195323345397_o_360.jpg?t=xoxe-6911509088-177219117537-177786475698-c3d3bb179c",
            "thumb_360_w": 360,
            "thumb_360_h": 269,
            "thumb_480": "https:\/\/files.slack.com\/files-tmb\/T06STEZ2L-F23DU14E5-7c677623a5\/14067913_1188065841253050_3143873195323345397_o_480.jpg?t=xoxe-6911509088-177219117537-177786475698-c3d3bb179c",
            "thumb_480_w": 480,
            "thumb_480_h": 359,
            "thumb_160": "https:\/\/files.slack.com\/files-tmb\/T06STEZ2L-F23DU14E5-7c677623a5\/14067913_1188065841253050_3143873195323345397_o_160.jpg?t=xoxe-6911509088-177219117537-177786475698-c3d3bb179c",
            "thumb_720": "https:\/\/files.slack.com\/files-tmb\/T06STEZ2L-F23DU14E5-7c677623a5\/14067913_1188065841253050_3143873195323345397_o_720.jpg?t=xoxe-6911509088-177219117537-177786475698-c3d3bb179c",
            "thumb_720_w": 720,
            "thumb_720_h": 538,
            "thumb_960": "https:\/\/files.slack.com\/files-tmb\/T06STEZ2L-F23DU14E5-7c677623a5\/14067913_1188065841253050_3143873195323345397_o_960.jpg?t=xoxe-6911509088-177219117537-177786475698-c3d3bb179c",
            "thumb_960_w": 960,
            "thumb_960_h": 718,
            "thumb_1024": "https:\/\/files.slack.com\/files-tmb\/T06STEZ2L-F23DU14E5-7c677623a5\/14067913_1188065841253050_3143873195323345397_o_1024.jpg?t=xoxe-6911509088-177219117537-177786475698-c3d3bb179c",
            "thumb_1024_w": 1024,
            "thumb_1024_h": 766,
            "image_exif_rotation": 1,
            "original_w": 2048,
            "original_h": 1531,
            "permalink": "https:\/\/txstatecs.slack.com\/files\/ethan\/F23DU14E5\/14067913_1188065841253050_3143873195323345397_o.jpg",
            "permalink_public": "https:\/\/slack-files.com\/T06STEZ2L-F23DU14E5-7c53aa50f8",
            "channels": [
                "C06STNWGZ"
            ],
            "groups": [],
            "ims": [],
            "comments_count": 1,
            "initial_comment": {
                "id": "Fc23E03S2W",
                "created": 1471810581,
                "timestamp": 1471810581,
                "user": "U1B6UPLCU",
                "is_intro": true,
                "comment": "In latest news for this bobcat: got my suspension sorted this weekend and have borderline comical screen realestate..",
                "channel": ""
            }
        },
        "user": "U1B6UPLCU",
        "upload": true,
        "display_as_bot": false,
        "username": "ethan",
        "bot_id": null,
        "ts": "1471810586.000142"
    },
    {
        "type": "message",
        "subtype": "file_share",
        "text": "<@U1B6UPLCU|ethan> uploaded a file: <https:\/\/txstatecs.slack.com\/files\/ethan\/F23DGTM2L\/comical4k.png|comical>",
        "file": {
            "id": "F23DGTM2L",
            "created": 1471810592,
            "timestamp": 1471810592,
            "name": "comical4k.png",
            "title": "comical",
            "mimetype": "image\/png",
            "filetype": "png",
            "pretty_type": "PNG",
            "user": "U1B6UPLCU",
            "editable": false,
            "size": 75960,
            "mode": "hosted",
            "is_external": false,
            "external_type": "",
            "is_public": true,
            "public_url_shared": false,
            "display_as_bot": false,
            "username": "",
            "url_private": "https:\/\/files.slack.com\/files-pri\/T06STEZ2L-F23DGTM2L\/comical4k.png?t=xoxe-6911509088-177219117537-177786475698-c3d3bb179c",
            "url_private_download": "https:\/\/files.slack.com\/files-pri\/T06STEZ2L-F23DGTM2L\/download\/comical4k.png?t=xoxe-6911509088-177219117537-177786475698-c3d3bb179c",
            "thumb_64": "https:\/\/files.slack.com\/files-tmb\/T06STEZ2L-F23DGTM2L-0c573097f6\/comical4k_64.png?t=xoxe-6911509088-177219117537-177786475698-c3d3bb179c",
            "thumb_80": "https:\/\/files.slack.com\/files-tmb\/T06STEZ2L-F23DGTM2L-0c573097f6\/comical4k_80.png?t=xoxe-6911509088-177219117537-177786475698-c3d3bb179c",
            "thumb_360": "https:\/\/files.slack.com\/files-tmb\/T06STEZ2L-F23DGTM2L-0c573097f6\/comical4k_360.png?t=xoxe-6911509088-177219117537-177786475698-c3d3bb179c",
            "thumb_360_w": 360,
            "thumb_360_h": 250,
            "thumb_480": "https:\/\/files.slack.com\/files-tmb\/T06STEZ2L-F23DGTM2L-0c573097f6\/comical4k_480.png?t=xoxe-6911509088-177219117537-177786475698-c3d3bb179c",
            "thumb_480_w": 480,
            "thumb_480_h": 333,
            "thumb_160": "https:\/\/files.slack.com\/files-tmb\/T06STEZ2L-F23DGTM2L-0c573097f6\/comical4k_160.png?t=xoxe-6911509088-177219117537-177786475698-c3d3bb179c",
            "thumb_720": "https:\/\/files.slack.com\/files-tmb\/T06STEZ2L-F23DGTM2L-0c573097f6\/comical4k_720.png?t=xoxe-6911509088-177219117537-177786475698-c3d3bb179c",
            "thumb_720_w": 720,
            "thumb_720_h": 500,
            "image_exif_rotation": 1,
            "original_w": 802,
            "original_h": 557,
            "permalink": "https:\/\/txstatecs.slack.com\/files\/ethan\/F23DGTM2L\/comical4k.png",
            "permalink_public": "https:\/\/slack-files.com\/T06STEZ2L-F23DGTM2L-c1da4f088f",
            "channels": [
                "C06STNWGZ"
            ],
            "groups": [],
            "ims": [],
            "comments_count": 0
        },
        "user": "U1B6UPLCU",
        "upload": true,
        "display_as_bot": false,
        "username": "ethan",
        "bot_id": null,
        "ts": "1471810594.000143"
    },
    {
        "type": "message",
        "user": "U1B6UPLCU",
        "text": "Monitors 2 &amp; 3 are 1080p :laughing:",
        "ts": "1471810604.000144"
    }
]