[
    {
        "user": "U1P0V3T7D",
        "type": "message",
        "subtype": "channel_join",
        "text": "<@U1P0V3T7D|kaylasayth> has joined the channel",
        "ts": "1467753725.000002"
    },
    {
        "type": "message",
        "user": "U0K96PWET",
        "text": "<@U1P0V3T7D>: where have you been all my life?!",
        "ts": "1467753758.000003"
    },
    {
        "type": "message",
        "user": "U0K96PWET",
        "text": "\/giphy never gonna let you go",
        "attachments": [
            {
                "fallback": "giphy: <http:\/\/giphy.com\/gifs\/never-let-go-YFZ5CDuoMq5vW>",
                "image_url": "https:\/\/media4.giphy.com\/media\/YFZ5CDuoMq5vW\/giphy.gif",
                "image_width": 300,
                "image_height": 270,
                "image_bytes": 264899,
                "is_animated": true,
                "title": "never gonna let you go",
                "id": 1,
                "title_link": "http:\/\/giphy.com\/gifs\/never-let-go-YFZ5CDuoMq5vW"
            }
        ],
        "ts": "1467753773.000004"
    },
    {
        "type": "message",
        "user": "U06TBPWAW",
        "text": "Thats not who you think it is <@U0K96PWET>",
        "ts": "1467754562.000005"
    },
    {
        "type": "message",
        "user": "U0K96PWET",
        "text": "Well then I just make a new friend",
        "ts": "1467754577.000006"
    },
    {
        "type": "message",
        "user": "U0K96PWET",
        "text": "#networking",
        "ts": "1467754595.000007",
        "reactions": [
            {
                "name": "two_women_holding_hands",
                "users": [
                    "U06TD3AUW"
                ],
                "count": 1
            }
        ]
    },
    {
        "type": "message",
        "user": "U06TBPWAW",
        "text": "I wouldnt start off with “Where have you been all my life\"",
        "ts": "1467754604.000008"
    },
    {
        "type": "message",
        "user": "U06TBPWAW",
        "text": "“Never gonna let you go\"",
        "ts": "1467754613.000009"
    },
    {
        "type": "message",
        "user": "U0K96PWET",
        "text": "Well it's a valid question",
        "ts": "1467754615.000010"
    },
    {
        "type": "message",
        "user": "U06TD3AUW",
        "text": ":musical_note: Never gonna give you up! :musical_note:",
        "ts": "1467754696.000011"
    },
    {
        "user": "U1P30K8TF",
        "type": "message",
        "subtype": "channel_join",
        "text": "<@U1P30K8TF|zsg5> has joined the channel",
        "ts": "1467758479.000012"
    }
]