[
    {
        "type": "message",
        "user": "U06TD3AUW",
        "text": "Hey <@U06STR2NR> and <@U0L7GN8HM> , did either of you happen to see my keys by the blackboard on the side of the room where I was sitting for the test yesterday? I believe I left them their and have been stranded on campus since....",
        "ts": "1475153200.000186"
    },
    {
        "type": "message",
        "user": "U0L7GN8HM",
        "text": "Sorry, I haven't seen them",
        "ts": "1475153922.000187",
        "reactions": [
            {
                "name": "sad_parrot",
                "users": [
                    "U06TD3AUW"
                ],
                "count": 1
            }
        ]
    },
    {
        "type": "message",
        "user": "U06STR2NR",
        "text": "Neither have I :( ",
        "ts": "1475154182.000188"
    },
    {
        "type": "message",
        "user": "U06STR2NR",
        "text": "I will look out for them",
        "ts": "1475154231.000189"
    },
    {
        "type": "message",
        "user": "U06TD3AUW",
        "text": "Thanks man, I would appreciate that",
        "ts": "1475154717.000190"
    },
    {
        "type": "message",
        "user": "U0Q6DBY7Q",
        "text": "<@U06TD3AUW>: Do you still have your pizza box?",
        "ts": "1475154841.000191"
    },
    {
        "type": "message",
        "user": "U06TD3AUW",
        "text": "nope",
        "ts": "1475154847.000192"
    },
    {
        "type": "message",
        "user": "U06TD3AUW",
        "text": "I lost it in my adventure last night",
        "ts": "1475154852.000193"
    },
    {
        "type": "message",
        "user": "U06TD3AUW",
        "text": "(this morning\/whatever)",
        "ts": "1475154865.000194"
    },
    {
        "type": "message",
        "user": "U06TD3AUW",
        "text": "<@U0Q6DBY7Q> remind me to show you my snapchat story lol",
        "ts": "1475154939.000195"
    },
    {
        "type": "message",
        "user": "U0Q6DBY7Q",
        "text": "Yesss I need to see this lol",
        "ts": "1475154972.000196"
    },
    {
        "type": "message",
        "user": "U06TD3AUW",
        "text": "its amazing",
        "ts": "1475155008.000197"
    },
    {
        "type": "message",
        "user": "U0Q6DBY7Q",
        "text": "Better than the tacos one?",
        "ts": "1475155028.000198"
    },
    {
        "type": "message",
        "user": "U06TD3AUW",
        "text": "yes",
        "ts": "1475155055.000199"
    },
    {
        "type": "message",
        "user": "U06TD3AUW",
        "text": "way better",
        "ts": "1475155060.000200"
    },
    {
        "type": "message",
        "user": "U06TD3AUW",
        "text": "It's 55 snaps",
        "ts": "1475155063.000201"
    },
    {
        "type": "message",
        "user": "U0Q6DBY7Q",
        "text": "All about last night? Hahaha I'm looking forward to this. ",
        "ts": "1475155167.000202"
    },
    {
        "type": "message",
        "user": "U0Q6DBY7Q",
        "text": "I want to see what I missed out on. Apparently the fun stuff starts after 3 am. ",
        "ts": "1475155250.000203"
    },
    {
        "type": "message",
        "user": "U06TD3AUW",
        "text": "Yea lol derrick was closed so I sat like a bum on the quad for a while",
        "ts": "1475155282.000204"
    },
    {
        "type": "message",
        "user": "U06TD3AUW",
        "text": "then got bored after like 15 min",
        "ts": "1475155288.000205"
    },
    {
        "type": "message",
        "user": "U06TD3AUW",
        "text": "so I went on an _adventure_",
        "edited": {
            "user": "U06TD3AUW",
            "ts": "1475155312.000000"
        },
        "ts": "1475155301.000206"
    },
    {
        "type": "message",
        "user": "U0Q6DBY7Q",
        "text": "Oh wow! ",
        "ts": "1475155334.000209"
    },
    {
        "type": "message",
        "user": "U06TD3AUW",
        "text": "My adventure ended once the library opened at 7 haha",
        "ts": "1475155378.000210"
    },
    {
        "type": "message",
        "user": "U0L74J1CN",
        "text": "That was the greatest thing I have ever seen\n#6seasonsandamoviejasonedition",
        "ts": "1475156085.000211",
        "reactions": [
            {
                "name": "+1",
                "users": [
                    "U0Q6DBY7Q",
                    "U06TD3AUW",
                    "U0LPKCLLS"
                ],
                "count": 3
            },
            {
                "name": "movie_camera",
                "users": [
                    "U0Q6DBY7Q",
                    "U06TD3AUW",
                    "U0LPKCLLS"
                ],
                "count": 3
            },
            {
                "name": "gandalf",
                "users": [
                    "U06TD3AUW"
                ],
                "count": 1
            }
        ]
    },
    {
        "type": "message",
        "user": "U06TD3AUW",
        "text": "lmao that was honestly so fun I am itching to do more haha",
        "ts": "1475156176.000212"
    },
    {
        "type": "message",
        "user": "U0LPKCLLS",
        "text": "Haha that was the most epic snap story I've ever seen",
        "ts": "1475157767.000213",
        "reactions": [
            {
                "name": "metal",
                "users": [
                    "U06TD3AUW"
                ],
                "count": 1
            }
        ]
    },
    {
        "type": "message",
        "user": "U0L7GN8HM",
        "text": "I want to see it now :(",
        "ts": "1475157784.000214"
    },
    {
        "type": "message",
        "subtype": "file_share",
        "text": "<@U06TD3AUW|jcflinn> uploaded a file: <https:\/\/txstatecs.slack.com\/files\/jcflinn\/F2HFPM8SF\/screenshot_2016-09-29-08-40-37.png|Slack for Android Upload>",
        "file": {
            "id": "F2HFPM8SF",
            "created": 1475157820,
            "timestamp": 1475157820,
            "name": "Screenshot_2016-09-29-08-40-37.png",
            "title": "Slack for Android Upload",
            "mimetype": "image\/png",
            "filetype": "png",
            "pretty_type": "PNG",
            "user": "U06TD3AUW",
            "editable": false,
            "size": 1443630,
            "mode": "hosted",
            "is_external": false,
            "external_type": "",
            "is_public": true,
            "public_url_shared": false,
            "display_as_bot": false,
            "username": "",
            "url_private": "https:\/\/files.slack.com\/files-pri\/T06STEZ2L-F2HFPM8SF\/screenshot_2016-09-29-08-40-37.png?t=xoxe-6911509088-177219117537-177786475698-c3d3bb179c",
            "url_private_download": "https:\/\/files.slack.com\/files-pri\/T06STEZ2L-F2HFPM8SF\/download\/screenshot_2016-09-29-08-40-37.png?t=xoxe-6911509088-177219117537-177786475698-c3d3bb179c",
            "thumb_64": "https:\/\/files.slack.com\/files-tmb\/T06STEZ2L-F2HFPM8SF-6ffb573e66\/screenshot_2016-09-29-08-40-37_64.png?t=xoxe-6911509088-177219117537-177786475698-c3d3bb179c",
            "thumb_80": "https:\/\/files.slack.com\/files-tmb\/T06STEZ2L-F2HFPM8SF-6ffb573e66\/screenshot_2016-09-29-08-40-37_80.png?t=xoxe-6911509088-177219117537-177786475698-c3d3bb179c",
            "thumb_360": "https:\/\/files.slack.com\/files-tmb\/T06STEZ2L-F2HFPM8SF-6ffb573e66\/screenshot_2016-09-29-08-40-37_360.png?t=xoxe-6911509088-177219117537-177786475698-c3d3bb179c",
            "thumb_360_w": 203,
            "thumb_360_h": 360,
            "thumb_480": "https:\/\/files.slack.com\/files-tmb\/T06STEZ2L-F2HFPM8SF-6ffb573e66\/screenshot_2016-09-29-08-40-37_480.png?t=xoxe-6911509088-177219117537-177786475698-c3d3bb179c",
            "thumb_480_w": 270,
            "thumb_480_h": 480,
            "thumb_160": "https:\/\/files.slack.com\/files-tmb\/T06STEZ2L-F2HFPM8SF-6ffb573e66\/screenshot_2016-09-29-08-40-37_160.png?t=xoxe-6911509088-177219117537-177786475698-c3d3bb179c",
            "thumb_720": "https:\/\/files.slack.com\/files-tmb\/T06STEZ2L-F2HFPM8SF-6ffb573e66\/screenshot_2016-09-29-08-40-37_720.png?t=xoxe-6911509088-177219117537-177786475698-c3d3bb179c",
            "thumb_720_w": 405,
            "thumb_720_h": 720,
            "thumb_960": "https:\/\/files.slack.com\/files-tmb\/T06STEZ2L-F2HFPM8SF-6ffb573e66\/screenshot_2016-09-29-08-40-37_960.png?t=xoxe-6911509088-177219117537-177786475698-c3d3bb179c",
            "thumb_960_w": 540,
            "thumb_960_h": 960,
            "thumb_1024": "https:\/\/files.slack.com\/files-tmb\/T06STEZ2L-F2HFPM8SF-6ffb573e66\/screenshot_2016-09-29-08-40-37_1024.png?t=xoxe-6911509088-177219117537-177786475698-c3d3bb179c",
            "thumb_1024_w": 576,
            "thumb_1024_h": 1024,
            "image_exif_rotation": 1,
            "original_w": 1440,
            "original_h": 2560,
            "permalink": "https:\/\/txstatecs.slack.com\/files\/jcflinn\/F2HFPM8SF\/screenshot_2016-09-29-08-40-37.png",
            "permalink_public": "https:\/\/slack-files.com\/T06STEZ2L-F2HFPM8SF-a67f28a9f3",
            "channels": [
                "C06STNWGZ"
            ],
            "groups": [],
            "ims": [],
            "comments_count": 0
        },
        "user": "U06TD3AUW",
        "upload": true,
        "display_as_bot": false,
        "username": "jcflinn",
        "bot_id": null,
        "ts": "1475157827.000215"
    },
    {
        "type": "message",
        "user": "U06TD3AUW",
        "text": "<@U0K9BSV5X> I need your shirt",
        "ts": "1475185251.000216",
        "reactions": [
            {
                "name": "taco",
                "users": [
                    "U0Q6DBY7Q"
                ],
                "count": 1
            }
        ]
    }
]