[
    {
        "type": "message",
        "user": "U0KN45G2W",
        "text": "<http:\/\/musicforprogramming.net\/>",
        "attachments": [
            {
                "title": "musicForProgramming(\"44: hukka\");",
                "title_link": "http:\/\/musicforprogramming.net\/",
                "text": "A collaborative series of mixes designed for listening while programming (compatible with other activities)",
                "fallback": "musicForProgramming(\"44: hukka\");",
                "from_url": "http:\/\/musicforprogramming.net\/",
                "service_icon": "http:\/\/musicforprogramming.net\/apple-touch-icon-57x57.png",
                "service_name": "musicforprogramming.net",
                "id": 1
            }
        ],
        "ts": "1480436427.000726",
        "reactions": [
            {
                "name": "+1",
                "users": [
                    "U06TD3AUW",
                    "U06STR2NR"
                ],
                "count": 2
            }
        ]
    },
    {
        "type": "message",
        "user": "U0KN45G2W",
        "text": "surprisingly good background music",
        "ts": "1480436454.000728"
    },
    {
        "type": "message",
        "user": "U0K96PWET",
        "text": "I swear by music for coding",
        "ts": "1480438289.000729",
        "reactions": [
            {
                "name": "gandalf",
                "users": [
                    "U06TD3AUW"
                ],
                "count": 1
            }
        ]
    },
    {
        "type": "message",
        "user": "U06TD3AUW",
        "text": "It's honestly hard for me to delve into a coding session without music. I just get too distracted by other things or other thoughts.",
        "ts": "1480439762.000730"
    },
    {
        "type": "message",
        "user": "U06TD3AUW",
        "text": "For those looking for more, I'd also recommend: \n- <http:\/\/somafm.com\/listen> (I prefer the Space Station Soma or Deep Space One), \n- <http:\/\/asoftmurmur.com> (customize your ambient sounds to your exact liking)\n- Or if you want something more melodic, I highly recommend *Tycho* (My go-to coding\/chill out music)",
        "attachments": [
            {
                "title": "A Soft Murmur",
                "title_link": "http:\/\/asoftmurmur.com",
                "text": "Mix ambient sounds together to wash away distraction and help you focus or relax",
                "fallback": "A Soft Murmur",
                "thumb_url": "http:\/\/asoftmurmur.com\/img\/meta.jpg",
                "from_url": "http:\/\/asoftmurmur.com",
                "thumb_width": 919,
                "thumb_height": 912,
                "service_icon": "http:\/\/asoftmurmur.com\/favicon.png",
                "service_name": "asoftmurmur.com",
                "id": 1
            }
        ],
        "edited": {
            "user": "U06TD3AUW",
            "ts": "1480440298.000000"
        },
        "ts": "1480440271.000731"
    },
    {
        "type": "message",
        "subtype": "file_share",
        "text": "<@U06STR2NR|kevin> uploaded a file: <https:\/\/txstatecs.slack.com\/files\/kevin\/F398C2FL6\/powerglove.png|when you try a new compound command in Vim and it does exactly what you were trying to do.png>",
        "file": {
            "id": "F398C2FL6",
            "created": 1480473837,
            "timestamp": 1480473837,
            "name": "powerglove.png",
            "title": "when you try a new compound command in Vim and it does exactly what you were trying to do.png",
            "mimetype": "image\/png",
            "filetype": "png",
            "pretty_type": "PNG",
            "user": "U06STR2NR",
            "editable": false,
            "size": 116752,
            "mode": "hosted",
            "is_external": false,
            "external_type": "",
            "is_public": true,
            "public_url_shared": false,
            "display_as_bot": false,
            "username": "",
            "url_private": "https:\/\/files.slack.com\/files-pri\/T06STEZ2L-F398C2FL6\/powerglove.png?t=xoxe-6911509088-177219117537-177786475698-c3d3bb179c",
            "url_private_download": "https:\/\/files.slack.com\/files-pri\/T06STEZ2L-F398C2FL6\/download\/powerglove.png?t=xoxe-6911509088-177219117537-177786475698-c3d3bb179c",
            "thumb_64": "https:\/\/files.slack.com\/files-tmb\/T06STEZ2L-F398C2FL6-ae51870ffe\/powerglove_64.png?t=xoxe-6911509088-177219117537-177786475698-c3d3bb179c",
            "thumb_80": "https:\/\/files.slack.com\/files-tmb\/T06STEZ2L-F398C2FL6-ae51870ffe\/powerglove_80.png?t=xoxe-6911509088-177219117537-177786475698-c3d3bb179c",
            "thumb_360": "https:\/\/files.slack.com\/files-tmb\/T06STEZ2L-F398C2FL6-ae51870ffe\/powerglove_360.png?t=xoxe-6911509088-177219117537-177786475698-c3d3bb179c",
            "thumb_360_w": 256,
            "thumb_360_h": 256,
            "thumb_160": "https:\/\/files.slack.com\/files-tmb\/T06STEZ2L-F398C2FL6-ae51870ffe\/powerglove_160.png?t=xoxe-6911509088-177219117537-177786475698-c3d3bb179c",
            "image_exif_rotation": 1,
            "original_w": 256,
            "original_h": 256,
            "permalink": "https:\/\/txstatecs.slack.com\/files\/kevin\/F398C2FL6\/powerglove.png",
            "permalink_public": "https:\/\/slack-files.com\/T06STEZ2L-F398C2FL6-0db988fadf",
            "channels": [
                "C06STNWGZ"
            ],
            "groups": [],
            "ims": [],
            "comments_count": 0,
            "reactions": [
                {
                    "name": "raised_hands",
                    "users": [
                        "U06TD3AUW",
                        "U1B6UPLCU",
                        "U0K9BSV5X"
                    ],
                    "count": 3
                },
                {
                    "name": "laughing",
                    "users": [
                        "U2BQ62Z6G"
                    ],
                    "count": 1
                }
            ]
        },
        "user": "U06STR2NR",
        "upload": true,
        "display_as_bot": false,
        "username": "kevin",
        "bot_id": null,
        "ts": "1480473839.000734"
    },
    {
        "type": "message",
        "user": "U1B6UPLCU",
        "text": "kmoney where you <@U0KR8R2P9>",
        "ts": "1480473887.000737"
    },
    {
        "type": "message",
        "user": "U1B6UPLCU",
        "text": "didnt mean to tag you <@U0KR8R2P9>",
        "ts": "1480473902.000738"
    },
    {
        "type": "message",
        "user": "U06TD3AUW",
        "text": "lol",
        "ts": "1480473904.000739"
    },
    {
        "type": "message",
        "user": "U06STR2NR",
        "text": "I'm on the first floor of the library",
        "ts": "1480481806.000742"
    },
    {
        "type": "message",
        "user": "U06STR2NR",
        "text": "I took a taco break and then my kitten needed me",
        "ts": "1480481826.000743",
        "reactions": [
            {
                "name": "taco",
                "users": [
                    "U0Q6DBY7Q",
                    "U06TD3AUW"
                ],
                "count": 2
            },
            {
                "name": "officecat",
                "users": [
                    "U0Q6DBY7Q",
                    "U06TD3AUW"
                ],
                "count": 2
            }
        ]
    }
]