[
    {
        "type": "message",
        "user": "U0L7K1PB4",
        "text": "<@U0MEFKFU7> My team was trying to use Mesos at my internship to do Docker container orchestration over network nodes, but I didn't actually touch it. Our devs were having issues with it and seemed to think Docker Swarm or even Kubernetes would have been better",
        "edited": {
            "user": "U0L7K1PB4",
            "ts": "1473857716.000000"
        },
        "ts": "1473857669.000129"
    },
    {
        "user": "U2BQ62Z6G",
        "text": "<@U2BQ62Z6G|markmcdermott> has joined the channel",
        "type": "message",
        "subtype": "channel_join",
        "ts": "1473889125.000131",
        "reactions": [
            {
                "name": "raised_hands",
                "users": [
                    "U06TD3AUW"
                ],
                "count": 1
            }
        ]
    },
    {
        "user": "U2BRM9Q4R",
        "text": "<@U2BRM9Q4R|ericr> has joined the channel",
        "type": "message",
        "subtype": "channel_join",
        "ts": "1473896202.000132"
    },
    {
        "user": "U2BT1CB9D",
        "text": "<@U2BT1CB9D|benn> has joined the channel",
        "type": "message",
        "subtype": "channel_join",
        "ts": "1473910732.000133"
    }
]