[
    {
        "text": "",
        "username": "Subcurrent",
        "icons": {
            "image_48": "https:\/\/s3-us-west-2.amazonaws.com\/slack-files2\/bot_icons\/2016-02-02\/20118253888_48.png"
        },
        "attachments": [
            {
                "fallback": "Test",
                "text": "\n",
                "pretext": "A fellow team member has posted an anonymous poll using `\/poll`: Vote below or <https:\/\/www.getsubcurrent.com\/slackvote\/cGHJA9BoPpbtdwbBc|view results in your browser>. After your initial vote, you can select additional answers if desired.",
                "title": "Test",
                "id": 1,
                "color": "008cba",
                "fields": [
                    {
                        "title": "",
                        "value": "<https:\/\/www.getsubcurrent.com\/slackvote\/cGHJA9BoPpbtdwbBc\/?qId=jKytpL2KcpMmT3gnR&amp;vote=0|A>",
                        "short": false
                    },
                    {
                        "title": "",
                        "value": "<https:\/\/www.getsubcurrent.com\/slackvote\/cGHJA9BoPpbtdwbBc\/?qId=jKytpL2KcpMmT3gnR&amp;vote=1|B>",
                        "short": false
                    }
                ],
                "mrkdwn_in": [
                    "pretext"
                ]
            }
        ],
        "type": "message",
        "subtype": "bot_message",
        "ts": "1454487729.000006"
    },
    {
        "type": "message",
        "user": "U0JLX7LKY",
        "text": "This is cool",
        "ts": "1454487737.000007"
    },
    {
        "user": "U0L74J1CN",
        "type": "message",
        "subtype": "channel_join",
        "text": "<@U0L74J1CN|m.fast1995> has joined the channel",
        "ts": "1454524123.000008"
    },
    {
        "user": "U0L770KLG",
        "type": "message",
        "subtype": "channel_join",
        "text": "<@U0L770KLG|andysosa2> has joined the channel",
        "ts": "1454525131.000009"
    },
    {
        "user": "U0L73NE85",
        "type": "message",
        "subtype": "channel_join",
        "text": "<@U0L73NE85|jamesrmorse> has joined the channel",
        "ts": "1454525940.000010"
    },
    {
        "user": "U0L7ESNMN",
        "type": "message",
        "subtype": "channel_join",
        "text": "<@U0L7ESNMN|mattrl> has joined the channel",
        "ts": "1454529305.000011"
    },
    {
        "user": "U0L7GN8HM",
        "type": "message",
        "subtype": "channel_join",
        "text": "<@U0L7GN8HM|bjc116> has joined the channel",
        "ts": "1454530811.000012"
    },
    {
        "user": "U0L7K1PB4",
        "type": "message",
        "subtype": "channel_join",
        "text": "<@U0L7K1PB4|josh.granberry> has joined the channel",
        "ts": "1454532016.000013"
    },
    {
        "user": "U0L7NS0NB",
        "type": "message",
        "subtype": "channel_join",
        "text": "<@U0L7NS0NB|james> has joined the channel",
        "ts": "1454534292.000014"
    },
    {
        "user": "U0L8GPZSM",
        "type": "message",
        "subtype": "channel_join",
        "text": "<@U0L8GPZSM|fasthd97> has joined the channel",
        "ts": "1454560625.000015"
    }
]