[
    {
        "type": "message",
        "user": "U06TD3AUW",
        "text": "Has anyone been standup paddle boarding on Lady Bird Lake in Austin before?",
        "ts": "1461786295.000003"
    },
    {
        "type": "message",
        "user": "U0KN45G2W",
        "text": "water scares me",
        "ts": "1461792492.000004"
    },
    {
        "type": "message",
        "user": "U0KN45G2W",
        "text": "jk",
        "ts": "1461792503.000005"
    },
    {
        "type": "message",
        "user": "U0KN45G2W",
        "text": "but no I haven’t gone, a few friends have gone, they said it’s fun",
        "ts": "1461792514.000006",
        "reactions": [
            {
                "name": "+1",
                "users": [
                    "U06TD3AUW"
                ],
                "count": 1
            }
        ]
    },
    {
        "type": "message",
        "user": "U06TD3AUW",
        "text": "Sweet thanks. How about kayaking or canoeing?",
        "ts": "1461792549.000007"
    },
    {
        "type": "message",
        "user": "U0L7GN8HM",
        "text": "I've been kayaking there. Very nice",
        "ts": "1461792642.000008",
        "reactions": [
            {
                "name": "+1",
                "users": [
                    "U06TD3AUW"
                ],
                "count": 1
            }
        ]
    },
    {
        "type": "message",
        "user": "U06TD3AUW",
        "text": "Nice, how much was it and how long did you do it for?",
        "ts": "1461792662.000009"
    },
    {
        "type": "message",
        "user": "U0L7GN8HM",
        "text": "The place I went was $10 for the first hour and $5 every hour after that for kayak rental. But I don't remember where that was unfortunately",
        "ts": "1461792738.000010"
    },
    {
        "type": "message",
        "user": "U0L7GN8HM",
        "text": "And I did it for 2 hours that day",
        "ts": "1461792752.000011"
    },
    {
        "type": "message",
        "user": "U06TD3AUW",
        "text": "nice, that's better than I was expecting",
        "ts": "1461792773.000012"
    }
]