[
    {
        "type": "message",
        "user": "U0KTJE2EM",
        "text": "I've got a bunch of <http:\/\/keybase.io|keybase.io> invites if anyone wants one.\nyou can skip the waitlist line of thousands and create an account immediately with an invite.\njust pm me if you are interested (you don't have to follow me or sign my key but that would be awesome).",
        "ts": "1482598821.000033"
    },
    {
        "type": "message",
        "user": "U0LPKCLLS",
        "text": "Would anyone be willing to take a look at my algorithm and help me figure out what's wrong with it? I've been banging my head against a wall trying to figure out why it's acting weird and I can't.",
        "ts": "1482609486.000034"
    },
    {
        "type": "message",
        "user": "U0LPKCLLS",
        "text": "Warning: It's an Android app so you'll need to know some Java",
        "ts": "1482609498.000035"
    },
    {
        "type": "message",
        "user": "U06TBPWAW",
        "text": "Is it on git?",
        "ts": "1482609553.000036"
    },
    {
        "type": "message",
        "user": "U06TBPWAW",
        "text": "I'm willing to take a look",
        "ts": "1482609563.000037"
    },
    {
        "type": "message",
        "user": "U0LPKCLLS",
        "text": "si",
        "ts": "1482609565.000038"
    },
    {
        "type": "message",
        "user": "U0LPKCLLS",
        "text": "<https:\/\/github.com\/micahrowell\/Micahs_Calculator>",
        "attachments": [
            {
                "service_name": "GitHub",
                "title": "micahrowell\/Micahs_Calculator",
                "title_link": "https:\/\/github.com\/micahrowell\/Micahs_Calculator",
                "text": "Contribute to Micahs_Calculator development by creating an account on GitHub.",
                "fallback": "GitHub: micahrowell\/Micahs_Calculator",
                "thumb_url": "https:\/\/avatars3.githubusercontent.com\/u\/13239418?v=3&s=400",
                "from_url": "https:\/\/github.com\/micahrowell\/Micahs_Calculator",
                "thumb_width": 400,
                "thumb_height": 400,
                "service_icon": "https:\/\/github.com\/apple-touch-icon.png",
                "id": 1
            }
        ],
        "ts": "1482609566.000039"
    },
    {
        "type": "message",
        "user": "U0LPKCLLS",
        "text": "word",
        "ts": "1482609578.000041"
    },
    {
        "type": "message",
        "user": "U0LPKCLLS",
        "text": "There's a couple things I want to change up about it, I'm already aware of a few issues, but the one I'm trying to kink out right now is why it freezes when higher precedence operators come later in the evaluation",
        "ts": "1482609618.000042"
    },
    {
        "type": "message",
        "user": "U0LPKCLLS",
        "text": "if I do 2 x 3 + 2 it works fine, but if I do 2 + 3 x 2 it freezes",
        "ts": "1482609658.000043"
    },
    {
        "type": "message",
        "user": "U06TBPWAW",
        "text": "Alright let me take a look",
        "ts": "1482609676.000044"
    },
    {
        "type": "message",
        "user": "U06TBPWAW",
        "text": "Found the problem. I'll post it to your issues on git",
        "ts": "1482615807.000045",
        "reactions": [
            {
                "name": "ducreux",
                "users": [
                    "U0LPKCLLS"
                ],
                "count": 1
            }
        ]
    },
    {
        "type": "message",
        "user": "U0KR8R2P9",
        "text": "You might need breaks in your precedence switch",
        "ts": "1482615977.000046"
    },
    {
        "type": "message",
        "user": "U06TBPWAW",
        "text": "Shouldn't. Only because he has a return. Which would actually leave the method (Function) as soon as thats read.",
        "ts": "1482616080.000047"
    },
    {
        "type": "message",
        "user": "U0KR8R2P9",
        "text": "That's true. I'm interested now as to what's wrong",
        "ts": "1482616312.000048"
    },
    {
        "type": "message",
        "user": "U06TBPWAW",
        "text": "Im making a issues post on his git. I'll link what I found in a little",
        "ts": "1482616347.000049"
    },
    {
        "type": "message",
        "user": "U06TBPWAW",
        "text": "<@U0KR8R2P9> I just posted it to his git issues.",
        "ts": "1482618150.000050"
    },
    {
        "type": "message",
        "user": "U0KR8R2P9",
        "text": "Thanks! <@U06TBPWAW>",
        "ts": "1482618737.000051"
    },
    {
        "type": "message",
        "user": "U0LPKCLLS",
        "text": "#fixed, thanks <@U06TBPWAW> !",
        "ts": "1482638802.000052"
    }
]