[
    {
        "type": "message",
        "subtype": "file_share",
        "text": "<@U0L74J1CN|m.fast1995> uploaded a file: <https:\/\/txstatecs.slack.com\/files\/m.fast1995\/F1QC05UUA\/4rga7pk.png|#me>",
        "file": {
            "id": "F1QC05UUA",
            "created": 1468166630,
            "timestamp": 1468166630,
            "name": "4rGA7Pk.png",
            "title": "#me",
            "mimetype": "image\/png",
            "filetype": "png",
            "pretty_type": "PNG",
            "user": "U0L74J1CN",
            "editable": false,
            "size": 48135,
            "mode": "hosted",
            "is_external": false,
            "external_type": "",
            "is_public": true,
            "public_url_shared": false,
            "display_as_bot": false,
            "username": "",
            "url_private": "https:\/\/files.slack.com\/files-pri\/T06STEZ2L-F1QC05UUA\/4rga7pk.png?t=xoxe-6911509088-177219117537-177786475698-c3d3bb179c",
            "url_private_download": "https:\/\/files.slack.com\/files-pri\/T06STEZ2L-F1QC05UUA\/download\/4rga7pk.png?t=xoxe-6911509088-177219117537-177786475698-c3d3bb179c",
            "thumb_64": "https:\/\/files.slack.com\/files-tmb\/T06STEZ2L-F1QC05UUA-dc3fc0eb30\/4rga7pk_64.png?t=xoxe-6911509088-177219117537-177786475698-c3d3bb179c",
            "thumb_80": "https:\/\/files.slack.com\/files-tmb\/T06STEZ2L-F1QC05UUA-dc3fc0eb30\/4rga7pk_80.png?t=xoxe-6911509088-177219117537-177786475698-c3d3bb179c",
            "thumb_360": "https:\/\/files.slack.com\/files-tmb\/T06STEZ2L-F1QC05UUA-dc3fc0eb30\/4rga7pk_360.png?t=xoxe-6911509088-177219117537-177786475698-c3d3bb179c",
            "thumb_360_w": 360,
            "thumb_360_h": 97,
            "thumb_480": "https:\/\/files.slack.com\/files-tmb\/T06STEZ2L-F1QC05UUA-dc3fc0eb30\/4rga7pk_480.png?t=xoxe-6911509088-177219117537-177786475698-c3d3bb179c",
            "thumb_480_w": 480,
            "thumb_480_h": 130,
            "thumb_160": "https:\/\/files.slack.com\/files-tmb\/T06STEZ2L-F1QC05UUA-dc3fc0eb30\/4rga7pk_160.png?t=xoxe-6911509088-177219117537-177786475698-c3d3bb179c",
            "thumb_720": "https:\/\/files.slack.com\/files-tmb\/T06STEZ2L-F1QC05UUA-dc3fc0eb30\/4rga7pk_720.png?t=xoxe-6911509088-177219117537-177786475698-c3d3bb179c",
            "thumb_720_w": 720,
            "thumb_720_h": 195,
            "image_exif_rotation": 1,
            "original_w": 872,
            "original_h": 236,
            "permalink": "https:\/\/txstatecs.slack.com\/files\/m.fast1995\/F1QC05UUA\/4rga7pk.png",
            "permalink_public": "https:\/\/slack-files.com\/T06STEZ2L-F1QC05UUA-4371be4e19",
            "channels": [
                "C06STNWGZ"
            ],
            "groups": [],
            "ims": [],
            "comments_count": 0,
            "reactions": [
                {
                    "name": "octocat",
                    "users": [
                        "U06TD3AUW"
                    ],
                    "count": 1
                },
                {
                    "name": "happy_obama",
                    "users": [
                        "U06TD3AUW"
                    ],
                    "count": 1
                }
            ]
        },
        "user": "U0L74J1CN",
        "upload": true,
        "display_as_bot": false,
        "username": "m.fast1995",
        "bot_id": null,
        "ts": "1468166631.000002"
    },
    {
        "type": "message",
        "user": "U0JMJDERY",
        "text": "<https:\/\/github.com\/bab178\/ProceduralCaveGenerationUnity\/blob\/master\/README.md>",
        "attachments": [
            {
                "service_name": "GitHub",
                "title": "bab178\/ProceduralCaveGenerationUnity",
                "title_link": "https:\/\/github.com\/bab178\/ProceduralCaveGenerationUnity\/blob\/master\/README.md",
                "text": "ProceduralCaveGenerationUnity - This is based off of the Procedural Cave Generation Tutorial by Unity",
                "fallback": "GitHub: bab178\/ProceduralCaveGenerationUnity",
                "thumb_url": "https:\/\/avatars1.githubusercontent.com\/u\/8978533?v=3&s=400",
                "from_url": "https:\/\/github.com\/bab178\/ProceduralCaveGenerationUnity\/blob\/master\/README.md",
                "thumb_width": 400,
                "thumb_height": 400,
                "service_icon": "https:\/\/github.com\/apple-touch-icon.png",
                "id": 1
            }
        ],
        "ts": "1468166683.000003",
        "reactions": [
            {
                "name": "fb_like",
                "users": [
                    "U06TD3AUW",
                    "U06STR2NR"
                ],
                "count": 2
            },
            {
                "name": "flashlight",
                "users": [
                    "U06STR2NR"
                ],
                "count": 1
            }
        ]
    },
    {
        "type": "message",
        "user": "U0JMJDERY",
        "text": "Learned how to generate caves yesterday",
        "ts": "1468166847.000005"
    }
]