[
    {
        "type": "message",
        "subtype": "file_share",
        "text": "<@U0LPKCLLS|micah.j> uploaded a file: <https:\/\/txstatecs.slack.com\/files\/micah.j\/F1R1KNUDC\/tumblr_nimmwykfcb1roc2aro2_500.jpg|tumblr_nimmwykFcB1roc2aro2_500.jpg> and commented: I have Koh for Assembly this semester and this is the first thing I always think of when I see\/hear his name",
        "file": {
            "id": "F1R1KNUDC",
            "created": 1468342916,
            "timestamp": 1468342916,
            "name": "tumblr_nimmwykFcB1roc2aro2_500.jpg",
            "title": "tumblr_nimmwykFcB1roc2aro2_500.jpg",
            "mimetype": "image\/jpeg",
            "filetype": "jpg",
            "pretty_type": "JPEG",
            "user": "U0LPKCLLS",
            "editable": false,
            "size": 12749,
            "mode": "hosted",
            "is_external": false,
            "external_type": "",
            "is_public": true,
            "public_url_shared": false,
            "display_as_bot": false,
            "username": "",
            "url_private": "https:\/\/files.slack.com\/files-pri\/T06STEZ2L-F1R1KNUDC\/tumblr_nimmwykfcb1roc2aro2_500.jpg?t=xoxe-6911509088-177219117537-177786475698-c3d3bb179c",
            "url_private_download": "https:\/\/files.slack.com\/files-pri\/T06STEZ2L-F1R1KNUDC\/download\/tumblr_nimmwykfcb1roc2aro2_500.jpg?t=xoxe-6911509088-177219117537-177786475698-c3d3bb179c",
            "thumb_64": "https:\/\/files.slack.com\/files-tmb\/T06STEZ2L-F1R1KNUDC-d501e20b39\/tumblr_nimmwykfcb1roc2aro2_500_64.jpg?t=xoxe-6911509088-177219117537-177786475698-c3d3bb179c",
            "thumb_80": "https:\/\/files.slack.com\/files-tmb\/T06STEZ2L-F1R1KNUDC-d501e20b39\/tumblr_nimmwykfcb1roc2aro2_500_80.jpg?t=xoxe-6911509088-177219117537-177786475698-c3d3bb179c",
            "thumb_360": "https:\/\/files.slack.com\/files-tmb\/T06STEZ2L-F1R1KNUDC-d501e20b39\/tumblr_nimmwykfcb1roc2aro2_500_360.jpg?t=xoxe-6911509088-177219117537-177786475698-c3d3bb179c",
            "thumb_360_w": 360,
            "thumb_360_h": 242,
            "thumb_480": "https:\/\/files.slack.com\/files-tmb\/T06STEZ2L-F1R1KNUDC-d501e20b39\/tumblr_nimmwykfcb1roc2aro2_500_480.jpg?t=xoxe-6911509088-177219117537-177786475698-c3d3bb179c",
            "thumb_480_w": 480,
            "thumb_480_h": 323,
            "thumb_160": "https:\/\/files.slack.com\/files-tmb\/T06STEZ2L-F1R1KNUDC-d501e20b39\/tumblr_nimmwykfcb1roc2aro2_500_160.jpg?t=xoxe-6911509088-177219117537-177786475698-c3d3bb179c",
            "image_exif_rotation": 1,
            "original_w": 481,
            "original_h": 324,
            "permalink": "https:\/\/txstatecs.slack.com\/files\/micah.j\/F1R1KNUDC\/tumblr_nimmwykfcb1roc2aro2_500.jpg",
            "permalink_public": "https:\/\/slack-files.com\/T06STEZ2L-F1R1KNUDC-d1c27b3cbd",
            "channels": [
                "C06STNWGZ"
            ],
            "groups": [],
            "ims": [],
            "comments_count": 1,
            "initial_comment": {
                "id": "Fc1R1HGBCL",
                "created": 1468342916,
                "timestamp": 1468342916,
                "user": "U0LPKCLLS",
                "is_intro": true,
                "comment": "I have Koh for Assembly this semester and this is the first thing I always think of when I see\/hear his name",
                "channel": ""
            },
            "reactions": [
                {
                    "name": "ok_hand",
                    "users": [
                        "U06TD3AUW"
                    ],
                    "count": 1
                }
            ]
        },
        "user": "U0LPKCLLS",
        "upload": true,
        "display_as_bot": false,
        "username": "micah.j",
        "bot_id": null,
        "ts": "1468342918.000002"
    },
    {
        "type": "message",
        "user": "U0L7K1PB4",
        "text": "<@U0LPKCLLS>: <https:\/\/i.ytimg.com\/vi\/Uzt-uK77wEc\/hqdefault.jpg>",
        "attachments": [
            {
                "fallback": "480x360px image",
                "image_url": "https:\/\/i.ytimg.com\/vi\/Uzt-uK77wEc\/hqdefault.jpg",
                "image_width": 480,
                "image_height": 360,
                "image_bytes": 27984,
                "from_url": "https:\/\/i.ytimg.com\/vi\/Uzt-uK77wEc\/hqdefault.jpg",
                "id": 1
            }
        ],
        "ts": "1468346261.000004",
        "reactions": [
            {
                "name": "stew",
                "users": [
                    "U06TD3AUW"
                ],
                "count": 1
            },
            {
                "name": "spaghetti",
                "users": [
                    "U06TD3AUW"
                ],
                "count": 1
            }
        ]
    },
    {
        "type": "message",
        "user": "U0JMJDERY",
        "text": "Too salty",
        "ts": "1468346362.000006"
    },
    {
        "type": "message",
        "user": "U0LPKCLLS",
        "text": "Negative on the salt. I just get the Avatar feels.",
        "ts": "1468346500.000007"
    }
]