[
    {
        "type": "message",
        "user": "U06TD3AUW",
        "text": "Anyone else volunteering for Hour of Code?",
        "ts": "1476808504.000336"
    },
    {
        "type": "message",
        "user": "U0K97DSGZ",
        "text": "Anyone know where I can play with a 31-32” 4k Monitor? I’m trying to decide which 4k monitor to buy. 28” is still readable non scaled, but not super great.",
        "ts": "1476809339.000337"
    },
    {
        "type": "message",
        "user": "U0JMJDERY",
        "text": "That's all you think about Tony",
        "ts": "1476809397.000338"
    },
    {
        "type": "message",
        "user": "U0JMJDERY",
        "text": "Maybe you should get one of those curved ones.",
        "ts": "1476809432.000339"
    },
    {
        "type": "message",
        "user": "U0KN45G2W",
        "text": "that’s what I’m going to upgrade to",
        "ts": "1476809455.000340"
    },
    {
        "type": "message",
        "user": "U0JMJDERY",
        "text": "Haha",
        "ts": "1476809467.000341"
    },
    {
        "type": "message",
        "user": "U0K97DSGZ",
        "text": "I tried the curved ones, they distort small text a bit so I don’t think they would work too well with programming.",
        "ts": "1476813549.000342"
    },
    {
        "type": "message",
        "user": "U0L57KVC2",
        "text": "You can always mess with the font size (Font DPI or something to that effect)",
        "ts": "1476824110.000343"
    },
    {
        "type": "message",
        "user": "U0L57KVC2",
        "text": "I think my dad uses it because he was so used to 720p res",
        "ts": "1476824137.000344"
    },
    {
        "type": "message",
        "user": "U0JMBJ5M2",
        "text": "1. go to fry's",
        "ts": "1476825126.000345"
    },
    {
        "type": "message",
        "user": "U0JMBJ5M2",
        "text": "2. use all the monitors",
        "ts": "1476825131.000346"
    },
    {
        "type": "message",
        "user": "U0JMBJ5M2",
        "text": "3. buy monitor that is best",
        "ts": "1476825146.000347"
    },
    {
        "type": "message",
        "user": "U06TD3AUW",
        "text": "I'm always skeptical of display products after working at bestbuy and either seeing them\n1. on a \"Demo\" mode that changes settings specifically to make it look brighter\/sharper\/better for the content being demoed\n2. degrade in quality due to being on and used for so long to the point where you can't accurately judge the product anymore because the display model is now \"used\" condition",
        "ts": "1476825275.000348"
    },
    {
        "type": "message",
        "user": "U06TBPWAW",
        "text": "Thats not the <@U0K97DSGZ> way. The Tony way is:\n1. Buy multiple monitors on amazon\n2. User all the monitors\n3. Return all the monitors you don’t like",
        "ts": "1476825280.000349"
    },
    {
        "type": "message",
        "user": "U06TD3AUW",
        "text": "lmao",
        "ts": "1476825289.000350"
    },
    {
        "type": "message",
        "user": "U06TD3AUW",
        "text": "still a valid technique",
        "ts": "1476825303.000351"
    },
    {
        "type": "message",
        "user": "U06TBPWAW",
        "text": "Also bestbuy doesnt even use the full res",
        "ts": "1476825310.000352"
    },
    {
        "type": "message",
        "user": "U06TD3AUW",
        "text": "that too",
        "ts": "1476825317.000353"
    },
    {
        "type": "message",
        "user": "U0JMBJ5M2",
        "text": "that's why i said fry's :slightly_smiling_face:",
        "ts": "1476825327.000354"
    },
    {
        "type": "message",
        "user": "U06TD3AUW",
        "text": "yea true, just got burned and not ready to trust again anytime soon",
        "ts": "1476825345.000355"
    },
    {
        "type": "message",
        "user": "U0JMBJ5M2",
        "text": "besides, best buy doesn't really have many PC monitors out on display, just TVs",
        "ts": "1476825368.000356"
    },
    {
        "type": "message",
        "user": "U0L57KVC2",
        "text": "except you have to pay for shipping :confused:",
        "ts": "1476825377.000357"
    },
    {
        "type": "message",
        "user": "U06TBPWAW",
        "text": "What are you a fry’s salesman #Sellout #CheapPromoPlug",
        "ts": "1476825379.000358"
    },
    {
        "type": "message",
        "user": "U06TD3AUW",
        "text": "#shill",
        "ts": "1476825388.000359"
    },
    {
        "type": "message",
        "user": "U06TD3AUW",
        "text": "#HailCorporate",
        "ts": "1476825406.000360"
    },
    {
        "type": "message",
        "user": "U0JMBJ5M2",
        "text": "you know, if you go to fry's(tm) during black fryday (tm) you can find some great deals",
        "ts": "1476825420.000361"
    },
    {
        "type": "message",
        "user": "U0JMBJ5M2",
        "text": "just sayin",
        "ts": "1476825433.000362"
    },
    {
        "type": "message",
        "user": "U06TD3AUW",
        "text": "sold",
        "ts": "1476825436.000363"
    },
    {
        "type": "message",
        "user": "U0K97DSGZ",
        "text": "I did go to Fry’s and plugged my macbook into every monitor I was interested in, They didn’t have 32” 4K’s though.",
        "ts": "1476825441.000364"
    },
    {
        "type": "message",
        "user": "U06TBPWAW",
        "text": "lolol",
        "ts": "1476825460.000365"
    },
    {
        "type": "message",
        "user": "U06TD3AUW",
        "text": "a good hybrid of techniques",
        "ts": "1476825472.000366"
    },
    {
        "type": "message",
        "user": "U0K97DSGZ",
        "text": "also I bought all my monitors used on craigslist, the two small monitors I bought on newegg",
        "ts": "1476825564.000367"
    },
    {
        "type": "message",
        "user": "U0JMBJ5M2",
        "text": "good luck finding a used 32\" 4K monitor on craigslist",
        "ts": "1476825595.000368"
    },
    {
        "type": "message",
        "user": "U0K97DSGZ",
        "text": "Yeah I’m going to buy that one new, maybe on some black friday deal",
        "ts": "1476825620.000369"
    },
    {
        "type": "message",
        "user": "U06TD3AUW",
        "text": "set your search area to 1000+ miles",
        "ts": "1476825620.000370"
    },
    {
        "type": "message",
        "user": "U0L57KVC2",
        "text": "Found a nice CRT on craigslist",
        "ts": "1476825630.000371"
    },
    {
        "type": "message",
        "user": "U0JMBJ5M2",
        "text": "for when you need that triple screen CRT setup",
        "ts": "1476825652.000372"
    },
    {
        "type": "message",
        "user": "U0L57KVC2",
        "text": "old school 4K",
        "ts": "1476825676.000373"
    },
    {
        "type": "message",
        "user": "U0L57KVC2",
        "text": "+ no input lag",
        "ts": "1476825681.000374"
    },
    {
        "type": "message",
        "user": "U0L57KVC2",
        "text": "although the black levels were shit",
        "ts": "1476825692.000375"
    },
    {
        "type": "message",
        "user": "U0JMBJ5M2",
        "text": "<https:\/\/i.ytimg.com\/vi\/UibZzm8gn5g\/hqdefault.jpg>",
        "attachments": [
            {
                "fallback": "480x360px image",
                "image_url": "https:\/\/i.ytimg.com\/vi\/UibZzm8gn5g\/hqdefault.jpg",
                "image_width": 480,
                "image_height": 360,
                "image_bytes": 14019,
                "from_url": "https:\/\/i.ytimg.com\/vi\/UibZzm8gn5g\/hqdefault.jpg",
                "id": 1
            }
        ],
        "ts": "1476825710.000376",
        "reactions": [
            {
                "name": "ok_hand",
                "users": [
                    "U06STR2NR"
                ],
                "count": 1
            }
        ]
    },
    {
        "type": "message",
        "user": "U0JMBJ5M2",
        "text": "all dat beige though",
        "ts": "1476825720.000378"
    },
    {
        "type": "message",
        "user": "U0K97DSGZ",
        "text": "How much for the dog?",
        "ts": "1476825726.000379",
        "reactions": [
            {
                "name": "dog",
                "users": [
                    "U06TD3AUW",
                    "U0KTJE2EM"
                ],
                "count": 2
            }
        ]
    },
    {
        "type": "message",
        "user": "U0JMBJ5M2",
        "text": "now i want to see a 6 screen wall mounted CRT setup",
        "ts": "1476825806.000380"
    },
    {
        "type": "message",
        "user": "U0JMBJ5M2",
        "text": "speaking of multi screen setups, have any of you ever seen the visualization lab at UT?",
        "ts": "1476825923.000381"
    },
    {
        "type": "message",
        "user": "U0JMBJ5M2",
        "text": "10\/10 would play games on",
        "ts": "1476825942.000382"
    },
    {
        "type": "message",
        "user": "U0JMBJ5M2",
        "text": "<https:\/\/www.tacc.utexas.edu\/vislab\/stallion>",
        "ts": "1476825969.000383"
    },
    {
        "type": "message",
        "user": "U0L74J1CN",
        "text": "Never go to best buy unless you know someone who works there",
        "ts": "1476825982.000384"
    },
    {
        "type": "message",
        "user": "U06TD3AUW",
        "text": "yup",
        "ts": "1476826001.000385"
    },
    {
        "type": "message",
        "user": "U06TD3AUW",
        "text": "#DemDiscounts",
        "ts": "1476826013.000386"
    },
    {
        "type": "message",
        "user": "U0L74J1CN",
        "text": "I'm going to miss that\n$5 for a pack of batteries maaaan",
        "ts": "1476826037.000387"
    },
    {
        "type": "message",
        "user": "U06TD3AUW",
        "text": "Last thing I got from them before leaving was a free turtle beach headset and $310 headphones for $90",
        "ts": "1476826083.000388"
    },
    {
        "type": "message",
        "user": "U06TD3AUW",
        "text": "dope",
        "edited": {
            "user": "U06TD3AUW",
            "ts": "1476826090.000000"
        },
        "ts": "1476826085.000389"
    },
    {
        "type": "message",
        "user": "U0L57KVC2",
        "text": "<@U0JMBJ5M2> all those bezels",
        "ts": "1476826728.000391"
    },
    {
        "type": "message",
        "user": "U0L57KVC2",
        "text": "you would think they would invest in a bezel-less system",
        "ts": "1476826746.000392"
    },
    {
        "type": "message",
        "user": "U0L74J1CN",
        "text": "Those accommodations are badass\nI am just going to stock up on phone and various cables and batteries before I leave",
        "ts": "1476827273.000393"
    },
    {
        "type": "message",
        "user": "U06TD3AUW",
        "text": "I would buy a bezeless crt",
        "ts": "1476828882.000394"
    }
]