[
    {
        "type": "message",
        "user": "U0K97DSGZ",
        "text": "I have a phone interview with Google’s Software Engineering department tomorrow. What do I need to prepare for the 1st interview? Research buddies go!",
        "ts": "1462477987.000002"
    },
    {
        "type": "message",
        "user": "U06TBPWAW",
        "text": "First off good job landing that. Brush up on data structures. Binary trees since Google uses that would be my guess. ",
        "ts": "1462478234.000003"
    },
    {
        "type": "message",
        "user": "U06TBPWAW",
        "text": "Sean has that book cracking the coding interview. That has some good info. ",
        "ts": "1462478255.000004"
    },
    {
        "type": "message",
        "user": "U0K97DSGZ",
        "text": "yeah so sad. I am so not ready for this.",
        "ts": "1462478366.000005"
    },
    {
        "type": "message",
        "user": "U0K97DSGZ",
        "text": "I am having my first interview, and there was this ting I filled out to say when I would be available for a technical interview",
        "ts": "1462478403.000006"
    },
    {
        "type": "message",
        "user": "U0K97DSGZ",
        "text": "which i set for next month so I can have time to study that cracking the code interview book",
        "ts": "1462478423.000007"
    },
    {
        "type": "message",
        "user": "U0K97DSGZ",
        "text": "I’m happy that I even got an interview, but sad knowing that I will not make the cut.",
        "ts": "1462478873.000008"
    },
    {
        "type": "message",
        "user": "U06TD3AUW",
        "text": "Not with that attitude! ",
        "ts": "1462478896.000009"
    },
    {
        "type": "message",
        "user": "U06TBPWAW",
        "text": "You never know. This is a first interview. Just stay positive ",
        "ts": "1462478907.000010"
    },
    {
        "type": "message",
        "user": "U06TD3AUW",
        "text": "Go into it thinking you'll fail and you're almost guaranteed to fail. Stay positive man and just give it your best shot and there won't be anything to be disappointed about.",
        "edited": {
            "user": "U06TD3AUW",
            "ts": "1462478955.000000"
        },
        "ts": "1462478932.000011"
    },
    {
        "type": "message",
        "user": "U0K97DSGZ",
        "text": "yeah hopefully the real technical interview is in a month. I need lots of time to prep",
        "ts": "1462478937.000012"
    },
    {
        "type": "message",
        "user": "U0JLW9BB6",
        "text": "are you talking to Chris by any chance?",
        "ts": "1462479493.000014"
    },
    {
        "type": "message",
        "user": "U0K97DSGZ",
        "text": "who’s Chris?",
        "ts": "1462479524.000015"
    },
    {
        "type": "message",
        "user": "U0JLW9BB6",
        "text": "at Google",
        "ts": "1462480220.000016"
    },
    {
        "type": "message",
        "user": "U0K97DSGZ",
        "text": "Oh no, someone named Jennifer emailed me out of the blue.",
        "ts": "1462480316.000017"
    },
    {
        "type": "message",
        "user": "U0K97DSGZ",
        "text": "I’m going into this interview calm and collected thinking its impossible for me to pass and I’m just happy they considered me.",
        "ts": "1462480352.000018"
    },
    {
        "type": "message",
        "user": "U0K97DSGZ",
        "text": "I did that for my IBM interview, and I was hired. Otherwise if I thought it was legitimately possible for me to land a job there, I would be too nervous and blank out on everything lol.",
        "ts": "1462480408.000019"
    },
    {
        "type": "message",
        "user": "U0K97DSGZ",
        "text": "I still think IBM hiring me was a complete fluke. I have proven my worth to them over and over again though, so they are very glad they hired me.",
        "ts": "1462480486.000020"
    },
    {
        "type": "message",
        "user": "U0JLW9BB6",
        "text": "Yeah, I hear ya - I interviewed with Google last semester, got fairly far along and then had a bad day where it felt like I couldn’t remember my name lol",
        "ts": "1462480679.000021"
    },
    {
        "type": "message",
        "user": "U0JLW9BB6",
        "text": "Are you talking to Jennifer, or are you interviewing with someone else?",
        "ts": "1462480699.000022"
    },
    {
        "type": "message",
        "user": "U0K97DSGZ",
        "text": "yeah Im interviewing with her, or so i think. I never met her in person, so it doesnt matter either way",
        "ts": "1462480760.000023"
    },
    {
        "type": "message",
        "user": "U0K97DSGZ",
        "text": "Did u have to answer data structures and logic questions on the first interview?",
        "ts": "1462480795.000024"
    },
    {
        "type": "message",
        "user": "U0JLW9BB6",
        "text": "If it goes anything like my first interview, it’s pretty chill. It was mostly talking about the process, projects I’ve done, what I did at my internships",
        "ts": "1462480845.000025"
    },
    {
        "type": "message",
        "user": "U0JLW9BB6",
        "text": "Nothing really technical",
        "ts": "1462480853.000026"
    },
    {
        "type": "message",
        "user": "U0K97DSGZ",
        "text": "Oh thankgodd",
        "ts": "1462480860.000027"
    },
    {
        "type": "message",
        "user": "U0K97DSGZ",
        "text": "I was about to study the shit out of cracking the codding interview book",
        "ts": "1462480875.000028"
    },
    {
        "type": "message",
        "user": "U0JLW9BB6",
        "text": "I’d definitely look it over though, just in case…you’re interviewing with a different person, so she might do things differently",
        "ts": "1462480919.000029"
    },
    {
        "type": "message",
        "user": "U0K97DSGZ",
        "text": "kk",
        "ts": "1462480989.000030"
    },
    {
        "type": "message",
        "user": "U0JLW9BB6",
        "text": "I’m guessing that you haven’t done the coding assessment yet..?",
        "ts": "1462481007.000031"
    },
    {
        "type": "message",
        "user": "U0K97DSGZ",
        "text": "howd ur interview process go? how many rounds did they put u through?",
        "ts": "1462481010.000032"
    },
    {
        "type": "message",
        "user": "U0K97DSGZ",
        "text": "nope havent done an assesment",
        "ts": "1462481029.000033"
    },
    {
        "type": "message",
        "user": "U0JLW9BB6",
        "text": "cool - you’re at step 1. then I did a timed coding assessment, a one-on-one technical interview, then a panel technical interview (both on the phone). That’s where I got off the train. The next step would have been to go California for the day",
        "ts": "1462481160.000034"
    },
    {
        "type": "message",
        "user": "U0JLW9BB6",
        "text": "I’m bummed I ddin’t make it that far. I would have loved to see their headquarters",
        "ts": "1462481234.000035"
    },
    {
        "type": "message",
        "user": "U0K97DSGZ",
        "text": "Did u study the Cracking the coding interview book? DO u think it would have helped?",
        "ts": "1462481244.000036"
    },
    {
        "type": "message",
        "user": "U0JLW9BB6",
        "text": "I did, and it was good info. Chris, the first guy I talked to, also sent me a couple of links with some good study material",
        "ts": "1462481356.000037"
    },
    {
        "type": "message",
        "user": "U0K97DSGZ",
        "text": "cool. If u wanna link me over those study materials, that’d be awesome!",
        "ts": "1462481428.000038"
    },
    {
        "type": "message",
        "user": "U0K97DSGZ",
        "text": "How are u doing now? Get any other interviews and job offers?",
        "ts": "1462481446.000039"
    },
    {
        "type": "message",
        "user": "U0JLW9BB6",
        "text": "Yep. I accepted an offer at IBM, starting next month",
        "ts": "1462481531.000040",
        "reactions": [
            {
                "name": "+1",
                "users": [
                    "U06TD3AUW",
                    "U06TBPWAW"
                ],
                "count": 2
            }
        ]
    },
    {
        "type": "message",
        "user": "U0K97DSGZ",
        "text": "Whaaaaaaa Awesome! I’ll see you at the office!",
        "ts": "1462481596.000041"
    },
    {
        "type": "message",
        "user": "U0JLW9BB6",
        "text": "sweet! I’m in the Cloud   :cloud:",
        "ts": "1462481686.000042"
    },
    {
        "type": "message",
        "user": "U0K97DSGZ",
        "text": "Working for them boosted my resume like crazy and I learned so much. I feel like a real coder now.",
        "ts": "1462481698.000043"
    },
    {
        "type": "message",
        "user": "U0JLW9BB6",
        "text": "<https:\/\/code.google.com\/codejam\/contests.html>     All of these are old contests, but it gives you a good idea of some of what they ask",
        "ts": "1462481814.000044",
        "reactions": [
            {
                "name": "+1",
                "users": [
                    "U06TD3AUW"
                ],
                "count": 1
            }
        ]
    },
    {
        "type": "message",
        "user": "U0JLW9BB6",
        "text": "I think the rest of it is on my other computer and I cant get at it right now",
        "ts": "1462481963.000045"
    },
    {
        "type": "message",
        "user": "U0JLW9BB6",
        "text": "But there wasn’t really anything that I had to study for that first interview",
        "ts": "1462482044.000046"
    },
    {
        "type": "message",
        "user": "U0JLW9BB6",
        "text": "Like Jason and Josh said, just go in positive, remember to breathe, and you;ll be good",
        "ts": "1462482106.000047",
        "reactions": [
            {
                "name": "ok_hand",
                "users": [
                    "U06TD3AUW"
                ],
                "count": 1
            }
        ]
    },
    {
        "type": "message",
        "user": "U0JLW9BB6",
        "text": "the interview with Google can also turn into a good salary bargaining chip with IBM :wink:",
        "ts": "1462483009.000048",
        "reactions": [
            {
                "name": "moneybag",
                "users": [
                    "U06TD3AUW"
                ],
                "count": 1
            }
        ]
    },
    {
        "type": "message",
        "user": "U0K97DSGZ",
        "text": "ooooo, How did you work that in?",
        "ts": "1462483142.000049"
    },
    {
        "type": "message",
        "user": "U0JLW9BB6",
        "text": "I just mentioned that I had been contacted by them, casually at first. Then I brought it up again when I got the second interview. The next thing I knew I had a new offer package",
        "ts": "1462483404.000050"
    },
    {
        "type": "message",
        "user": "U0JLW9BB6",
        "text": ":nerd_face:",
        "ts": "1462483418.000051"
    },
    {
        "type": "message",
        "user": "U06TD3AUW",
        "text": "ayyyy",
        "ts": "1462483740.000052"
    },
    {
        "type": "message",
        "user": "U06TD3AUW",
        "text": "Did they even check? lol",
        "ts": "1462483746.000053"
    },
    {
        "type": "message",
        "user": "U06TD3AUW",
        "text": "I feel like you could just drop that casually whenever haha",
        "edited": {
            "user": "U06TD3AUW",
            "ts": "1462483766.000000"
        },
        "ts": "1462483759.000054"
    },
    {
        "type": "message",
        "user": "U0JLW9BB6",
        "text": "haha right?",
        "ts": "1462483772.000056"
    },
    {
        "type": "message",
        "user": "U0JLW9BB6",
        "text": "I have no idea if they actually checked",
        "ts": "1462483787.000057"
    },
    {
        "type": "message",
        "user": "U06TD3AUW",
        "text": "That's going to be my go to line now:\n&gt; INTERVIEWER: Welcome, Jason. Have a seat! How was the drive?\n&gt; ME: Oh, it wasn't too bad. Had _just_ finished my _2nd_ phone interview with Google at the coffee shop a few blocks down so the traffic couldn't sway my good mood. But thanks for asking!",
        "ts": "1462484215.000058",
        "reactions": [
            {
                "name": "laughing",
                "users": [
                    "U0JLW9BB6"
                ],
                "count": 1
            }
        ]
    },
    {
        "type": "message",
        "user": "U0JLW9BB6",
        "text": "that should work!  :+1:",
        "ts": "1462484316.000059"
    },
    {
        "type": "message",
        "subtype": "file_share",
        "text": "<@U06TD3AUW|jcflinn> uploaded a file: <https:\/\/txstatecs.slack.com\/files\/jcflinn\/F16HSV2S1\/throwmoney2.jpg|getdatmoney> and commented: &gt; INTERVIEWER:",
        "file": {
            "id": "F16HSV2S1",
            "created": 1462484523,
            "timestamp": 1462484523,
            "name": "throwmoney2.jpg",
            "title": "getdatmoney",
            "mimetype": "image\/jpeg",
            "filetype": "jpg",
            "pretty_type": "JPEG",
            "user": "U06TD3AUW",
            "editable": false,
            "size": 9611641,
            "mode": "hosted",
            "is_external": false,
            "external_type": "",
            "is_public": true,
            "public_url_shared": false,
            "display_as_bot": false,
            "username": "",
            "url_private": "https:\/\/files.slack.com\/files-pri\/T06STEZ2L-F16HSV2S1\/throwmoney2.jpg?t=xoxe-6911509088-177219117537-177786475698-c3d3bb179c",
            "url_private_download": "https:\/\/files.slack.com\/files-pri\/T06STEZ2L-F16HSV2S1\/download\/throwmoney2.jpg?t=xoxe-6911509088-177219117537-177786475698-c3d3bb179c",
            "thumb_64": "https:\/\/files.slack.com\/files-tmb\/T06STEZ2L-F16HSV2S1-e90dfeab6f\/throwmoney2_64.jpg?t=xoxe-6911509088-177219117537-177786475698-c3d3bb179c",
            "thumb_80": "https:\/\/files.slack.com\/files-tmb\/T06STEZ2L-F16HSV2S1-e90dfeab6f\/throwmoney2_80.jpg?t=xoxe-6911509088-177219117537-177786475698-c3d3bb179c",
            "thumb_360": "https:\/\/files.slack.com\/files-tmb\/T06STEZ2L-F16HSV2S1-e90dfeab6f\/throwmoney2_360.jpg?t=xoxe-6911509088-177219117537-177786475698-c3d3bb179c",
            "thumb_360_w": 360,
            "thumb_360_h": 240,
            "thumb_480": "https:\/\/files.slack.com\/files-tmb\/T06STEZ2L-F16HSV2S1-e90dfeab6f\/throwmoney2_480.jpg?t=xoxe-6911509088-177219117537-177786475698-c3d3bb179c",
            "thumb_480_w": 480,
            "thumb_480_h": 320,
            "thumb_160": "https:\/\/files.slack.com\/files-tmb\/T06STEZ2L-F16HSV2S1-e90dfeab6f\/throwmoney2_160.jpg?t=xoxe-6911509088-177219117537-177786475698-c3d3bb179c",
            "thumb_720": "https:\/\/files.slack.com\/files-tmb\/T06STEZ2L-F16HSV2S1-e90dfeab6f\/throwmoney2_720.jpg?t=xoxe-6911509088-177219117537-177786475698-c3d3bb179c",
            "thumb_720_w": 720,
            "thumb_720_h": 480,
            "thumb_960": "https:\/\/files.slack.com\/files-tmb\/T06STEZ2L-F16HSV2S1-e90dfeab6f\/throwmoney2_960.jpg?t=xoxe-6911509088-177219117537-177786475698-c3d3bb179c",
            "thumb_960_w": 960,
            "thumb_960_h": 640,
            "thumb_1024": "https:\/\/files.slack.com\/files-tmb\/T06STEZ2L-F16HSV2S1-e90dfeab6f\/throwmoney2_1024.jpg?t=xoxe-6911509088-177219117537-177786475698-c3d3bb179c",
            "thumb_1024_w": 1024,
            "thumb_1024_h": 683,
            "image_exif_rotation": 1,
            "original_w": 5616,
            "original_h": 3744,
            "permalink": "https:\/\/txstatecs.slack.com\/files\/jcflinn\/F16HSV2S1\/throwmoney2.jpg",
            "permalink_public": "https:\/\/slack-files.com\/T06STEZ2L-F16HSV2S1-6c404b3bde",
            "channels": [
                "C06STNWGZ"
            ],
            "groups": [],
            "ims": [],
            "comments_count": 1,
            "initial_comment": {
                "id": "Fc16GBNGG3",
                "created": 1462484523,
                "timestamp": 1462484523,
                "user": "U06TD3AUW",
                "is_intro": true,
                "comment": "&gt; INTERVIEWER:",
                "channel": "C06STNWGZ"
            }
        },
        "user": "U06TD3AUW",
        "upload": true,
        "display_as_bot": false,
        "username": "jcflinn",
        "bot_id": null,
        "ts": "1462484545.000060"
    },
    {
        "type": "message",
        "user": "U06TBPWAW",
        "text": "Interview: “well shit man, what are you doing here?\"",
        "ts": "1462484944.000061"
    },
    {
        "type": "message",
        "user": "U06T4R9A5",
        "text": "My best advice. Show respect. Be honest about your strengths. They can smell bullshit. That doesn't mean lacking confidence, merely don't try to present yourself like you're a 20 year veteran. Tie your successes to projects and completed code. Show them excitement around tech, innovation, education, adding to your skill set, curiosity and desire to grow.",
        "ts": "1462485029.000062",
        "reactions": [
            {
                "name": "+1",
                "users": [
                    "U0JLW9BB6",
                    "U06TD3AUW",
                    "U0KN45G2W"
                ],
                "count": 3
            }
        ]
    },
    {
        "type": "message",
        "user": "U06TD3AUW",
        "text": "Solid advice ^",
        "ts": "1462497706.000063"
    },
    {
        "type": "message",
        "user": "U06TD3AUW",
        "text": "<@U0K97DSGZ> Not sure if this will help you, but I found it pretty enlightening when it comes to what the interviewer expects in a technical interview: <https:\/\/www.reddit.com\/r\/cscareerquestions\/comments\/4hz1t0\/how_much_is_it_ok_to_struggle_during_a_technical\/>\n\nparticularly \/u\/nuclearqtip's comment.",
        "attachments": [
            {
                "service_name": "reddit",
                "title": "How much is it ok to struggle during a technical interview? • \/r\/cscareerquestions",
                "title_link": "https:\/\/www.reddit.com\/r\/cscareerquestions\/comments\/4hz1t0\/how_much_is_it_ok_to_struggle_during_a_technical\/",
                "text": "So I just had an on-site at a Big-4 company. There were 5 interview sessions, each of which asked an algorithmic question that took up about 30...",
                "fallback": "reddit: How much is it ok to struggle during a technical interview? • \/r\/cscareerquestions",
                "thumb_url": "https:\/\/www.redditstatic.com\/icon.png",
                "from_url": "https:\/\/www.reddit.com\/r\/cscareerquestions\/comments\/4hz1t0\/how_much_is_it_ok_to_struggle_during_a_technical\/",
                "thumb_width": 256,
                "thumb_height": 256,
                "id": 1
            }
        ],
        "ts": "1462501799.000064"
    }
]