[
    {
        "user": "U2C3XQ9FX",
        "text": "<@U2C3XQ9FX|pcderrell> has joined the channel",
        "type": "message",
        "subtype": "channel_join",
        "ts": "1473954582.000134"
    },
    {
        "user": "U2C6GSNP9",
        "text": "<@U2C6GSNP9|e_b3> has joined the channel",
        "type": "message",
        "subtype": "channel_join",
        "ts": "1473965061.000135"
    },
    {
        "user": "U2C6PSUTZ",
        "text": "<@U2C6PSUTZ|berna> has joined the channel",
        "type": "message",
        "subtype": "channel_join",
        "ts": "1473965948.000136"
    },
    {
        "user": "U2C6E8B54",
        "text": "<@U2C6E8B54|ddw67> has joined the channel",
        "type": "message",
        "subtype": "channel_join",
        "ts": "1473966040.000137"
    },
    {
        "user": "U2C7HSMFB",
        "text": "<@U2C7HSMFB|ryan_g> has joined the channel",
        "type": "message",
        "subtype": "channel_join",
        "ts": "1473969652.000138"
    },
    {
        "user": "U2C96KZEU",
        "text": "<@U2C96KZEU|pmb42> has joined the channel",
        "type": "message",
        "subtype": "channel_join",
        "ts": "1473980893.000139"
    },
    {
        "user": "U2CAF2TFG",
        "text": "<@U2CAF2TFG|venomx1241> has joined the channel",
        "type": "message",
        "subtype": "channel_join",
        "ts": "1473993020.000140"
    },
    {
        "user": "U2CBHJ7P1",
        "text": "<@U2CBHJ7P1|sayami> has joined the channel",
        "type": "message",
        "subtype": "channel_join",
        "ts": "1474003691.000141"
    }
]