[
    {
        "type": "message",
        "user": "U0K97DSGZ",
        "text": "I asked for feedback from Samsung, My recruiter said I was outstanding in all aspects, but a flag was raised when I questioned working long hours. I heard from friends that they regularly work 80 hours a week.",
        "ts": "1460049501.000092"
    },
    {
        "type": "message",
        "user": "U0L7GN8HM",
        "text": "For real? And you got penalized for that? Jeez",
        "ts": "1460049531.000093"
    },
    {
        "type": "message",
        "user": "U0K97DSGZ",
        "text": "This made it seem like I was lazy and a bad fit for Samsung where they regularly slave their workers away at no extra pay.",
        "ts": "1460049538.000094"
    },
    {
        "type": "message",
        "user": "U0K97DSGZ",
        "text": "truth is, I knew this, and only wanted their name on my resume as an internship",
        "ts": "1460049621.000095"
    },
    {
        "type": "message",
        "user": "U0KN45G2W",
        "text": "At least it was just that and nothing else",
        "ts": "1460060498.000096"
    },
    {
        "type": "message",
        "user": "U0KN45G2W",
        "text": "and I don’t blame you for not wanting to work longer hours at no extra pay",
        "ts": "1460060509.000097"
    },
    {
        "type": "message",
        "user": "U0KN45G2W",
        "text": "I’m all about it as long as compensation matches",
        "ts": "1460060531.000098"
    },
    {
        "type": "message",
        "user": "U06STR2NR",
        "text": "It doesn't.  ",
        "ts": "1460083264.000099"
    }
]