[
    {
        "type": "message",
        "user": "U0K96PWET",
        "text": "am I the only one that loathes having to use word after living in vim or and ide",
        "ts": "1476760788.000325"
    },
    {
        "type": "message",
        "user": "U06TD3AUW",
        "text": "same",
        "ts": "1476760814.000326"
    },
    {
        "type": "message",
        "user": "U06TD3AUW",
        "text": "I hated vim at first, felt so unintuitive",
        "ts": "1476760877.000327"
    },
    {
        "type": "message",
        "user": "U06TD3AUW",
        "text": "but then I was graced by plugins and vimrc configs",
        "ts": "1476760890.000328"
    },
    {
        "type": "message",
        "user": "U06TD3AUW",
        "text": "never been the same since",
        "ts": "1476760895.000329"
    },
    {
        "type": "message",
        "user": "U06TD3AUW",
        "text": "now I wish Word had similar functionality",
        "ts": "1476760913.000330"
    },
    {
        "type": "message",
        "user": "U06TD3AUW",
        "text": "oh and key shortcuts are a blessing as well",
        "ts": "1476761101.000331"
    },
    {
        "type": "message",
        "user": "U0K96PWET",
        "text": "oh I know",
        "ts": "1476761162.000332"
    },
    {
        "type": "message",
        "user": "U0K96PWET",
        "text": "I liken vim to my living room - it’s lived in",
        "ts": "1476761177.000333",
        "reactions": [
            {
                "name": "ok_hand",
                "users": [
                    "U06TD3AUW"
                ],
                "count": 1
            }
        ]
    },
    {
        "type": "message",
        "user": "U0K96PWET",
        "text": "it’s weird to work outside of my neverland2 colorscheme",
        "ts": "1476761203.000334",
        "reactions": [
            {
                "name": "rainbow_flag",
                "users": [
                    "U06TD3AUW"
                ],
                "count": 1
            }
        ]
    },
    {
        "type": "message",
        "user": "U0K96PWET",
        "text": "it feels icky",
        "ts": "1476761211.000335",
        "reactions": [
            {
                "name": "mask",
                "users": [
                    "U06TD3AUW"
                ],
                "count": 1
            }
        ]
    }
]