[
    {
        "type": "message",
        "user": "U0KR9J2HE",
        "text": "Fasten is still around",
        "ts": "1467381290.000002"
    },
    {
        "type": "message",
        "user": "U0KR9J2HE",
        "text": "There's also get me, ride Austin, and fare",
        "ts": "1467381358.000003"
    },
    {
        "type": "message",
        "user": "U0KR9J2HE",
        "text": "Fare's app has a horrible ui though, it looks like it was designed for citizens of the matrix",
        "ts": "1467381401.000004"
    },
    {
        "type": "message",
        "user": "U0KR9J2HE",
        "text": "Black and neon green colors, all the car icons are black with tinted windows. Wouldn't be surprised if Morpheus ended up picking you up and offering pills.",
        "ts": "1467381451.000005"
    },
    {
        "type": "message",
        "user": "U0L7K1PB4",
        "text": "so you’re saying I should choose Fare",
        "ts": "1467381712.000006"
    },
    {
        "type": "message",
        "user": "U0KN45G2W",
        "text": "Fare is really expensive, fasten is about the same price as lyft and it doesn't have surge pricing when they are busy.",
        "ts": "1467383837.000007"
    },
    {
        "type": "message",
        "user": "U0K96PWET",
        "text": "So I have an office tact question for all you classy people",
        "ts": "1467386405.000008"
    },
    {
        "type": "message",
        "user": "U0K96PWET",
        "text": "My cube neighbor is a bright and fun gent but he comes into my cube everyday talking about how hammered he got. He speaks loudly and there's managers scattered around the floor. What's a nice way to be like, \"Dude, no.\"",
        "ts": "1467386504.000009",
        "reactions": [
            {
                "name": "beer",
                "users": [
                    "U06STR2NR"
                ],
                "count": 1
            }
        ]
    },
    {
        "type": "message",
        "user": "U06TD3AUW",
        "text": "Headphones",
        "ts": "1467386540.000010"
    },
    {
        "type": "message",
        "user": "U0L74J1CN",
        "text": "\"hi, sorry, I don't feel comfortable talking about this at work\"",
        "ts": "1467386552.000011"
    },
    {
        "type": "message",
        "user": "U0L7GN8HM",
        "text": "Say \"dude, no\"",
        "ts": "1467386554.000012"
    },
    {
        "type": "message",
        "user": "U0K96PWET",
        "text": "hahaha",
        "ts": "1467386558.000013"
    },
    {
        "type": "message",
        "user": "U0K96PWET",
        "text": "I usually always have the headphones on - he just keeps talking until I take them off.",
        "ts": "1467386579.000014"
    },
    {
        "type": "message",
        "user": "U06TD3AUW",
        "text": "ew",
        "ts": "1467386584.000015"
    },
    {
        "type": "message",
        "user": "U0L7GN8HM",
        "text": "Who let Jason's dog on slack",
        "ts": "1467386610.000016"
    },
    {
        "type": "message",
        "user": "U0K96PWET",
        "text": "But he is a friend so I'm not trying to ignore him all the time. But yo dude, no reason to advertise your hobby.",
        "ts": "1467386617.000017"
    },
    {
        "type": "message",
        "user": "U06TBPWAW",
        "text": "“Yo bro, So I was surfing these killer waves off the coast of San Diego over the weekend. Let me tell you want brah, These waves were like: “Bam”, “Swoosh”, and “Kablam”. I was surfing so wicked brah that one wave just pitted me. Man I got so pitted\"",
        "ts": "1467386659.000018",
        "reactions": [
            {
                "name": "surfer",
                "users": [
                    "U06TD3AUW",
                    "U0L7K1PB4",
                    "U06STR2NR"
                ],
                "count": 3
            }
        ]
    },
    {
        "type": "message",
        "user": "U06TBPWAW",
        "text": "Then he wont talk to you anymore",
        "ts": "1467386668.000019"
    },
    {
        "type": "message",
        "user": "U0K96PWET",
        "text": "Actually - he sounds remarkably similar to that",
        "ts": "1467386684.000020"
    },
    {
        "type": "message",
        "user": "U06TD3AUW",
        "text": "It's kind of an unspoken rule out our office that if you have headphones on (music or not), you are in \"code mode\" and not to be disturbed. Works out pretty well in our case.\n\n<@U0L7GN8HM>: Bark! Growl, Ruff!",
        "ts": "1467386686.000021"
    },
    {
        "type": "message",
        "user": "U0L74J1CN",
        "text": "If he is your friend but like \"shhhhhhhhhhhhhhhh\"\nThat's what my teammates say to me when I am annoyingly loud",
        "ts": "1467386688.000022",
        "reactions": [
            {
                "name": "joy",
                "users": [
                    "U06TD3AUW"
                ],
                "count": 1
            },
            {
                "name": "mute",
                "users": [
                    "U06TD3AUW"
                ],
                "count": 1
            }
        ]
    },
    {
        "type": "message",
        "user": "U0K96PWET",
        "text": "hahahaha",
        "ts": "1467386704.000023"
    },
    {
        "type": "message",
        "user": "U06TBPWAW",
        "text": "So do they have that on repeat for you <@U0L74J1CN>",
        "ts": "1467386720.000024"
    },
    {
        "type": "message",
        "user": "U06TBPWAW",
        "text": "Sick Burn",
        "ts": "1467386723.000025",
        "reactions": [
            {
                "name": "fire",
                "users": [
                    "U06TD3AUW",
                    "U0L7GN8HM",
                    "U0JMJDERY"
                ],
                "count": 3
            }
        ]
    },
    {
        "type": "message",
        "user": "U0L7GN8HM",
        "text": "Yeah we do it a least once a day",
        "ts": "1467386749.000026"
    },
    {
        "type": "message",
        "user": "U0L74J1CN",
        "text": "It would be funny if it wasn't true",
        "ts": "1467386754.000027"
    },
    {
        "type": "message",
        "user": "U0L74J1CN",
        "text": "It's just sad actually ",
        "ts": "1467386762.000028",
        "reactions": [
            {
                "name": "feels",
                "users": [
                    "U06TD3AUW",
                    "U0L7GN8HM",
                    "U0JMJDERY",
                    "U0L74J1CN",
                    "U06STR2NR"
                ],
                "count": 5
            }
        ]
    },
    {
        "type": "message",
        "user": "U06TBPWAW",
        "text": "<http:\/\/www.mscdirect.com\/browse\/tnpla\/61524385?src=pla&amp;cid=PLA-Google-PLA+-+Test&amp;CS_003=7867724&amp;CS_010=61524385&amp;mkwid=%5B*GCLIP*%5D&amp;prcid=%5B*GCLSRC%5D>",
        "ts": "1467386769.000029"
    },
    {
        "type": "message",
        "user": "U0L74J1CN",
        "text": "Ooooooohhhh",
        "ts": "1467386785.000030",
        "reactions": [
            {
                "name": "fb_sad",
                "users": [
                    "U0L7GN8HM",
                    "U0JMJDERY"
                ],
                "count": 2
            },
            {
                "name": "trollface",
                "users": [
                    "U0L74J1CN"
                ],
                "count": 1
            }
        ]
    },
    {
        "type": "message",
        "user": "U06TD3AUW",
        "text": "Since you said it happens at least once a day, these might be more convenient: \n<https:\/\/www.zoro.com\/value-brand-burn-aid-gel-packet-18-oz-pk25-3066\/i\/G3237963\/?gclid=CjwKEAjwqdi7BRCL6Zmjk5-rsTwSJABmrVabxIHF0x01W6b6Qhe6Y_m66X97o-uKmoHwrZtP95WrmRoCRGfw_wcB&amp;gclsrc=aw.ds>",
        "attachments": [
            {
                "title": "          Value Brand Burn Aid Gel, Packet, 1\/8 oz., PK25 3066 | Zoro.com      ",
                "title_link": "https:\/\/www.zoro.com\/value-brand-burn-aid-gel-packet-18-oz-pk25-3066\/i\/G3237963\/?gclid=CjwKEAjwqdi7BRCL6Zmjk5-rsTwSJABmrVabxIHF0x01W6b6Qhe6Y_m66X97o-uKmoHwrZtP95WrmRoCRGfw_wcB&gclsrc=aw.ds",
                "text": "Zoro Tools Industrial Supplies",
                "fallback": "          Value Brand Burn Aid Gel, Packet, 1\/8 oz., PK25 3066 | Zoro.com      ",
                "from_url": "https:\/\/www.zoro.com\/value-brand-burn-aid-gel-packet-18-oz-pk25-3066\/i\/G3237963\/?gclid=CjwKEAjwqdi7BRCL6Zmjk5-rsTwSJABmrVabxIHF0x01W6b6Qhe6Y_m66X97o-uKmoHwrZtP95WrmRoCRGfw_wcB&gclsrc=aw.ds",
                "thumb_url": "https:\/\/d2pbmlo3fglvvr.cloudfront.net\/product\/thum\/Z0BL9yfo5oy.JPG",
                "thumb_width": 100,
                "thumb_height": 75,
                "service_icon": "https:\/\/www.zoro.com\/favicon.ico",
                "service_name": "zoro.com",
                "id": 1
            }
        ],
        "ts": "1467386853.000031",
        "reactions": [
            {
                "name": "flames",
                "users": [
                    "U0L74J1CN",
                    "U06TBPWAW"
                ],
                "count": 2
            }
        ]
    },
    {
        "type": "message",
        "user": "U0L74J1CN",
        "text": "\"frick it\"",
        "ts": "1467386927.000033"
    },
    {
        "type": "message",
        "user": "U0KN45G2W",
        "text": "<@U0K96PWET>: Just tell him that managers hear him talking about this and to be careful",
        "ts": "1467387078.000034"
    },
    {
        "type": "message",
        "user": "U0KN45G2W",
        "text": "if you say it as a friend looking out for another friend, it should be received well",
        "ts": "1467387093.000035",
        "reactions": [
            {
                "name": "+1",
                "users": [
                    "U06TD3AUW"
                ],
                "count": 1
            }
        ]
    },
    {
        "type": "message",
        "user": "U0K96PWET",
        "text": "good point",
        "ts": "1467387101.000036"
    },
    {
        "type": "message",
        "user": "U0KN45G2W",
        "text": "that way you aren’t saying “I don’t feel comfortable” or something that may be too formal and not friendly",
        "ts": "1467387120.000037",
        "reactions": [
            {
                "name": "+1",
                "users": [
                    "U0L7GN8HM"
                ],
                "count": 1
            }
        ]
    },
    {
        "type": "message",
        "user": "U06TBPWAW",
        "text": "Dont listen to Sean, He tells me to get back to work and stop messing around all the time. It doesnt work. \n\nTake it from me, Tell him you think you might have lice while scratching your head. The End",
        "ts": "1467387193.000038",
        "reactions": [
            {
                "name": "bug",
                "users": [
                    "U06TD3AUW"
                ],
                "count": 1
            }
        ]
    },
    {
        "type": "message",
        "user": "U0L74J1CN",
        "text": "^",
        "ts": "1467387208.000039"
    },
    {
        "type": "message",
        "user": "U0L74J1CN",
        "text": ":+1: :+1: :+1: ",
        "ts": "1467387215.000040"
    },
    {
        "type": "message",
        "user": "U0KN45G2W",
        "text": "button that lip, galindo",
        "ts": "1467387234.000041"
    },
    {
        "type": "message",
        "user": "U0KN45G2W",
        "text": "and get back to work",
        "ts": "1467387238.000042",
        "reactions": [
            {
                "name": "ibm",
                "users": [
                    "U06TD3AUW"
                ],
                "count": 1
            }
        ]
    },
    {
        "type": "message",
        "user": "U06TBPWAW",
        "text": "Sir yes sir",
        "ts": "1467387249.000043"
    },
    {
        "type": "message",
        "user": "U0L74J1CN",
        "text": "Brandon and I are bored\nWe need amusement \nPlease don't leave",
        "ts": "1467387267.000044"
    },
    {
        "type": "message",
        "user": "U06TBPWAW",
        "text": "Sorry the scrum leader is telling me to get back to work",
        "ts": "1467387288.000045"
    },
    {
        "type": "message",
        "user": "U06TBPWAW",
        "text": "aka the bosses bitch",
        "ts": "1467387305.000046",
        "reactions": [
            {
                "name": "surprised_obama",
                "users": [
                    "U06TD3AUW"
                ],
                "count": 1
            }
        ]
    },
    {
        "type": "message",
        "user": "U0KN45G2W",
        "text": "I prefer the term “righteous overseer\"",
        "ts": "1467387309.000047",
        "reactions": [
            {
                "name": "crown",
                "users": [
                    "U0K96PWET",
                    "U06TD3AUW"
                ],
                "count": 2
            }
        ]
    },
    {
        "type": "message",
        "user": "U06TBPWAW",
        "text": "Burned again!",
        "ts": "1467387313.000048"
    },
    {
        "type": "message",
        "user": "U06TBPWAW",
        "text": "<https:\/\/en.wikipedia.org\/wiki\/List_of_burn_centers_in_the_United_States>",
        "ts": "1467387330.000049"
    },
    {
        "type": "message",
        "user": "U0L7K1PB4",
        "text": "<https:\/\/s-media-cache-ak0.pinimg.com\/736x\/e3\/2b\/a2\/e32ba2a046cc9bea8e92cfdb21b6a0a7.jpg>",
        "attachments": [
            {
                "fallback": "620x620px image",
                "image_url": "https:\/\/s-media-cache-ak0.pinimg.com\/736x\/e3\/2b\/a2\/e32ba2a046cc9bea8e92cfdb21b6a0a7.jpg",
                "image_width": 620,
                "image_height": 620,
                "image_bytes": 50471,
                "from_url": "https:\/\/s-media-cache-ak0.pinimg.com\/736x\/e3\/2b\/a2\/e32ba2a046cc9bea8e92cfdb21b6a0a7.jpg",
                "id": 1
            }
        ],
        "ts": "1467387880.000050"
    },
    {
        "type": "message",
        "user": "U06TBPWAW",
        "text": "<https:\/\/s-media-cache-ak0.pinimg.com\/564x\/8a\/8a\/b5\/8a8ab59890b64617208fdd713421bd6b.jpg>",
        "attachments": [
            {
                "fallback": "444x442px image",
                "image_url": "https:\/\/s-media-cache-ak0.pinimg.com\/564x\/8a\/8a\/b5\/8a8ab59890b64617208fdd713421bd6b.jpg",
                "image_width": 444,
                "image_height": 442,
                "image_bytes": 39760,
                "from_url": "https:\/\/s-media-cache-ak0.pinimg.com\/564x\/8a\/8a\/b5\/8a8ab59890b64617208fdd713421bd6b.jpg",
                "id": 1
            }
        ],
        "ts": "1467387971.000052"
    },
    {
        "type": "message",
        "user": "U06TD3AUW",
        "text": "\/giphy get to work!",
        "attachments": [
            {
                "fallback": "giphy: <http:\/\/giphy.com\/gifs\/wave-working-but-El6tV7EVjLuXC>",
                "image_url": "http:\/\/media.giphy.com\/media\/El6tV7EVjLuXC\/giphy-tumblr.gif",
                "image_width": 250,
                "image_height": 140,
                "image_bytes": 781688,
                "is_animated": true,
                "title": "get to work!",
                "id": 1,
                "title_link": "http:\/\/giphy.com\/gifs\/wave-working-but-El6tV7EVjLuXC"
            }
        ],
        "ts": "1467388036.000054",
        "reactions": [
            {
                "name": "fu",
                "users": [
                    "U06TD3AUW"
                ],
                "count": 1
            }
        ]
    },
    {
        "type": "message",
        "user": "U06TD3AUW",
        "text": "I fucking hate giphy",
        "ts": "1467388042.000055"
    },
    {
        "type": "message",
        "user": "U06TBPWAW",
        "text": "\/giphy back to work",
        "attachments": [
            {
                "fallback": "giphy: <http:\/\/giphy.com\/gifs\/editingandlayout-yWh7b6fWA5rJm>",
                "image_url": "http:\/\/media.giphy.com\/media\/yWh7b6fWA5rJm\/giphy-tumblr.gif",
                "image_width": 250,
                "image_height": 145,
                "image_bytes": 1364226,
                "is_animated": true,
                "title": "back to work",
                "id": 1,
                "title_link": "http:\/\/giphy.com\/gifs\/editingandlayout-yWh7b6fWA5rJm"
            }
        ],
        "ts": "1467388065.000057"
    },
    {
        "type": "message",
        "user": "U06TD3AUW",
        "text": "....",
        "ts": "1467388070.000058"
    },
    {
        "type": "message",
        "user": "U0L74J1CN",
        "text": "\/giphy get to work",
        "attachments": [
            {
                "fallback": "giphy: <http:\/\/giphy.com\/gifs\/saw-wood-chainsaw-xTiTnLDvFKdJB8yexW>",
                "image_url": "http:\/\/media.giphy.com\/media\/xTiTnLDvFKdJB8yexW\/giphy-tumblr.gif",
                "image_width": 500,
                "image_height": 239,
                "image_bytes": 1655894,
                "is_animated": true,
                "title": "get to work",
                "id": 1,
                "title_link": "http:\/\/giphy.com\/gifs\/saw-wood-chainsaw-xTiTnLDvFKdJB8yexW"
            }
        ],
        "ts": "1467388092.000060"
    },
    {
        "type": "message",
        "user": "U06TD3AUW",
        "text": "That's all I do at my home depot internship",
        "ts": "1467388112.000061",
        "reactions": [
            {
                "name": "smile",
                "users": [
                    "U0L7K1PB4",
                    "U0L74J1CN",
                    "U06TBPWAW",
                    "U0K96PWET"
                ],
                "count": 4
            }
        ]
    },
    {
        "type": "message",
        "user": "U0L74J1CN",
        "text": "Fun fact: we call our tech lead Mom",
        "ts": "1467388297.000062",
        "reactions": [
            {
                "name": "information_desk_person",
                "users": [
                    "U06TD3AUW",
                    "U0K96PWET"
                ],
                "count": 2
            }
        ]
    },
    {
        "type": "message",
        "user": "U0L7K1PB4",
        "text": "hey, we do too. I don’t think he likes it",
        "ts": "1467388681.000063"
    },
    {
        "type": "message",
        "user": "U0L7K1PB4",
        "text": "`1 passed in 69.22 seconds `\n `summary`\n `py35: commands succeeded`\n `congratulations :)`",
        "ts": "1467388798.000064",
        "reactions": [
            {
                "name": "nerd_face",
                "users": [
                    "U0K96PWET"
                ],
                "count": 1
            }
        ]
    },
    {
        "type": "message",
        "user": "U0L7K1PB4",
        "text": "Today, I did a thing. I’m just going to leave this here, because it took gd forever to get to this point.",
        "ts": "1467388800.000065"
    },
    {
        "type": "message",
        "user": "U06TD3AUW",
        "text": "haha",
        "ts": "1467388820.000066"
    },
    {
        "type": "message",
        "user": "U06TD3AUW",
        "text": "I know the feeling",
        "ts": "1467388827.000067"
    },
    {
        "type": "message",
        "user": "U0L74J1CN",
        "text": "Good job :+1: :+1: ",
        "ts": "1467388902.000068"
    },
    {
        "type": "message",
        "user": "U06TD3AUW",
        "text": "<@U0L7K1PB4>: Are you working remotely today? Or do they still have you show up on fridays?",
        "ts": "1467388966.000069"
    },
    {
        "type": "message",
        "user": "U0L7K1PB4",
        "text": "Almost everyone on my team took the day off to turn a 3-day weekend into  4-day, and everyone else is working from home or remote. So they told me to stay home. I don’t know if I like wfh, feel more focussed at my office",
        "ts": "1467389053.000070"
    },
    {
        "type": "message",
        "user": "U0L7K1PB4",
        "text": "also, no free snacks :unamused:",
        "ts": "1467389803.000071"
    },
    {
        "type": "message",
        "user": "U06TD3AUW",
        "text": "Yea same here, except us interns are all still here in this empty office. And yea I would probably feel the same way about wfh, but because no one else is really here but the interns, I don't feel productive anyway lol Everyone is just in the hallway talking and I'm just on slack haha\n\nNo snacks?! What's the point in even being there then?",
        "ts": "1467389868.000072"
    },
    {
        "type": "message",
        "user": "U0L74J1CN",
        "text": "We are stuck on something and need help from the FTEs but no one is here!!",
        "ts": "1467389960.000073"
    },
    {
        "type": "message",
        "user": "U0L74J1CN",
        "text": "Stupid command line",
        "ts": "1467389970.000074"
    },
    {
        "type": "message",
        "user": "U06TBPWAW",
        "text": "Command line is life",
        "ts": "1467389984.000075",
        "reactions": [
            {
                "name": "computer",
                "users": [
                    "U06TD3AUW"
                ],
                "count": 1
            }
        ]
    },
    {
        "type": "message",
        "user": "U0L7GN8HM",
        "text": "Yeah it's basically just interns here today as well",
        "ts": "1467389988.000076"
    },
    {
        "type": "message",
        "user": "U0L7GN8HM",
        "text": "Josh is life ",
        "ts": "1467389995.000077"
    },
    {
        "type": "message",
        "user": "U0L74J1CN",
        "text": "Nerf guns are life",
        "ts": "1467390004.000078"
    },
    {
        "type": "message",
        "user": "U0L7K1PB4",
        "text": "Interns gotta fend for themselves",
        "ts": "1467390005.000079"
    },
    {
        "type": "message",
        "user": "U0L74J1CN",
        "text": "Everything is on fire",
        "ts": "1467390013.000080"
    },
    {
        "type": "message",
        "subtype": "file_share",
        "text": "<@U06TD3AUW|jcflinn> uploaded a file: <https:\/\/txstatecs.slack.com\/files\/jcflinn\/F1N6D9V96\/thisisfine.jpg|thisisfine.jpg>",
        "file": {
            "id": "F1N6D9V96",
            "created": 1467390124,
            "timestamp": 1467390124,
            "name": "thisisfine.jpg",
            "title": "thisisfine.jpg",
            "mimetype": "image\/jpeg",
            "filetype": "jpg",
            "pretty_type": "JPEG",
            "user": "U06TD3AUW",
            "editable": false,
            "size": 52618,
            "mode": "hosted",
            "is_external": false,
            "external_type": "",
            "is_public": true,
            "public_url_shared": false,
            "display_as_bot": false,
            "username": "",
            "url_private": "https:\/\/files.slack.com\/files-pri\/T06STEZ2L-F1N6D9V96\/thisisfine.jpg?t=xoxe-6911509088-177219117537-177786475698-c3d3bb179c",
            "url_private_download": "https:\/\/files.slack.com\/files-pri\/T06STEZ2L-F1N6D9V96\/download\/thisisfine.jpg?t=xoxe-6911509088-177219117537-177786475698-c3d3bb179c",
            "thumb_64": "https:\/\/files.slack.com\/files-tmb\/T06STEZ2L-F1N6D9V96-337bd0f223\/thisisfine_64.jpg?t=xoxe-6911509088-177219117537-177786475698-c3d3bb179c",
            "thumb_80": "https:\/\/files.slack.com\/files-tmb\/T06STEZ2L-F1N6D9V96-337bd0f223\/thisisfine_80.jpg?t=xoxe-6911509088-177219117537-177786475698-c3d3bb179c",
            "thumb_360": "https:\/\/files.slack.com\/files-tmb\/T06STEZ2L-F1N6D9V96-337bd0f223\/thisisfine_360.jpg?t=xoxe-6911509088-177219117537-177786475698-c3d3bb179c",
            "thumb_360_w": 360,
            "thumb_360_h": 142,
            "thumb_480": "https:\/\/files.slack.com\/files-tmb\/T06STEZ2L-F1N6D9V96-337bd0f223\/thisisfine_480.jpg?t=xoxe-6911509088-177219117537-177786475698-c3d3bb179c",
            "thumb_480_w": 480,
            "thumb_480_h": 189,
            "thumb_160": "https:\/\/files.slack.com\/files-tmb\/T06STEZ2L-F1N6D9V96-337bd0f223\/thisisfine_160.jpg?t=xoxe-6911509088-177219117537-177786475698-c3d3bb179c",
            "image_exif_rotation": 1,
            "original_w": 600,
            "original_h": 236,
            "permalink": "https:\/\/txstatecs.slack.com\/files\/jcflinn\/F1N6D9V96\/thisisfine.jpg",
            "permalink_public": "https:\/\/slack-files.com\/T06STEZ2L-F1N6D9V96-9f1d58bb52",
            "channels": [
                "C06STNWGZ"
            ],
            "groups": [],
            "ims": [],
            "comments_count": 0
        },
        "user": "U06TD3AUW",
        "upload": true,
        "display_as_bot": false,
        "username": "jcflinn",
        "bot_id": null,
        "ts": "1467390126.000081"
    },
    {
        "type": "message",
        "user": "U0L7K1PB4",
        "text": "`cat galindo.txt | grep -w ‘\/anything_of_value’`",
        "ts": "1467390136.000082",
        "reactions": [
            {
                "name": "robot_face",
                "users": [
                    "U0JMJDERY"
                ],
                "count": 1
            },
            {
                "name": "fb_laugh",
                "users": [
                    "U0L74J1CN"
                ],
                "count": 1
            }
        ]
    },
    {
        "type": "message",
        "user": "U0L7K1PB4",
        "text": "hm, nothing came back, weird",
        "ts": "1467390146.000083"
    },
    {
        "type": "message",
        "user": "U06TD3AUW",
        "text": "lmao",
        "ts": "1467390159.000084"
    },
    {
        "type": "message",
        "user": "U0K96PWET",
        "text": "<@U06TD3AUW>: that pic is the quintessential #internlife pic",
        "ts": "1467393327.000085",
        "reactions": [
            {
                "name": "gandalf",
                "users": [
                    "U06TD3AUW"
                ],
                "count": 1
            }
        ]
    },
    {
        "type": "message",
        "user": "U06TBPWAW",
        "text": "That was hurtful josh",
        "ts": "1467393599.000086",
        "reactions": [
            {
                "name": "feels",
                "users": [
                    "U06TD3AUW"
                ],
                "count": 1
            }
        ]
    },
    {
        "type": "message",
        "subtype": "file_share",
        "text": "<@U0K96PWET|stpcollabr8nlstn> uploaded a file: <https:\/\/txstatecs.slack.com\/files\/stpcollabr8nlstn\/F1N7ABQCR\/sneaky_sneaky.jpg|sneaky sneaky.jpg> and commented: Am I the only one throwing those tasks back in the backlog like",
        "file": {
            "id": "F1N7ABQCR",
            "created": 1467393644,
            "timestamp": 1467393644,
            "name": "sneaky sneaky.jpg",
            "title": "sneaky sneaky.jpg",
            "mimetype": "image\/jpeg",
            "filetype": "jpg",
            "pretty_type": "JPEG",
            "user": "U0K96PWET",
            "editable": false,
            "size": 107066,
            "mode": "hosted",
            "is_external": false,
            "external_type": "",
            "is_public": true,
            "public_url_shared": false,
            "display_as_bot": false,
            "username": "",
            "url_private": "https:\/\/files.slack.com\/files-pri\/T06STEZ2L-F1N7ABQCR\/sneaky_sneaky.jpg?t=xoxe-6911509088-177219117537-177786475698-c3d3bb179c",
            "url_private_download": "https:\/\/files.slack.com\/files-pri\/T06STEZ2L-F1N7ABQCR\/download\/sneaky_sneaky.jpg?t=xoxe-6911509088-177219117537-177786475698-c3d3bb179c",
            "thumb_64": "https:\/\/files.slack.com\/files-tmb\/T06STEZ2L-F1N7ABQCR-cdf030b4f0\/sneaky_sneaky_64.jpg?t=xoxe-6911509088-177219117537-177786475698-c3d3bb179c",
            "thumb_80": "https:\/\/files.slack.com\/files-tmb\/T06STEZ2L-F1N7ABQCR-cdf030b4f0\/sneaky_sneaky_80.jpg?t=xoxe-6911509088-177219117537-177786475698-c3d3bb179c",
            "thumb_360": "https:\/\/files.slack.com\/files-tmb\/T06STEZ2L-F1N7ABQCR-cdf030b4f0\/sneaky_sneaky_360.jpg?t=xoxe-6911509088-177219117537-177786475698-c3d3bb179c",
            "thumb_360_w": 360,
            "thumb_360_h": 360,
            "thumb_160": "https:\/\/files.slack.com\/files-tmb\/T06STEZ2L-F1N7ABQCR-cdf030b4f0\/sneaky_sneaky_160.jpg?t=xoxe-6911509088-177219117537-177786475698-c3d3bb179c",
            "image_exif_rotation": 1,
            "original_w": 400,
            "original_h": 400,
            "permalink": "https:\/\/txstatecs.slack.com\/files\/stpcollabr8nlstn\/F1N7ABQCR\/sneaky_sneaky.jpg",
            "permalink_public": "https:\/\/slack-files.com\/T06STEZ2L-F1N7ABQCR-dcb83c7f21",
            "channels": [
                "C06STNWGZ"
            ],
            "groups": [],
            "ims": [],
            "comments_count": 1,
            "initial_comment": {
                "id": "Fc1N7456S1",
                "created": 1467393644,
                "timestamp": 1467393644,
                "user": "U0K96PWET",
                "is_intro": true,
                "comment": "Am I the only one throwing those tasks back in the backlog like",
                "channel": ""
            }
        },
        "user": "U0K96PWET",
        "upload": true,
        "display_as_bot": false,
        "username": "stpcollabr8nlstn",
        "bot_id": null,
        "ts": "1467393646.000087"
    },
    {
        "type": "message",
        "user": "U06TD3AUW",
        "text": "We still have everything from our first sprint in the current sprint...HD Agile confuses me lol",
        "ts": "1467393809.000088",
        "reactions": [
            {
                "name": "sweat_smile",
                "users": [
                    "U06STR2NR"
                ],
                "count": 1
            }
        ]
    },
    {
        "type": "message",
        "user": "U0K96PWET",
        "text": "\/giphy agile",
        "attachments": [
            {
                "fallback": "giphy: <http:\/\/giphy.com\/gifs\/class-master-agility-eoSZt6XDCId7W>",
                "image_url": "http:\/\/media.giphy.com\/media\/eoSZt6XDCId7W\/giphy-tumblr.gif",
                "image_width": 250,
                "image_height": 250,
                "image_bytes": 1244258,
                "is_animated": true,
                "title": "agile",
                "id": 1,
                "title_link": "http:\/\/giphy.com\/gifs\/class-master-agility-eoSZt6XDCId7W"
            }
        ],
        "ts": "1467393864.000089"
    },
    {
        "type": "message",
        "user": "U06TD3AUW",
        "text": "me starting off each story ^^",
        "edited": {
            "user": "U06TD3AUW",
            "ts": "1467394191.000000"
        },
        "ts": "1467393973.000090"
    },
    {
        "type": "message",
        "user": "U06STR2NR",
        "text": "\/giphy headdesk",
        "attachments": [
            {
                "fallback": "giphy: <http:\/\/giphy.com\/gifs\/fml-headdesk-frustrated-cvHSpGveXf5rG>",
                "image_url": "http:\/\/media0.giphy.com\/media\/cvHSpGveXf5rG\/giphy.gif",
                "image_width": 250,
                "image_height": 141,
                "image_bytes": 227552,
                "is_animated": true,
                "title": "headdesk",
                "id": 1,
                "title_link": "http:\/\/giphy.com\/gifs\/fml-headdesk-frustrated-cvHSpGveXf5rG"
            }
        ],
        "ts": "1467394308.000092",
        "reactions": [
            {
                "name": "joy",
                "users": [
                    "U06TD3AUW"
                ],
                "count": 1
            }
        ]
    },
    {
        "type": "message",
        "user": "U06TD3AUW",
        "text": "That was me earlier this week when I accidentally deleted the wrong github branch...",
        "ts": "1467394364.000093"
    },
    {
        "type": "message",
        "user": "U0L7K1PB4",
        "text": "-d instead of -D?",
        "ts": "1467395175.000094",
        "reactions": [
            {
                "name": "pensive",
                "users": [
                    "U06TD3AUW"
                ],
                "count": 1
            }
        ]
    },
    {
        "type": "message",
        "user": "U0L7K1PB4",
        "text": "vice versa",
        "ts": "1467395185.000095"
    },
    {
        "type": "message",
        "user": "U0L74J1CN",
        "text": "My team made a kahnban board and everything. Then proceeded to never look at it again",
        "ts": "1467395257.000096",
        "reactions": [
            {
                "name": "clap",
                "users": [
                    "U06STR2NR"
                ],
                "count": 1
            }
        ]
    },
    {
        "type": "message",
        "user": "U0L74J1CN",
        "text": "We still have standups though",
        "ts": "1467395266.000097"
    },
    {
        "type": "message",
        "user": "U06TD3AUW",
        "text": "We only look at ours for our \"standups\" (read: conference calls). And our tech lead takes forever and a day to give us new stories.",
        "ts": "1467395329.000098"
    },
    {
        "type": "message",
        "user": "U0L74J1CN",
        "text": "Yesterday our tech lead told us to create new stories, including ones for the tasks we already finished in the past few weeks\nI came into this internship thinking it was the super serious thing with constant burn down charts and entering times, now I have found the truth",
        "ts": "1467395466.000099"
    },
    {
        "type": "message",
        "user": "U0L7K1PB4",
        "text": "haha, for reals",
        "ts": "1467395523.000100"
    },
    {
        "type": "message",
        "user": "U0L7K1PB4",
        "text": "“oh god, if I don’t finish this today, they’re all going to know I’m a great big phony\"",
        "ts": "1467395565.000101",
        "reactions": [
            {
                "name": "joy",
                "users": [
                    "U06TD3AUW"
                ],
                "count": 1
            }
        ]
    },
    {
        "type": "message",
        "user": "U06STR2NR",
        "text": "ah, yes, the True Agile Way - values Getting Shit Done over Dutifully Adhering To The Manifesto",
        "edited": {
            "user": "U06STR2NR",
            "ts": "1467395626.000000"
        },
        "ts": "1467395566.000102",
        "reactions": [
            {
                "name": "100",
                "users": [
                    "U06TD3AUW",
                    "U0L7GN8HM"
                ],
                "count": 2
            }
        ]
    },
    {
        "type": "message",
        "user": "U0L7K1PB4",
        "text": "they started doing standups on my team because the intern  was there now so they need to set a good example",
        "ts": "1467395640.000104"
    },
    {
        "type": "message",
        "user": "U0L7K1PB4",
        "text": "and then they could barely keep from telling me how to get around the company firewall since it makes development a PITA",
        "ts": "1467395680.000105"
    },
    {
        "type": "message",
        "user": "U06STR2NR",
        "text": "some overhead is really necessary, but burndown charts and story points are, in my experience, more useful for middle management than for developers",
        "ts": "1467395747.000106",
        "reactions": [
            {
                "name": "+1",
                "users": [
                    "U0L7K1PB4",
                    "U06TD3AUW"
                ],
                "count": 2
            }
        ]
    },
    {
        "type": "message",
        "user": "U06STR2NR",
        "text": "such a shame they sign our paychecks, then...",
        "ts": "1467395771.000107"
    },
    {
        "type": "message",
        "user": "U06STR2NR",
        "text": ":wink:",
        "ts": "1467395776.000108"
    },
    {
        "type": "message",
        "user": "U06TD3AUW",
        "text": "yea I had to explain to my team what the use for the burndowns are. They weren't aware that was a part of Agile. But I agree, its more for management. My team *just* started migrating their workflow to a more \"agile methodology\" once I got there. So their still pretty new to the whole process as well.",
        "ts": "1467395952.000109"
    },
    {
        "type": "message",
        "user": "U06TD3AUW",
        "text": "I'm used to the developers making the stories, but our tech lead is in charge of that. (and honestly, I don't mind it because I have no idea what needs to be done next haha)",
        "ts": "1467396006.000110"
    },
    {
        "type": "message",
        "user": "U0L7K1PB4",
        "text": "how much testing do y’all do? I’ve been working on adding a unit test to our automated tests for the stuff I completed a couple weeks ago and learning the ins and outs of pytest has bee as challenging as figuring out original code",
        "edited": {
            "user": "U0L7K1PB4",
            "ts": "1467396357.000000"
        },
        "ts": "1467396348.000111"
    },
    {
        "type": "message",
        "user": "U0L7K1PB4",
        "text": "turing forbid I have to mess with anything in jenkins",
        "ts": "1467396463.000113"
    },
    {
        "type": "message",
        "user": "U06TD3AUW",
        "text": "We are using behavioral testing with Behave, but their not pressing it too much, as they want us to focus getting something actually done, rather than fumbling over the testing (I swear that's all I did for 4 days a few weeks ago). Though we have some pretty basic tests up and running now.\n\nand screw jenkins lol",
        "ts": "1467396885.000114"
    },
    {
        "type": "message",
        "user": "U0L7K1PB4",
        "text": "Yea, Pytest was a serious speedbump for me but I’m glad I know a lot more about testing and it now. Don’t know if I could bring myself to take the testing course at TXST if they ever offer it again",
        "ts": "1467397150.000115"
    },
    {
        "type": "message",
        "user": "U0L74J1CN",
        "text": "I have only used JUnit so far. \nThen moved away asap",
        "ts": "1467397176.000116",
        "reactions": [
            {
                "name": "joy",
                "users": [
                    "U06TD3AUW"
                ],
                "count": 1
            },
            {
                "name": "runner",
                "users": [
                    "U06TD3AUW"
                ],
                "count": 1
            }
        ]
    },
    {
        "type": "message",
        "user": "U0K96PWET",
        "text": "Hey guys - know what's really fun? When you go to lunch and come back to discover the move to production involved deprecating the foundation of all the projects your team has been working on.",
        "ts": "1467397379.000117"
    },
    {
        "type": "message",
        "user": "U0K96PWET",
        "text": "....And everyone is now gone for the Holiday",
        "ts": "1467397391.000118"
    },
    {
        "type": "message",
        "user": "U0K96PWET",
        "text": "so.... ping pong anyone?",
        "ts": "1467397427.000119",
        "reactions": [
            {
                "name": "table_tennis_paddle_and_ball",
                "users": [
                    "U06TD3AUW"
                ],
                "count": 1
            }
        ]
    },
    {
        "type": "message",
        "user": "U06TBPWAW",
        "text": "Dealing with a deprecated push plugin right now. Just got it all moved over to the new plugin",
        "ts": "1467397431.000120"
    },
    {
        "type": "message",
        "user": "U0L7K1PB4",
        "text": "everything really is on fire there",
        "ts": "1467397481.000121",
        "reactions": [
            {
                "name": "fire_engine",
                "users": [
                    "U06TD3AUW"
                ],
                "count": 1
            }
        ]
    },
    {
        "type": "message",
        "user": "U0K96PWET",
        "text": "\/giphy this girl is on fire",
        "attachments": [
            {
                "fallback": "giphy: <http:\/\/giphy.com\/gifs\/sailor-moon-history-major-this-girl-is-on-fire-11hnCwMag9Iuo8>",
                "image_url": "http:\/\/media3.giphy.com\/media\/11hnCwMag9Iuo8\/giphy.gif",
                "image_width": 116,
                "image_height": 113,
                "image_bytes": 152591,
                "is_animated": true,
                "title": "this girl is on fire",
                "id": 1,
                "title_link": "http:\/\/giphy.com\/gifs\/sailor-moon-history-major-this-girl-is-on-fire-11hnCwMag9Iuo8"
            }
        ],
        "ts": "1467397601.000126"
    },
    {
        "type": "message",
        "user": "U06TD3AUW",
        "text": "<@U0L7K1PB4>: yea, while it's really useful and I've learned a lot, I don't know if I'm willing to fumble through a whole class on it.",
        "ts": "1467397759.000127",
        "reactions": [
            {
                "name": "+1",
                "users": [
                    "U0L7K1PB4"
                ],
                "count": 1
            }
        ]
    },
    {
        "type": "message",
        "user": "U06STR2NR",
        "text": "<@U0L7K1PB4>: Software Testing was mostly theory, material was very dry and dense, the assignments and tests were difficult mostly because you had to learn all the implementation yourself, somehow passed even though I had no idea what I was doing all semester.",
        "ts": "1467398978.000128"
    },
    {
        "type": "message",
        "user": "U06STR2NR",
        "text": "overall pretty neat - glad I could put it on my resume - but I don't feel like I got my tuition's worth, ya feel?",
        "ts": "1467399012.000129"
    },
    {
        "type": "message",
        "user": "U0L7K1PB4",
        "text": "for sure",
        "ts": "1467399068.000130"
    },
    {
        "type": "message",
        "user": "U06STR2NR",
        "text": "oh, and the lecture slides pretty much all came from the internet.",
        "ts": "1467399164.000131"
    },
    {
        "type": "message",
        "user": "U0K96PWET",
        "text": "My loud cube neighbor goes to an ivy league school and was telling us about how his prof was one of the founders of Tor.",
        "ts": "1467399265.000132"
    },
    {
        "type": "message",
        "user": "U06TBPWAW",
        "text": "Huh, speak up missy, Did you say Thor?",
        "ts": "1467399314.000133"
    },
    {
        "type": "message",
        "user": "U0L7K1PB4",
        "text": "Apache Thor should be a project",
        "ts": "1467399333.000134"
    },
    {
        "type": "message",
        "user": "U06TBPWAW",
        "text": "lol",
        "ts": "1467399337.000135"
    }
]