[
    {
        "user": "U2TTLD7V1",
        "text": "<@U2TTLD7V1|jjtomato> has joined the channel",
        "type": "message",
        "subtype": "channel_join",
        "ts": "1477410193.000459"
    },
    {
        "type": "message",
        "user": "U06TD3AUW",
        "text": "Does anyone know if we are allowed to use the school's 3D printers?",
        "ts": "1477417967.000460"
    },
    {
        "type": "message",
        "user": "U1P0V3T7D",
        "text": "I didn’t know we had one…let’s print pokemon",
        "ts": "1477418391.000461"
    },
    {
        "type": "message",
        "user": "U1B6UPLCU",
        "text": "dont mind me, just slacking while taking my exam in Tamir's",
        "ts": "1477418952.000462",
        "reactions": [
            {
                "name": "clapping",
                "users": [
                    "U2E11AL3U"
                ],
                "count": 1
            }
        ]
    },
    {
        "type": "message",
        "user": "U1B6UPLCU",
        "text": "\/giphy whistle",
        "bot_id": "B1H8K1E14",
        "attachments": [
            {
                "fallback": "giphy: <http:\/\/giphy.com\/gifs\/simpleplan-music-video-simple-plan-singing-in-the-rain-l3V0vvpCmVwHpuDvy>",
                "image_url": "http:\/\/media3.giphy.com\/media\/l3V0vvpCmVwHpuDvy\/giphy.gif",
                "image_width": 480,
                "image_height": 270,
                "image_bytes": 740240,
                "is_animated": true,
                "title": "whistle",
                "id": 1,
                "title_link": "http:\/\/giphy.com\/gifs\/simpleplan-music-video-simple-plan-singing-in-the-rain-l3V0vvpCmVwHpuDvy"
            }
        ],
        "ts": "1477418959.000463"
    },
    {
        "type": "message",
        "user": "U0K96PWET",
        "text": "<https:\/\/www.youtube.com\/watch?v=GpzxMHAKfMA>",
        "attachments": [
            {
                "service_name": "YouTube",
                "service_url": "https:\/\/www.youtube.com\/",
                "title": "The Man Who Never Clicks (\"The Shortcut to Happiness\")",
                "title_link": "https:\/\/www.youtube.com\/watch?v=GpzxMHAKfMA",
                "author_name": "cannibalmilkshake",
                "author_link": "https:\/\/www.youtube.com\/user\/cannibalmilkshake",
                "thumb_url": "https:\/\/i.ytimg.com\/vi\/GpzxMHAKfMA\/hqdefault.jpg",
                "thumb_width": 480,
                "thumb_height": 360,
                "fallback": "YouTube Video: The Man Who Never Clicks (\"The Shortcut to Happiness\")",
                "video_html": "<iframe width=\"400\" height=\"225\" src=\"https:\/\/www.youtube.com\/embed\/GpzxMHAKfMA?feature=oembed&autoplay=1&iv_load_policy=3\" frameborder=\"0\" allowfullscreen><\/iframe>",
                "video_html_width": 400,
                "video_html_height": 225,
                "from_url": "https:\/\/www.youtube.com\/watch?v=GpzxMHAKfMA",
                "service_icon": "https:\/\/a.slack-edge.com\/2089\/img\/unfurl_icons\/youtube.png",
                "id": 1
            }
        ],
        "ts": "1477419594.000464",
        "reactions": [
            {
                "name": "upvote",
                "users": [
                    "U06TD3AUW"
                ],
                "count": 1
            }
        ]
    },
    {
        "user": "U2U3CMDK9",
        "text": "<@U2U3CMDK9|bshaw> has joined the channel",
        "type": "message",
        "subtype": "channel_join",
        "ts": "1477421327.000466"
    },
    {
        "type": "message",
        "user": "U0JMBJ5M2",
        "text": "<@U06TD3AUW>: which 3d printers, the ones in alkek or the ones above the writing center?",
        "ts": "1477422376.000467"
    },
    {
        "type": "message",
        "user": "U0JMBJ5M2",
        "text": "I've used the ones in the writing center a few times.",
        "ts": "1477422398.000468"
    },
    {
        "type": "message",
        "user": "U0JMBJ5M2",
        "text": "You can also use the ones in Alkek, but they charge a lot",
        "ts": "1477422467.000469"
    },
    {
        "type": "message",
        "user": "U0L74J1CN",
        "text": "<http:\/\/www.vote411.org\/>\nMakes a cheat sheet for voting haha. This i sgreat",
        "attachments": [
            {
                "title": "Vote411.org | Vote411.org",
                "title_link": "http:\/\/www.vote411.org\/",
                "fallback": "Vote411.org | Vote411.org",
                "image_url": "http:\/\/www.vote411.org\/sites\/all\/themes\/vote411\/images\/Vote411_facebook_logo.gif",
                "from_url": "http:\/\/www.vote411.org\/",
                "image_width": 200,
                "image_height": 200,
                "image_bytes": 2682,
                "service_icon": "http:\/\/www.vote411.org\/sites\/all\/themes\/vote411\/favicon.ico",
                "service_name": "vote411.org",
                "id": 1
            }
        ],
        "ts": "1477422688.000470"
    },
    {
        "type": "message",
        "user": "U2M75S2FQ",
        "text": "That's fantastic! I was just telling my gf the other day that there needs to be a site that performs this function.",
        "ts": "1477424456.000472"
    },
    {
        "user": "U2U4PAMR7",
        "text": "<@U2U4PAMR7|marioh> has joined the channel",
        "type": "message",
        "subtype": "channel_join",
        "ts": "1477425936.000473"
    },
    {
        "type": "message",
        "user": "U06TD3AUW",
        "text": "Guys, I have to tell you all something. I decided to never eat another taco ever again. They're disgusting. I can't stand them anymore.",
        "ts": "1477438369.000475",
        "reactions": [
            {
                "name": "taco",
                "users": [
                    "U0Q6DBY7Q"
                ],
                "count": 1
            },
            {
                "name": "broken_heart",
                "users": [
                    "U0Q6DBY7Q"
                ],
                "count": 1
            }
        ]
    },
    {
        "type": "message",
        "user": "U06TD3AUW",
        "text": "Also, don't let <@U0LPKCLLS> on your computer with your slack account open :wink:",
        "ts": "1477438388.000476",
        "reactions": [
            {
                "name": "snoop_dancing",
                "users": [
                    "U0Q6DBY7Q",
                    "U0LPKBHK2"
                ],
                "count": 2
            }
        ]
    },
    {
        "type": "message",
        "user": "U0LGDR7EC",
        "text": "how blasphemous jason. how are you gonna insult tacos on taco tuesday like that ",
        "ts": "1477439743.000477",
        "reactions": [
            {
                "name": "sad_parrot",
                "users": [
                    "U0Q6DBY7Q"
                ],
                "count": 1
            }
        ]
    },
    {
        "type": "message",
        "user": "U0Q6DBY7Q",
        "text": "<@U06TD3AUW>: I'm not mad. I'm just really disappointed in you. What did tacos ever do to you?",
        "ts": "1477440056.000478",
        "reactions": [
            {
                "name": "joy",
                "users": [
                    "U0LGDR7EC",
                    "U0LPKBHK2"
                ],
                "count": 2
            }
        ]
    },
    {
        "type": "message",
        "user": "U06TD3AUW",
        "text": "Apparently give me a split personality that hates tacos",
        "ts": "1477440148.000479"
    },
    {
        "type": "message",
        "user": "U2M75S2FQ",
        "text": "...I thought I could find friends here. I just can't be associated with taco haters; I hope you understand. ",
        "ts": "1477440828.000480",
        "reactions": [
            {
                "name": "joy",
                "users": [
                    "U0LGDR7EC",
                    "U0LPKBHK2"
                ],
                "count": 2
            },
            {
                "name": "anguished",
                "users": [
                    "U0Q6DBY7Q"
                ],
                "count": 1
            }
        ]
    },
    {
        "type": "message",
        "user": "U0LGDR7EC",
        "text": "honestly i might change majors ",
        "ts": "1477441099.000481",
        "reactions": [
            {
                "name": "joy",
                "users": [
                    "U2M75S2FQ",
                    "U0LPKBHK2"
                ],
                "count": 2
            }
        ]
    },
    {
        "type": "message",
        "user": "U2M75S2FQ",
        "text": "Life is a lie. I'm moving to Mexico. ",
        "ts": "1477441140.000482",
        "reactions": [
            {
                "name": "+1",
                "users": [
                    "U0Q6DBY7Q"
                ],
                "count": 1
            }
        ]
    },
    {
        "type": "message",
        "user": "U06TD3AUW",
        "text": "I heard they have really good tacos over there.",
        "ts": "1477441272.000483"
    },
    {
        "type": "message",
        "user": "U2M75S2FQ",
        "text": "Best tacos I ever had was from these ladies that worked out of a nook in the wall of a building in downtown mazatlan. ",
        "ts": "1477441375.000484"
    },
    {
        "type": "message",
        "user": "U2M75S2FQ",
        "text": "Ugghh you tricked me! ",
        "ts": "1477441421.000485"
    },
    {
        "type": "message",
        "user": "U2M75S2FQ",
        "text": "So my new couch is a nap machine. T_T I guess I need to set an alarm for Tuesday evenings now &gt;.&lt; ",
        "ts": "1477441548.000486"
    }
]