[
    {
        "type": "message",
        "user": "U0JPHMXGQ",
        "text": "<https:\/\/www.youtube.com\/watch?v=ohmajJTcpNk>",
        "attachments": [
            {
                "service_name": "YouTube",
                "service_url": "https:\/\/www.youtube.com\/",
                "title": "Face2Face: Real-time Face Capture and Reenactment of RGB Videos (CVPR 2016 Oral)",
                "title_link": "https:\/\/www.youtube.com\/watch?v=ohmajJTcpNk",
                "author_name": "Matthias Niessner",
                "author_link": "https:\/\/www.youtube.com\/channel\/UCXN2nYjVT0cR9G61RPEzK5Q",
                "thumb_url": "https:\/\/i.ytimg.com\/vi\/ohmajJTcpNk\/hqdefault.jpg",
                "thumb_width": 480,
                "thumb_height": 360,
                "fallback": "YouTube Video: Face2Face: Real-time Face Capture and Reenactment of RGB Videos (CVPR 2016 Oral)",
                "video_html": "<iframe width=\"400\" height=\"300\" src=\"https:\/\/www.youtube.com\/embed\/ohmajJTcpNk?feature=oembed&autoplay=1&iv_load_policy=3\" frameborder=\"0\" allowfullscreen><\/iframe>",
                "video_html_width": 400,
                "video_html_height": 300,
                "from_url": "https:\/\/www.youtube.com\/watch?v=ohmajJTcpNk",
                "service_icon": "https:\/\/a.slack-edge.com\/2089\/img\/unfurl_icons\/youtube.png",
                "id": 1
            }
        ],
        "ts": "1492716628.551480"
    },
    {
        "type": "message",
        "user": "U0JMJDERY",
        "text": "nice",
        "ts": "1492716943.655120"
    },
    {
        "type": "message",
        "user": "U0JPHMXGQ",
        "text": "Their explanation for how the inside of the target's mouth is handled implies that the best defense against future libel is to get a gold tooth.",
        "ts": "1492717338.777112"
    }
]