[
    {
        "type": "message",
        "user": "U0K96PWET",
        "text": "am I the only one who makes the mistake of using `1` instead of `i` or vice versa and then goes through the software dev process?",
        "edited": {
            "user": "U0K96PWET",
            "ts": "1483467215.000000"
        },
        "ts": "1483463109.000069"
    },
    {
        "type": "message",
        "subtype": "file_share",
        "text": "<@U0K96PWET|stpcollabr8nlstn> uploaded a file: <https:\/\/txstatecs.slack.com\/files\/stpcollabr8nlstn\/F3LNRUWRZ\/software_dev_process.jpg|software_dev_process.jpg>",
        "file": {
            "id": "F3LNRUWRZ",
            "created": 1483463147,
            "timestamp": 1483463147,
            "name": "software_dev_process.jpg",
            "title": "software_dev_process.jpg",
            "mimetype": "image\/jpeg",
            "filetype": "jpg",
            "pretty_type": "JPEG",
            "user": "U0K96PWET",
            "editable": false,
            "size": 89056,
            "mode": "hosted",
            "is_external": false,
            "external_type": "",
            "is_public": true,
            "public_url_shared": false,
            "display_as_bot": false,
            "username": "",
            "url_private": "https:\/\/files.slack.com\/files-pri\/T06STEZ2L-F3LNRUWRZ\/software_dev_process.jpg?t=xoxe-6911509088-177219117537-177786475698-c3d3bb179c",
            "url_private_download": "https:\/\/files.slack.com\/files-pri\/T06STEZ2L-F3LNRUWRZ\/download\/software_dev_process.jpg?t=xoxe-6911509088-177219117537-177786475698-c3d3bb179c",
            "thumb_64": "https:\/\/files.slack.com\/files-tmb\/T06STEZ2L-F3LNRUWRZ-cd1ca440df\/software_dev_process_64.jpg?t=xoxe-6911509088-177219117537-177786475698-c3d3bb179c",
            "thumb_80": "https:\/\/files.slack.com\/files-tmb\/T06STEZ2L-F3LNRUWRZ-cd1ca440df\/software_dev_process_80.jpg?t=xoxe-6911509088-177219117537-177786475698-c3d3bb179c",
            "thumb_360": "https:\/\/files.slack.com\/files-tmb\/T06STEZ2L-F3LNRUWRZ-cd1ca440df\/software_dev_process_360.jpg?t=xoxe-6911509088-177219117537-177786475698-c3d3bb179c",
            "thumb_360_w": 360,
            "thumb_360_h": 222,
            "thumb_480": "https:\/\/files.slack.com\/files-tmb\/T06STEZ2L-F3LNRUWRZ-cd1ca440df\/software_dev_process_480.jpg?t=xoxe-6911509088-177219117537-177786475698-c3d3bb179c",
            "thumb_480_w": 480,
            "thumb_480_h": 296,
            "thumb_160": "https:\/\/files.slack.com\/files-tmb\/T06STEZ2L-F3LNRUWRZ-cd1ca440df\/software_dev_process_160.jpg?t=xoxe-6911509088-177219117537-177786475698-c3d3bb179c",
            "thumb_720": "https:\/\/files.slack.com\/files-tmb\/T06STEZ2L-F3LNRUWRZ-cd1ca440df\/software_dev_process_720.jpg?t=xoxe-6911509088-177219117537-177786475698-c3d3bb179c",
            "thumb_720_w": 720,
            "thumb_720_h": 444,
            "thumb_960": "https:\/\/files.slack.com\/files-tmb\/T06STEZ2L-F3LNRUWRZ-cd1ca440df\/software_dev_process_960.jpg?t=xoxe-6911509088-177219117537-177786475698-c3d3bb179c",
            "thumb_960_w": 960,
            "thumb_960_h": 593,
            "thumb_1024": "https:\/\/files.slack.com\/files-tmb\/T06STEZ2L-F3LNRUWRZ-cd1ca440df\/software_dev_process_1024.jpg?t=xoxe-6911509088-177219117537-177786475698-c3d3bb179c",
            "thumb_1024_w": 1024,
            "thumb_1024_h": 632,
            "image_exif_rotation": 1,
            "original_w": 1254,
            "original_h": 774,
            "permalink": "https:\/\/txstatecs.slack.com\/files\/stpcollabr8nlstn\/F3LNRUWRZ\/software_dev_process.jpg",
            "permalink_public": "https:\/\/slack-files.com\/T06STEZ2L-F3LNRUWRZ-1db447a8d7",
            "channels": [
                "C06STNWGZ"
            ],
            "groups": [],
            "ims": [],
            "comments_count": 0,
            "reactions": [
                {
                    "name": "100",
                    "users": [
                        "U06TBPWAW",
                        "U06TD3AUW"
                    ],
                    "count": 2
                }
            ]
        },
        "user": "U0K96PWET",
        "upload": true,
        "display_as_bot": false,
        "username": "stpcollabr8nlstn",
        "bot_id": null,
        "ts": "1483463151.000070"
    },
    {
        "type": "message",
        "user": "U06TD3AUW",
        "text": "me_irl ^^",
        "ts": "1483471271.000074"
    },
    {
        "type": "message",
        "user": "U06TD3AUW",
        "text": "Pro-Tip: Customize your slack color theme in your team preferences\n\nHere's my current \"terminal\" theme:\n#000000,#000000,#006600,#00ff00,#00ff00,#00ff00,#ff0000,#ff0000",
        "ts": "1483471812.000075"
    },
    {
        "type": "message",
        "user": "U06TD3AUW",
        "text": "Also, my homedepot slack team theme for anyone who likes orange and black:\n#000000,#F86201,#F86201,#FFFFFF,#F86201,#FFFFFF,#00ff1a,#F86201",
        "ts": "1483471850.000076"
    },
    {
        "type": "message",
        "user": "U0KTJE2EM",
        "text": "I tried to match my scheme close to txstate colors:",
        "ts": "1483472868.000077"
    },
    {
        "type": "message",
        "user": "U0KTJE2EM",
        "text": "#5c2b2b,#42362B,#3b342c,#FFFFFF,#4a3c30,#d4c072,#f2da80,#6BDE35",
        "ts": "1483472868.000078",
        "reactions": [
            {
                "name": "+1",
                "users": [
                    "U06TD3AUW"
                ],
                "count": 1
            }
        ]
    },
    {
        "type": "message",
        "user": "U0KTJE2EM",
        "text": "I like that terminal one though",
        "ts": "1483472882.000079"
    },
    {
        "type": "message",
        "user": "U0KTJE2EM",
        "text": "here is my other main scheme I use (sharp green\/ faded blues):",
        "ts": "1483473154.000080"
    },
    {
        "type": "message",
        "user": "U0KTJE2EM",
        "text": "#232629 ,#2C3849 ,#1ff026 ,#706d70 ,#4A5664 ,#FFFFFF ,#94E864 ,#78AF8F",
        "ts": "1483473155.000081",
        "reactions": [
            {
                "name": "ok_hand",
                "users": [
                    "U06TD3AUW"
                ],
                "count": 1
            }
        ]
    },
    {
        "type": "message",
        "user": "U06TD3AUW",
        "text": "Ooo nice I'm going to use that last one!",
        "ts": "1483473236.000082",
        "reactions": [
            {
                "name": "+1",
                "users": [
                    "U0KTJE2EM"
                ],
                "count": 1
            }
        ]
    },
    {
        "type": "message",
        "user": "U0L57KVC2",
        "text": "Anybody here program in Perl?",
        "ts": "1483486623.000083"
    },
    {
        "type": "message",
        "user": "U0K96PWET",
        "text": "<@U0L57KVC2> nope but sometimes I program in my perl-escent shade of lipgloss. :lipstick:",
        "ts": "1483487055.000084",
        "reactions": [
            {
                "name": "lips",
                "users": [
                    "U0Q6DBY7Q"
                ],
                "count": 1
            }
        ]
    },
    {
        "type": "message",
        "user": "U06TD3AUW",
        "text": "<@U0L57KVC2> no, sorry. What are coding with Perl?",
        "ts": "1483509295.000085",
        "reactions": [
            {
                "name": "confusedparrot",
                "users": [
                    "U0Q6DBY7Q"
                ],
                "count": 1
            }
        ]
    }
]