[
    {
        "user": "U468Q6Q4F",
        "text": "<@U468Q6Q4F|jonathanotero> has joined the channel",
        "type": "message",
        "subtype": "channel_join",
        "ts": "1487120814.000259"
    },
    {
        "type": "message",
        "user": "U0JMBJ5M2",
        "text": "The SSH thing happens when the host fingerprint changes (i.e. the server changes).  I think that they are doing something to the Linux servers, as the Linux lab has been the windows lab for the last couple of days",
        "ts": "1487131142.000260",
        "reactions": [
            {
                "name": "+1",
                "users": [
                    "U2BQ62Z6G"
                ],
                "count": 1
            }
        ]
    },
    {
        "type": "message",
        "user": "U0JMBJ5M2",
        "text": "But I also got that",
        "ts": "1487131160.000261"
    }
]