[
    {
        "type": "message",
        "user": "U0LPKCLLS",
        "text": "I've been watching this show HarmonQuest and it's making me want to play something like D&amp;D. I've never done it before though, would anyone be down?",
        "ts": "1484270268.000103",
        "reactions": [
            {
                "name": "game_die",
                "users": [
                    "U06TD3AUW",
                    "U0Q6DBY7Q"
                ],
                "count": 2
            },
            {
                "name": "dragon",
                "users": [
                    "U06TD3AUW",
                    "U0Q6DBY7Q"
                ],
                "count": 2
            },
            {
                "name": "+1",
                "users": [
                    "U06TD3AUW",
                    "U0Q6DBY7Q"
                ],
                "count": 2
            }
        ]
    },
    {
        "type": "message",
        "subtype": "file_share",
        "text": "<@U06TD3AUW|jcflinn> uploaded a file: <https:\/\/txstatecs.slack.com\/files\/jcflinn\/F3QAB3JC9\/snapchat-173637180.jpg|Roll initiative, Micah.>",
        "file": {
            "id": "F3QAB3JC9",
            "created": 1484272189,
            "timestamp": 1484272189,
            "name": "Snapchat-173637180.jpg",
            "title": "Roll initiative, Micah.",
            "mimetype": "image\/jpeg",
            "filetype": "jpg",
            "pretty_type": "JPEG",
            "user": "U06TD3AUW",
            "editable": false,
            "size": 821655,
            "mode": "hosted",
            "is_external": false,
            "external_type": "",
            "is_public": true,
            "public_url_shared": false,
            "display_as_bot": false,
            "username": "",
            "url_private": "https:\/\/files.slack.com\/files-pri\/T06STEZ2L-F3QAB3JC9\/snapchat-173637180.jpg?t=xoxe-6911509088-177219117537-177786475698-c3d3bb179c",
            "url_private_download": "https:\/\/files.slack.com\/files-pri\/T06STEZ2L-F3QAB3JC9\/download\/snapchat-173637180.jpg?t=xoxe-6911509088-177219117537-177786475698-c3d3bb179c",
            "thumb_64": "https:\/\/files.slack.com\/files-tmb\/T06STEZ2L-F3QAB3JC9-48c9dd7087\/snapchat-173637180_64.jpg?t=xoxe-6911509088-177219117537-177786475698-c3d3bb179c",
            "thumb_80": "https:\/\/files.slack.com\/files-tmb\/T06STEZ2L-F3QAB3JC9-48c9dd7087\/snapchat-173637180_80.jpg?t=xoxe-6911509088-177219117537-177786475698-c3d3bb179c",
            "thumb_360": "https:\/\/files.slack.com\/files-tmb\/T06STEZ2L-F3QAB3JC9-48c9dd7087\/snapchat-173637180_360.jpg?t=xoxe-6911509088-177219117537-177786475698-c3d3bb179c",
            "thumb_360_w": 203,
            "thumb_360_h": 360,
            "thumb_480": "https:\/\/files.slack.com\/files-tmb\/T06STEZ2L-F3QAB3JC9-48c9dd7087\/snapchat-173637180_480.jpg?t=xoxe-6911509088-177219117537-177786475698-c3d3bb179c",
            "thumb_480_w": 270,
            "thumb_480_h": 480,
            "thumb_160": "https:\/\/files.slack.com\/files-tmb\/T06STEZ2L-F3QAB3JC9-48c9dd7087\/snapchat-173637180_160.jpg?t=xoxe-6911509088-177219117537-177786475698-c3d3bb179c",
            "thumb_720": "https:\/\/files.slack.com\/files-tmb\/T06STEZ2L-F3QAB3JC9-48c9dd7087\/snapchat-173637180_720.jpg?t=xoxe-6911509088-177219117537-177786475698-c3d3bb179c",
            "thumb_720_w": 405,
            "thumb_720_h": 720,
            "thumb_960": "https:\/\/files.slack.com\/files-tmb\/T06STEZ2L-F3QAB3JC9-48c9dd7087\/snapchat-173637180_960.jpg?t=xoxe-6911509088-177219117537-177786475698-c3d3bb179c",
            "thumb_960_w": 540,
            "thumb_960_h": 960,
            "thumb_1024": "https:\/\/files.slack.com\/files-tmb\/T06STEZ2L-F3QAB3JC9-48c9dd7087\/snapchat-173637180_1024.jpg?t=xoxe-6911509088-177219117537-177786475698-c3d3bb179c",
            "thumb_1024_w": 576,
            "thumb_1024_h": 1024,
            "image_exif_rotation": 1,
            "original_w": 1440,
            "original_h": 2560,
            "permalink": "https:\/\/txstatecs.slack.com\/files\/jcflinn\/F3QAB3JC9\/snapchat-173637180.jpg",
            "permalink_public": "https:\/\/slack-files.com\/T06STEZ2L-F3QAB3JC9-f9147675a8",
            "channels": [
                "C06STNWGZ"
            ],
            "groups": [],
            "ims": [],
            "comments_count": 0,
            "reactions": [
                {
                    "name": "dragon_face",
                    "users": [
                        "U2BQ62Z6G"
                    ],
                    "count": 1
                }
            ]
        },
        "user": "U06TD3AUW",
        "upload": true,
        "display_as_bot": false,
        "username": "jcflinn",
        "bot_id": null,
        "ts": "1484272188.000104"
    },
    {
        "type": "message",
        "user": "U06TD3AUW",
        "text": "<@U0LPKCLLS> DnD is my ish. If you're interested in giving it a go, I can see about setting up a quick game to show you the ropes. ",
        "ts": "1484272284.000105"
    },
    {
        "type": "message",
        "user": "U0K96PWET",
        "text": "<@U0LPKCLLS> <@U06TD3AUW> me too",
        "ts": "1484272528.000106",
        "reactions": [
            {
                "name": "gandalf",
                "users": [
                    "U06TD3AUW",
                    "U0LPKCLLS"
                ],
                "count": 2
            }
        ]
    },
    {
        "type": "message",
        "user": "U0Q6DBY7Q",
        "text": "I've never played, but I'm a little intrigued. ",
        "ts": "1484272752.000107",
        "reactions": [
            {
                "name": "shia",
                "users": [
                    "U06TD3AUW"
                ],
                "count": 1
            }
        ]
    },
    {
        "type": "message",
        "user": "U06TD3AUW",
        "text": "Looks like we're close to a full party! Optimal size is 5 players (including me). But if we can't find one more, this can still work (I'm currently running a game with just my bro and sis, so it's def possible) ",
        "ts": "1484273450.000108"
    },
    {
        "type": "message",
        "user": "U2BQ62Z6G",
        "text": "<https:\/\/www.toptal.com\/developers\/sorting-algorithms>",
        "attachments": [
            {
                "title": "Sorting Algorithm Animations",
                "title_link": "https:\/\/www.toptal.com\/developers\/sorting-algorithms",
                "text": "Animation, code, analysis, and discussion of 8 sorting algorithms on 4 initial conditions.",
                "fallback": "Sorting Algorithm Animations",
                "image_url": "https:\/\/assets.toptal.io\/assets\/front\/static\/public\/blocks\/sorting_algorithms\/og_image_76642a.jpg",
                "from_url": "https:\/\/www.toptal.com\/developers\/sorting-algorithms",
                "image_width": 476,
                "image_height": 250,
                "image_bytes": 81315,
                "service_icon": "https:\/\/www.toptal.com\/favicon.ico",
                "service_name": "toptal.com",
                "id": 1
            }
        ],
        "ts": "1484275183.000109",
        "reactions": [
            {
                "name": "+1",
                "users": [
                    "U06TD3AUW",
                    "U0LPKCLLS"
                ],
                "count": 2
            }
        ]
    },
    {
        "type": "message",
        "user": "U06TD3AUW",
        "text": "Ooo nice. Another cool visual algorithm site:",
        "edited": {
            "user": "U06TD3AUW",
            "ts": "1484275413.000000"
        },
        "ts": "1484275392.000111"
    },
    {
        "type": "message",
        "user": "U06TD3AUW",
        "text": "<https:\/\/visualgo.net\/>",
        "ts": "1484275415.000113",
        "reactions": [
            {
                "name": "+1",
                "users": [
                    "U2BQ62Z6G"
                ],
                "count": 1
            }
        ]
    },
    {
        "type": "message",
        "user": "U06TD3AUW",
        "text": "This one also shows you the trace through pseudocode so you can follow along throughout the algorithm.",
        "ts": "1484275479.000114"
    },
    {
        "type": "message",
        "user": "U0LPKBHK2",
        "text": "Thank i was trying o remember this visualalgo site",
        "ts": "1484275529.000115",
        "reactions": [
            {
                "name": "+1",
                "users": [
                    "U06TD3AUW"
                ],
                "count": 1
            }
        ]
    },
    {
        "type": "message",
        "user": "U2BQ62Z6G",
        "text": "wow that's rad",
        "ts": "1484275647.000116",
        "reactions": [
            {
                "name": "+1",
                "users": [
                    "U06TD3AUW"
                ],
                "count": 1
            }
        ]
    },
    {
        "type": "message",
        "user": "U15TB17AB",
        "text": "hash",
        "ts": "1484286070.000118"
    }
]