[
    {
        "type": "message",
        "user": "U2BQ62Z6G",
        "text": "has anyone done the CS + ComDes Smart Cities Hackathon before?",
        "ts": "1488514140.000330"
    },
    {
        "type": "message",
        "user": "U06TD3AUW",
        "text": "yupp",
        "ts": "1488515715.000331"
    },
    {
        "type": "message",
        "user": "U06TD3AUW",
        "text": "did you have a question about it?",
        "ts": "1488515761.000332"
    },
    {
        "type": "message",
        "user": "U2BQ62Z6G",
        "text": "awesome, yeah like what are the challenges they give you like?",
        "ts": "1488524900.000333"
    }
]