[
    {
        "type": "message",
        "user": "U44AX824T",
        "text": "I found this Nova episode on applications of Origami design fascinating:\n<http:\/\/www.gpb.org\/television\/shows\/nova\/episode\/cfb86c47-0e7a-4aab-b52e-06626909e81b>",
        "attachments": [
            {
                "service_name": "Georgia Public Broadcasting",
                "title": "NOVA | The Origami Revolution | Georgia Public Broadcasting",
                "title_link": "http:\/\/www.gpb.org\/television\/shows\/nova\/episode\/cfb86c47-0e7a-4aab-b52e-06626909e81b",
                "text": "Engineers are using origami to design drugs, micro-robots, and future space missions.",
                "fallback": "Georgia Public Broadcasting: NOVA | The Origami Revolution | Georgia Public Broadcasting",
                "from_url": "http:\/\/www.gpb.org\/television\/shows\/nova\/episode\/cfb86c47-0e7a-4aab-b52e-06626909e81b",
                "service_icon": "http:\/\/www.gpb.org\/sites\/all\/themes\/custom\/gpb_next\/apple-touch-icon-120x120.png",
                "id": 1
            }
        ],
        "ts": "1487519769.000287",
        "reactions": [
            {
                "name": "+1",
                "users": [
                    "U06TD3AUW"
                ],
                "count": 1
            }
        ]
    }
]