[
    {
        "type": "message",
        "subtype": "file_share",
        "text": "<@U2BQ62Z6G|markmcdermott> uploaded a file: <https:\/\/txstatecs.slack.com\/files\/markmcdermott\/F4500N7BR\/screen_shot_2017-02-11_at_5.25.56_pm.png|the warning when you ssh into zeus now is pretty awesome>",
        "file": {
            "id": "F4500N7BR",
            "created": 1486855610,
            "timestamp": 1486855610,
            "name": "Screen Shot 2017-02-11 at 5.25.56 PM.png",
            "title": "the warning when you ssh into zeus now is pretty awesome",
            "mimetype": "image\/png",
            "filetype": "png",
            "pretty_type": "PNG",
            "user": "U2BQ62Z6G",
            "editable": false,
            "size": 145393,
            "mode": "hosted",
            "is_external": false,
            "external_type": "",
            "is_public": true,
            "public_url_shared": false,
            "display_as_bot": false,
            "username": "",
            "url_private": "https:\/\/files.slack.com\/files-pri\/T06STEZ2L-F4500N7BR\/screen_shot_2017-02-11_at_5.25.56_pm.png?t=xoxe-6911509088-177219117537-177786475698-c3d3bb179c",
            "url_private_download": "https:\/\/files.slack.com\/files-pri\/T06STEZ2L-F4500N7BR\/download\/screen_shot_2017-02-11_at_5.25.56_pm.png?t=xoxe-6911509088-177219117537-177786475698-c3d3bb179c",
            "thumb_64": "https:\/\/files.slack.com\/files-tmb\/T06STEZ2L-F4500N7BR-f1af51ed7e\/screen_shot_2017-02-11_at_5.25.56_pm_64.png?t=xoxe-6911509088-177219117537-177786475698-c3d3bb179c",
            "thumb_80": "https:\/\/files.slack.com\/files-tmb\/T06STEZ2L-F4500N7BR-f1af51ed7e\/screen_shot_2017-02-11_at_5.25.56_pm_80.png?t=xoxe-6911509088-177219117537-177786475698-c3d3bb179c",
            "thumb_360": "https:\/\/files.slack.com\/files-tmb\/T06STEZ2L-F4500N7BR-f1af51ed7e\/screen_shot_2017-02-11_at_5.25.56_pm_360.png?t=xoxe-6911509088-177219117537-177786475698-c3d3bb179c",
            "thumb_360_w": 360,
            "thumb_360_h": 60,
            "thumb_480": "https:\/\/files.slack.com\/files-tmb\/T06STEZ2L-F4500N7BR-f1af51ed7e\/screen_shot_2017-02-11_at_5.25.56_pm_480.png?t=xoxe-6911509088-177219117537-177786475698-c3d3bb179c",
            "thumb_480_w": 480,
            "thumb_480_h": 80,
            "thumb_160": "https:\/\/files.slack.com\/files-tmb\/T06STEZ2L-F4500N7BR-f1af51ed7e\/screen_shot_2017-02-11_at_5.25.56_pm_160.png?t=xoxe-6911509088-177219117537-177786475698-c3d3bb179c",
            "thumb_720": "https:\/\/files.slack.com\/files-tmb\/T06STEZ2L-F4500N7BR-f1af51ed7e\/screen_shot_2017-02-11_at_5.25.56_pm_720.png?t=xoxe-6911509088-177219117537-177786475698-c3d3bb179c",
            "thumb_720_w": 720,
            "thumb_720_h": 120,
            "thumb_960": "https:\/\/files.slack.com\/files-tmb\/T06STEZ2L-F4500N7BR-f1af51ed7e\/screen_shot_2017-02-11_at_5.25.56_pm_960.png?t=xoxe-6911509088-177219117537-177786475698-c3d3bb179c",
            "thumb_960_w": 960,
            "thumb_960_h": 160,
            "thumb_1024": "https:\/\/files.slack.com\/files-tmb\/T06STEZ2L-F4500N7BR-f1af51ed7e\/screen_shot_2017-02-11_at_5.25.56_pm_1024.png?t=xoxe-6911509088-177219117537-177786475698-c3d3bb179c",
            "thumb_1024_w": 1024,
            "thumb_1024_h": 171,
            "image_exif_rotation": 1,
            "original_w": 1078,
            "original_h": 180,
            "permalink": "https:\/\/txstatecs.slack.com\/files\/markmcdermott\/F4500N7BR\/screen_shot_2017-02-11_at_5.25.56_pm.png",
            "permalink_public": "https:\/\/slack-files.com\/T06STEZ2L-F4500N7BR-8023248c6f",
            "channels": [
                "C06STNWGZ"
            ],
            "groups": [],
            "ims": [],
            "comments_count": 0,
            "reactions": [
                {
                    "name": "grimacing",
                    "users": [
                        "U0Q6DBY7Q",
                        "U06TD3AUW"
                    ],
                    "count": 2
                }
            ]
        },
        "user": "U2BQ62Z6G",
        "upload": true,
        "display_as_bot": false,
        "username": "markmcdermott",
        "bot_id": null,
        "ts": "1486855613.000230"
    },
    {
        "type": "message",
        "user": "U0Q6DBY7Q",
        "text": "Nasty ",
        "ts": "1486856342.000232",
        "reactions": [
            {
                "name": "mr_robot_hackerman",
                "users": [
                    "U2BQ62Z6G"
                ],
                "count": 1
            }
        ]
    },
    {
        "type": "message",
        "user": "U2PRU1DK2",
        "text": "is that a special warning message just for you mark?",
        "ts": "1486862228.000234"
    },
    {
        "type": "message",
        "user": "U2BQ62Z6G",
        "text": "ha i hope not!",
        "ts": "1486868470.000235",
        "reactions": [
            {
                "name": "sunglasses",
                "users": [
                    "U2PRU1DK2"
                ],
                "count": 1
            }
        ]
    },
    {
        "user": "U44C4F26Q",
        "text": "<@U44C4F26Q|rer87> has joined the channel",
        "type": "message",
        "subtype": "channel_join",
        "ts": "1486870916.000237"
    },
    {
        "type": "message",
        "user": "U2BQ62Z6G",
        "text": "now i’m curious, is no one else getting it?",
        "ts": "1486871508.000239"
    },
    {
        "type": "message",
        "user": "U2BQ62Z6G",
        "text": "ahhhh nvm, deleted everything in my known_hosts and that fixed it",
        "ts": "1486871697.000240"
    },
    {
        "type": "message",
        "user": "U06TBPWAW",
        "text": "What's your os?",
        "ts": "1486871729.000241"
    },
    {
        "type": "message",
        "user": "U2BQ62Z6G",
        "text": "mac el capitan",
        "ts": "1486872933.000242"
    }
]