[
    {
        "user": "U40BKA6BH",
        "text": "<@U40BKA6BH|ajl71> has joined the channel",
        "type": "message",
        "subtype": "channel_join",
        "ts": "1485982365.000159",
        "reactions": [
            {
                "name": "raised_hands",
                "users": [
                    "U06TD3AUW"
                ],
                "count": 1
            }
        ]
    },
    {
        "type": "message",
        "user": "U06TD3AUW",
        "text": "Horrible timing for the Internet in derrick to go out...",
        "ts": "1485985940.000160"
    },
    {
        "user": "U3Z1R5PBJ",
        "text": "<@U3Z1R5PBJ|tobafo> has joined the channel",
        "type": "message",
        "subtype": "channel_join",
        "ts": "1485989305.000161",
        "reactions": [
            {
                "name": "raised_hands",
                "users": [
                    "U06TD3AUW"
                ],
                "count": 1
            }
        ]
    },
    {
        "user": "U3ZR6FA2G",
        "text": "<@U3ZR6FA2G|trgower> has joined the channel",
        "type": "message",
        "subtype": "channel_join",
        "ts": "1485991064.000162"
    },
    {
        "user": "U3Z4MCBBK",
        "text": "<@U3Z4MCBBK|jacquejo13> has joined the channel",
        "type": "message",
        "subtype": "channel_join",
        "ts": "1486001557.000163"
    },
    {
        "user": "U40G6QV0X",
        "text": "<@U40G6QV0X|ncg19> has joined the channel",
        "type": "message",
        "subtype": "channel_join",
        "ts": "1486006957.000164"
    },
    {
        "user": "U3Z5L33EV",
        "text": "<@U3Z5L33EV|j_g548> has joined the channel",
        "type": "message",
        "subtype": "channel_join",
        "ts": "1486009765.000165"
    },
    {
        "user": "U3Z5YHE7J",
        "text": "<@U3Z5YHE7J|car234> has joined the channel",
        "type": "message",
        "subtype": "channel_join",
        "ts": "1486021543.000166"
    }
]