[
    {
        "user": "U3WG4JUCU",
        "text": "<@U3WG4JUCU|sv1121> has joined the channel",
        "type": "message",
        "subtype": "channel_join",
        "ts": "1485370081.000140"
    },
    {
        "user": "U3X5VAJ0P",
        "text": "<@U3X5VAJ0P|dec66> has joined the channel",
        "type": "message",
        "subtype": "channel_join",
        "ts": "1485373761.000141"
    },
    {
        "user": "U0KBYRQVB",
        "text": "<@U0KBYRQVB|jw1762> has left the channel",
        "type": "message",
        "subtype": "channel_leave",
        "ts": "1485390794.000142"
    }
]