[
    {
        "user": "U3Z3BDE4C",
        "text": "<@U3Z3BDE4C|kms285> has joined the channel",
        "type": "message",
        "subtype": "channel_join",
        "ts": "1485890319.000154"
    },
    {
        "user": "U3ZSC6PSS",
        "text": "<@U3ZSC6PSS|trevorh> has joined the channel",
        "type": "message",
        "subtype": "channel_join",
        "ts": "1485913077.000155"
    },
    {
        "user": "U3Z8YEXJ9",
        "text": "<@U3Z8YEXJ9|ecr38> has joined the channel",
        "type": "message",
        "subtype": "channel_join",
        "ts": "1485913089.000156"
    },
    {
        "user": "U3Z4RAJSX",
        "text": "<@U3Z4RAJSX|led58> has joined the channel",
        "type": "message",
        "subtype": "channel_join",
        "ts": "1485915799.000157"
    },
    {
        "user": "U3Z6W7XHQ",
        "text": "<@U3Z6W7XHQ|sarahjayy8> has joined the channel",
        "type": "message",
        "subtype": "channel_join",
        "ts": "1485916820.000158"
    }
]