[
    {
        "user": "U4SA0V6BB",
        "text": "<@U4SA0V6BB|cesarquiroga> has joined the channel",
        "type": "message",
        "subtype": "channel_join",
        "ts": "1491000605.126668"
    },
    {
        "user": "U4SA0V6BB",
        "text": "<@U4SA0V6BB|cesarquiroga> has left the channel",
        "type": "message",
        "subtype": "channel_leave",
        "ts": "1491001881.308394"
    },
    {
        "user": "U4S9HA2RE",
        "text": "<@U4S9HA2RE|lim12> has joined the channel",
        "type": "message",
        "subtype": "channel_join",
        "ts": "1491003202.468199"
    },
    {
        "user": "U4T2AU95J",
        "text": "<@U4T2AU95J|edgarrios> has joined the channel",
        "type": "message",
        "subtype": "channel_join",
        "ts": "1491005691.733608"
    }
]