[
    {
        "type": "message",
        "user": "U06TD3AUW",
        "text": "Is <http:\/\/linkedin.com|linkedin.com> down for anyone else?",
        "edited": {
            "user": "U06TD3AUW",
            "ts": "1486933198.000000"
        },
        "ts": "1486933173.000243"
    },
    {
        "type": "message",
        "user": "U0LPKBHK2",
        "text": "Nope. Up and running ",
        "ts": "1486936155.000245"
    },
    {
        "type": "message",
        "user": "U06TD3AUW",
        "text": "yea its running for me now",
        "ts": "1486936175.000246"
    },
    {
        "type": "message",
        "user": "U06TD3AUW",
        "text": "was stuck in a constant load about an hour ago",
        "ts": "1486936191.000247"
    },
    {
        "type": "message",
        "user": "U06TD3AUW",
        "text": "thanks for verifying!",
        "ts": "1486936199.000248"
    },
    {
        "type": "message",
        "user": "U06TD3AUW",
        "text": "actually",
        "edited": {
            "user": "U06TD3AUW",
            "ts": "1486936223.000000"
        },
        "ts": "1486936221.000249"
    },
    {
        "type": "message",
        "user": "U06TD3AUW",
        "text": "as soon as I typed that and refreshed the page, it got stuck on this page",
        "ts": "1486936238.000251"
    },
    {
        "type": "message",
        "subtype": "file_share",
        "text": "<@U06TD3AUW|jcflinn> uploaded a file: <https:\/\/txstatecs.slack.com\/files\/jcflinn\/F44AVKK51\/pasted_image_at_2017_02_12_03_51_pm.png|not loading past this>",
        "file": {
            "id": "F44AVKK51",
            "created": 1486936278,
            "timestamp": 1486936278,
            "name": "Pasted image at 2017_02_12 03_51 PM.png",
            "title": "not loading past this",
            "mimetype": "image\/png",
            "filetype": "png",
            "pretty_type": "PNG",
            "user": "U06TD3AUW",
            "editable": false,
            "size": 110797,
            "mode": "hosted",
            "is_external": false,
            "external_type": "",
            "is_public": true,
            "public_url_shared": false,
            "display_as_bot": false,
            "username": "",
            "url_private": "https:\/\/files.slack.com\/files-pri\/T06STEZ2L-F44AVKK51\/pasted_image_at_2017_02_12_03_51_pm.png?t=xoxe-6911509088-177219117537-177786475698-c3d3bb179c",
            "url_private_download": "https:\/\/files.slack.com\/files-pri\/T06STEZ2L-F44AVKK51\/download\/pasted_image_at_2017_02_12_03_51_pm.png?t=xoxe-6911509088-177219117537-177786475698-c3d3bb179c",
            "thumb_64": "https:\/\/files.slack.com\/files-tmb\/T06STEZ2L-F44AVKK51-93226098a2\/pasted_image_at_2017_02_12_03_51_pm_64.png?t=xoxe-6911509088-177219117537-177786475698-c3d3bb179c",
            "thumb_80": "https:\/\/files.slack.com\/files-tmb\/T06STEZ2L-F44AVKK51-93226098a2\/pasted_image_at_2017_02_12_03_51_pm_80.png?t=xoxe-6911509088-177219117537-177786475698-c3d3bb179c",
            "thumb_360": "https:\/\/files.slack.com\/files-tmb\/T06STEZ2L-F44AVKK51-93226098a2\/pasted_image_at_2017_02_12_03_51_pm_360.png?t=xoxe-6911509088-177219117537-177786475698-c3d3bb179c",
            "thumb_360_w": 360,
            "thumb_360_h": 212,
            "thumb_480": "https:\/\/files.slack.com\/files-tmb\/T06STEZ2L-F44AVKK51-93226098a2\/pasted_image_at_2017_02_12_03_51_pm_480.png?t=xoxe-6911509088-177219117537-177786475698-c3d3bb179c",
            "thumb_480_w": 480,
            "thumb_480_h": 282,
            "thumb_160": "https:\/\/files.slack.com\/files-tmb\/T06STEZ2L-F44AVKK51-93226098a2\/pasted_image_at_2017_02_12_03_51_pm_160.png?t=xoxe-6911509088-177219117537-177786475698-c3d3bb179c",
            "thumb_720": "https:\/\/files.slack.com\/files-tmb\/T06STEZ2L-F44AVKK51-93226098a2\/pasted_image_at_2017_02_12_03_51_pm_720.png?t=xoxe-6911509088-177219117537-177786475698-c3d3bb179c",
            "thumb_720_w": 720,
            "thumb_720_h": 423,
            "thumb_960": "https:\/\/files.slack.com\/files-tmb\/T06STEZ2L-F44AVKK51-93226098a2\/pasted_image_at_2017_02_12_03_51_pm_960.png?t=xoxe-6911509088-177219117537-177786475698-c3d3bb179c",
            "thumb_960_w": 960,
            "thumb_960_h": 564,
            "thumb_1024": "https:\/\/files.slack.com\/files-tmb\/T06STEZ2L-F44AVKK51-93226098a2\/pasted_image_at_2017_02_12_03_51_pm_1024.png?t=xoxe-6911509088-177219117537-177786475698-c3d3bb179c",
            "thumb_1024_w": 1024,
            "thumb_1024_h": 602,
            "image_exif_rotation": 1,
            "original_w": 2997,
            "original_h": 1761,
            "permalink": "https:\/\/txstatecs.slack.com\/files\/jcflinn\/F44AVKK51\/pasted_image_at_2017_02_12_03_51_pm.png",
            "permalink_public": "https:\/\/slack-files.com\/T06STEZ2L-F44AVKK51-c8210b3797",
            "channels": [
                "C06STNWGZ"
            ],
            "groups": [],
            "ims": [],
            "comments_count": 0
        },
        "user": "U06TD3AUW",
        "upload": true,
        "display_as_bot": false,
        "username": "jcflinn",
        "bot_id": null,
        "ts": "1486936281.000252"
    },
    {
        "type": "message",
        "user": "U06TD3AUW",
        "text": "ok its back up again. Weird",
        "ts": "1486936362.000253"
    },
    {
        "user": "U44AX824T",
        "text": "<@U44AX824T|lss70> has joined the channel",
        "type": "message",
        "subtype": "channel_join",
        "ts": "1486936941.000254"
    }
]