[
    {
        "user": "U4274QBN1",
        "text": "<@U4274QBN1|russ_mac> has joined the channel",
        "type": "message",
        "subtype": "channel_join",
        "ts": "1486484777.000203"
    },
    {
        "user": "U42E1HTHB",
        "text": "<@U42E1HTHB|nmh46> has joined the channel",
        "type": "message",
        "subtype": "channel_join",
        "ts": "1486508949.000208"
    },
    {
        "type": "message",
        "user": "U06TD3AUW",
        "text": "<@U06TBPWAW> You were right. The gap of the surfacebook makes it dirty asf now. My only real complaint about the design, even though I still love the functionality and look of it.",
        "edited": {
            "user": "U06TD3AUW",
            "ts": "1486516425.000000"
        },
        "ts": "1486516117.000211"
    },
    {
        "type": "message",
        "user": "U06TBPWAW",
        "text": "#MacbookAcceptsAll",
        "ts": "1486516373.000212"
    },
    {
        "type": "message",
        "user": "U06TD3AUW",
        "text": "#ForAPrice",
        "ts": "1486516394.000213"
    },
    {
        "user": "U42FB1QDT",
        "text": "<@U42FB1QDT|steich> has joined the channel",
        "type": "message",
        "subtype": "channel_join",
        "ts": "1486516439.000215",
        "reactions": [
            {
                "name": "raised_hands",
                "users": [
                    "U06TD3AUW"
                ],
                "count": 1
            }
        ]
    },
    {
        "user": "U41NA8DQ8",
        "text": "<@U41NA8DQ8|seth2017> has joined the channel",
        "type": "message",
        "subtype": "channel_join",
        "ts": "1486523494.000216"
    },
    {
        "user": "U42CDU003",
        "text": "<@U42CDU003|blr> has joined the channel",
        "type": "message",
        "subtype": "channel_join",
        "ts": "1486530950.000217"
    }
]