[
    {
        "type": "message",
        "user": "U0LPKCLLS",
        "text": "Pretty interesting article, I didn't know Google was looking to replace Android",
        "ts": "1487169623.000263"
    },
    {
        "type": "message",
        "user": "U0LPKCLLS",
        "text": "<https:\/\/techspecs.blog\/blog\/2017\/2\/14\/googles-not-so-secret-new-os>",
        "attachments": [
            {
                "service_name": "Tech Specs",
                "title": "Google’s not-so-secret new OS",
                "title_link": "https:\/\/techspecs.blog\/blog\/2017\/2\/14\/googles-not-so-secret-new-os",
                "text": "I decided to dig through open source to examine the state of Google’s upcoming Andromeda OS. For anyone unfamiliar, Andromeda seems to be the replacement for both Android and Chrome OS (cue endless debates over the semantics of that, and what it all entails). Fuchsia is the actual name of the operating system, while Magenta is the name of the kernel, or more correctly, the microkernel. Many of the architectural design decisions appear to have unsurprisingly been focused on creating a highly scalable platform. It goes without saying that Google isn’t trying to hide Fuchsia. People have clearly discovered that Google is replacing Android’s Linux kernel. Still, I thought it would be interesting for people to get a better sense of what the OS actually is. This article is only intended to be an overview of the basics, as far as I can comment reasonably competently. (I certainly never took an operating systems class!) To my naive eyes, rather than saying Chrome OS is being merged into Android, it looks more like Android and Chrome OS are both being merged into Fuchsia. It’s worth noting that these operating systems had previously already begun to merge together to an extent, such as when the Android team worked with the Chrome OS team in order to bring Update Engine to Nougat, which introduced A\/B updates to the platform. Google is unsurprisingly bringing up Andromeda on a number of platforms, including the humble Intel NUC. ARM, x86, and MIPS bring-up is exactly what you would expect for an Android successor, and it also seems clear that this platform will run on Intel laptops. More on this later. My best guess is that Android as an API and runtime will live on as a legacy environment within Andromeda. That’s not to say that all development of Android would immediately stop, which seems extremely unlikely. But Google can’t push two UI APIs as equal app frameworks over the long term: Mojo is clearly the future. Ah, but what is Mojo? Well it’s the new API for writing Andromeda apps, and it comes from Chromium. Mojo was originally created to “extract a common platform out of Chrome's renderer and plugin processes that can support multiple types of sandboxed content.” It seems to have enabled Android apps in Chrome OS, and now it will serve an even more extensive role as the developer API for Andromeda. (Sidenote: as far as I can tell, Native Client is well and truly dead. Pour one out for the valiant effort that was NaCl.) Mojo in Fuchsia features intriguingly extensive language support. C\/C++, Dart, Go, Java, Python, and Rust all have bindings to Mojo. I am guessing that C\/C++ is for native development, Go is for networking, Java is for Android, Python is for scripting, and Rust is for writing portions of the kernel. (Or perhaps Rust's usage is minimal, suggests a commenter on Hacker News.) Mixing and matching languages aside, the main UI API is based on, yes, Dart. Flutter is an existing Google widget framework for apps written in Dart, and it has been repurposed to become the UI framework for Andromeda. Flutter includes a series of Material Design widgets and was engineered to render apps up to 120fps.* I imagine Andromeda’s standard UI components will look similar if not identical to those of Android. A physically based renderer, Escher, is apparently being used to render, well, material elements and perhaps shadows in a high quality manner. I have very strong reservations about Dart as the language of the primary platform API, but it’s best to wait for the fully revealed details before forming an opinion. The reason for Dart is obvious, however: to enable a cross-platform app framework. The pitch will clearly be that developers can write a Flutter app once and have it run on Andromeda, Android, and iOS with minimal extra work, in theory. (Flutter does not target the web.) Even if Andromeda is its full replacement, Android will be a separate developer target for many years given its gigantic installed base. Andromeda's actual app runtime is called Modular, “a post-API programming model that allows applications to cooperate in a shared context without the need to call each other's APIs directly.\" To do this it uses Mojo inter-process communication (IPC) messages, which are exchanged via low-level primitives in the form of message pipes (small amounts of data), data pipes (large amounts of data), and shared buffers. I'm not technically knowledgeable enough to understand how the various languages interface over these IPC calls, and what exactly that enables. The IDL used is the Fuchsia Interface Description Language (FIDL), “an encoding format used to describe [Mojo] interfaces to be used on top of Magenta message pipes. They are the standard way applications talk to each other in Fuchsia.” Right now at least, only C\/C++, Dart, and Go have supported bindings. Dart is thus the main platform language. (My understanding is that Go is not exactly ideal for writing UI apps.) Why Andromeda? Observers have naturally wondered for years if Google would ever unify Android and Chrome OS, in line with Sundar's obvious desires. Despite some questionable half-measures along the way, this will now finally take place. Andromeda will immensely help Google bring together and unify a broad array of in-house technologies, beyond just its two consumer OSes. Andromeda clearly serves Google’s own purposes. The only platforms that the company really supports are the web, Android, and iOS, in that order. I think Windows support is effectively limited to Chrome at this point. Flutter exactly exemplifies this strategy. Google will no longer have to field separate Android and iOS apps and teams, and can now greatly focus its app development efforts. \"More wood behind fewer arrows,\" in other words. Observations: As you would expect, Google submitted patches for Fuchsia to both LLVM and GCC. Interestingly web rendering is currently based on WebKit, but this is simply “meant as a stopgap until Chromium is ported to Fuchsia.” There is a machine learning\/context framework baked into Fuchsia, which seems conceptually similar to the existing Google Awareness API. Questions: What happens to the Android Open Source Project and its huge ecosystem of partners? Does this platform only ship on laptops for its initial release? Will Android Studio be the basis for Andromeda’s IDE? If so, ouch. IDEs written in Java are wildly slow… Would it actually be possible to use languages other than Dart for UI code, analogous to UWP’s support for C# and JavaScript for Windows? At the very least Dart is the native language for Mojo apps, in the same way that C++ is the real native language of UWP, despite the CLR’s projections into UWP. How do you replace the enormous contributions of the Linux kernel and Linaro? It seems like Google will emulate the Linux user space to make its new OS a tractable effort in the first place, such as by supporting ELF binaries. But what about existing massive projects, like an Energy Aware Scheduler? Or will Google continue to utilize much of its existing Linux code for now? Progressing the PC I can think of more than a few (read: one hundred) reasons why you would want to replace Android. I will highlight only one: to completely rewrite the rendering pipeline. The market for Chrome OS meanwhile is of course mostly limited to education, not to diminish it. Andromeda, however, will provide a laptop OS with native apps and backwards compatibility with Android. It could very well look much the same visually as Chrome OS does now, however. I also have to imagine the Android update problem (a symptom of the monolithic Linux kernel, in addition to starting conditions) will at last be solved by Andromeda, but one can never be too sure. The promise of a laptop platform that can bring all the advances of mobile, bereft of the vestiges of PC legacy, while also embracing proven input and interface paradigms is extremely appealing. And si…",
                "fallback": "Tech Specs: Google’s not-so-secret new OS",
                "image_url": "http:\/\/static1.squarespace.com\/static\/52ddf7ffe4b036f86898d43c\/t\/58a38a4803596e0fdbaef3fd\/1487131229752\/?format=1000w",
                "from_url": "https:\/\/techspecs.blog\/blog\/2017\/2\/14\/googles-not-so-secret-new-os",
                "image_width": 324,
                "image_height": 250,
                "image_bytes": 23029,
                "service_icon": "https:\/\/techspecs.blog\/favicon.ico",
                "id": 1
            }
        ],
        "ts": "1487169625.000264"
    },
    {
        "type": "message",
        "user": "U06TD3AUW",
        "text": "I remember reading somewhere that they were looking to replace Java as the main language by creating their own but I didn't know it was the whole OS ",
        "ts": "1487170927.000266"
    },
    {
        "type": "message",
        "user": "U0LPKCLLS",
        "text": "Yeah I heard the same thing, something about Oracle suing Google for using Java lol. I didn't know they were replacing the OS either but I think it's a cool idea trying to integrate mobile and Chrome OS. I've never heard of Dart though, anyone know anything about it? ",
        "ts": "1487176433.000267"
    },
    {
        "type": "message",
        "user": "U0LPKCLLS",
        "text": "The downside is that Chrome OS is very limited but I think by merging the two it will open up Chrome OS to be a more viable OS instead of a glorified web browser",
        "ts": "1487176779.000268"
    },
    {
        "type": "message",
        "user": "U0LPKCLLS",
        "text": "Found this for those interested. Dart doesn't look too different from Java or C++",
        "ts": "1487177067.000269"
    },
    {
        "type": "message",
        "user": "U0LPKCLLS",
        "text": "<https:\/\/www.dartlang.org\/>",
        "attachments": [
            {
                "title": "Dart programming language",
                "title_link": "https:\/\/www.dartlang.org\/",
                "text": "Dart is an application programming language that’s easy to learn, easy to scale, and deployable everywhere.",
                "fallback": "Dart programming language",
                "thumb_url": "https:\/\/www.dartlang.org\/samples\/images\/frontpage-sample.png",
                "from_url": "https:\/\/www.dartlang.org\/",
                "thumb_width": 805,
                "thumb_height": 524,
                "service_icon": "https:\/\/www.dartlang.org\/favicon.ico",
                "service_name": "dartlang.org",
                "id": 1
            }
        ],
        "ts": "1487177068.000270",
        "reactions": [
            {
                "name": "+1",
                "users": [
                    "U06TD3AUW"
                ],
                "count": 1
            }
        ]
    },
    {
        "type": "message",
        "user": "U0JMJDERY",
        "text": "<http:\/\/i.imgur.com\/cv0iEfP.png>",
        "attachments": [
            {
                "fallback": "686x490px image",
                "image_url": "http:\/\/i.imgur.com\/cv0iEfP.png",
                "image_width": 686,
                "image_height": 490,
                "image_bytes": 72436,
                "from_url": "http:\/\/i.imgur.com\/cv0iEfP.png",
                "id": 1
            }
        ],
        "ts": "1487177584.000272",
        "reactions": [
            {
                "name": "joy",
                "users": [
                    "U0KTJE2EM",
                    "U06TD3AUW",
                    "U0Q6DBY7Q",
                    "U2BQ62Z6G",
                    "U06TBPWAW"
                ],
                "count": 5
            },
            {
                "name": "smirk",
                "users": [
                    "U0JMJDERY",
                    "U06STR2NR"
                ],
                "count": 2
            }
        ]
    }
]