[
    {
        "type": "message",
        "user": "U06TD3AUW",
        "text": "Will be heading to Buzzmill in a about an hour to study\/knock out some hw. Can't stay productive at my place. Feel free to join :ok_hand:",
        "ts": "1492654492.771379"
    },
    {
        "type": "message",
        "user": "U0NN52QJ0",
        "text": "I might take you up on that.",
        "ts": "1492654524.774930"
    },
    {
        "type": "message",
        "user": "U0K96PWET",
        "text": "I'm joining",
        "ts": "1492655046.834242"
    },
    {
        "type": "message",
        "user": "U06TD3AUW",
        "text": "Will head out in about 15 min",
        "ts": "1492657293.084510"
    },
    {
        "type": "message",
        "user": "U06TD3AUW",
        "text": "running a bit late, roommate is joining",
        "ts": "1492658754.236257"
    },
    {
        "user": "U51NED8FM",
        "text": "<@U51NED8FM|sean1summers> has joined the channel",
        "type": "message",
        "subtype": "channel_join",
        "ts": "1492666876.047981"
    }
]