[
    {
        "user": "U3ZAPS196",
        "text": "<@U3ZAPS196|wts14> has joined the channel",
        "type": "message",
        "subtype": "channel_join",
        "ts": "1486046269.000167"
    },
    {
        "text": "*This poll is closed. Voting is disabled.*\n<@splitix> used `\/poll`!",
        "username": "subcurrent",
        "icons": {
            "image_48": "https:\/\/s3-us-west-2.amazonaws.com\/slack-files2\/bot_icons\/2017-02-02\/136330718323_48.png"
        },
        "bot_id": "B0L3G6XPA",
        "attachments": [
            {
                "fallback": "Which OS do you prefer to code on?",
                "title": "Which OS do you prefer to code on?",
                "id": 1,
                "color": "35A8E0"
            },
            {
                "callback_id": "y6cQN2B28KYs6aHnP",
                "fallback": "Which OS do you prefer to code on?",
                "id": 2,
                "fields": [
                    {
                        "title": "MacOS",
                        "value": "`▇▇▇▇▇▇▇▇▇▇▇▇▇▇▇▇▇▇▇▇▇▇▇▇▇` 55% (12)\n<@ryanjalufka>, <@ajl71>, <@nathan1324>, <@micah.j>, <@cav92>, +7 more",
                        "short": false
                    },
                    {
                        "title": "Linux",
                        "value": "`▇▇▇▇▇▇▇▇▇▇▇▇▇▇▇` 32% (7)\n<@cgw21>, <@pokemonmegaman>, <@kevin>, <@ggridley>, <@forrest20x6>, +2 more",
                        "short": false
                    },
                    {
                        "title": "Windows",
                        "value": "`▇▇▇▇▇▇` 14% (3)\n<@gnoejuan>, <@blakebordovsky>, <@jcflinn>",
                        "short": false
                    },
                    {
                        "title": "Total votes",
                        "value": "22",
                        "short": true
                    }
                ],
                "actions": [
                    {
                        "id": "1",
                        "name": "view_responses",
                        "text": "View Responses",
                        "type": "button",
                        "value": "MWSLDJSYYSeocaN3n",
                        "style": ""
                    },
                    {
                        "id": "2",
                        "name": "add_comments",
                        "text": "Add a Comment",
                        "type": "button",
                        "value": "MWSLDJSYYSeocaN3n",
                        "style": ""
                    }
                ],
                "mrkdwn_in": [
                    "fields"
                ]
            }
        ],
        "type": "message",
        "subtype": "bot_message",
        "ts": "1486080277.000169",
        "reactions": [
            {
                "name": "apple_inc",
                "users": [
                    "U2BQ62Z6G",
                    "U0LPKCLLS"
                ],
                "count": 2
            },
            {
                "name": "hankey",
                "users": [
                    "U06TD3AUW"
                ],
                "count": 1
            }
        ]
    },
    {
        "type": "message",
        "subtype": "file_share",
        "text": "<@U0JMJDERY|blakebordovsky> uploaded a file: <https:\/\/txstatecs.slack.com\/files\/blakebordovsky\/F40EBV3NZ\/pasted_image_at_2017_02_02_06_06_pm.png|No data>",
        "file": {
            "id": "F40EBV3NZ",
            "created": 1486080392,
            "timestamp": 1486080392,
            "name": "Pasted image at 2017_02_02 06_06 PM.png",
            "title": "No data",
            "mimetype": "image\/png",
            "filetype": "png",
            "pretty_type": "PNG",
            "user": "U0JMJDERY",
            "editable": false,
            "size": 90715,
            "mode": "hosted",
            "is_external": false,
            "external_type": "",
            "is_public": true,
            "public_url_shared": false,
            "display_as_bot": false,
            "username": "",
            "url_private": "https:\/\/files.slack.com\/files-pri\/T06STEZ2L-F40EBV3NZ\/pasted_image_at_2017_02_02_06_06_pm.png?t=xoxe-6911509088-177219117537-177786475698-c3d3bb179c",
            "url_private_download": "https:\/\/files.slack.com\/files-pri\/T06STEZ2L-F40EBV3NZ\/download\/pasted_image_at_2017_02_02_06_06_pm.png?t=xoxe-6911509088-177219117537-177786475698-c3d3bb179c",
            "thumb_64": "https:\/\/files.slack.com\/files-tmb\/T06STEZ2L-F40EBV3NZ-6352e2f6d2\/pasted_image_at_2017_02_02_06_06_pm_64.png?t=xoxe-6911509088-177219117537-177786475698-c3d3bb179c",
            "thumb_80": "https:\/\/files.slack.com\/files-tmb\/T06STEZ2L-F40EBV3NZ-6352e2f6d2\/pasted_image_at_2017_02_02_06_06_pm_80.png?t=xoxe-6911509088-177219117537-177786475698-c3d3bb179c",
            "thumb_360": "https:\/\/files.slack.com\/files-tmb\/T06STEZ2L-F40EBV3NZ-6352e2f6d2\/pasted_image_at_2017_02_02_06_06_pm_360.png?t=xoxe-6911509088-177219117537-177786475698-c3d3bb179c",
            "thumb_360_w": 360,
            "thumb_360_h": 321,
            "thumb_480": "https:\/\/files.slack.com\/files-tmb\/T06STEZ2L-F40EBV3NZ-6352e2f6d2\/pasted_image_at_2017_02_02_06_06_pm_480.png?t=xoxe-6911509088-177219117537-177786475698-c3d3bb179c",
            "thumb_480_w": 480,
            "thumb_480_h": 428,
            "thumb_160": "https:\/\/files.slack.com\/files-tmb\/T06STEZ2L-F40EBV3NZ-6352e2f6d2\/pasted_image_at_2017_02_02_06_06_pm_160.png?t=xoxe-6911509088-177219117537-177786475698-c3d3bb179c",
            "thumb_720": "https:\/\/files.slack.com\/files-tmb\/T06STEZ2L-F40EBV3NZ-6352e2f6d2\/pasted_image_at_2017_02_02_06_06_pm_720.png?t=xoxe-6911509088-177219117537-177786475698-c3d3bb179c",
            "thumb_720_w": 720,
            "thumb_720_h": 642,
            "image_exif_rotation": 1,
            "original_w": 900,
            "original_h": 802,
            "permalink": "https:\/\/txstatecs.slack.com\/files\/blakebordovsky\/F40EBV3NZ\/pasted_image_at_2017_02_02_06_06_pm.png",
            "permalink_public": "https:\/\/slack-files.com\/T06STEZ2L-F40EBV3NZ-115822d7fb",
            "channels": [
                "C06STNWGZ"
            ],
            "groups": [],
            "ims": [],
            "comments_count": 0
        },
        "user": "U0JMJDERY",
        "upload": true,
        "display_as_bot": false,
        "username": "blakebordovsky",
        "bot_id": null,
        "ts": "1486080393.000174"
    },
    {
        "type": "message",
        "user": "U3ZR6FA2G",
        "text": "fixed it",
        "ts": "1486080440.000176"
    },
    {
        "user": "U41309BTR",
        "text": "<@U41309BTR|forrest20x6> has joined the channel",
        "type": "message",
        "subtype": "channel_join",
        "ts": "1486082452.000181",
        "reactions": [
            {
                "name": "raised_hands",
                "users": [
                    "U06TD3AUW"
                ],
                "count": 1
            }
        ]
    },
    {
        "user": "U40B2JQ11",
        "text": "<@U40B2JQ11|kmb104> has joined the channel",
        "type": "message",
        "subtype": "channel_join",
        "ts": "1486089558.000187"
    }
]