[
    {
        "type": "message",
        "subtype": "file_share",
        "text": "<@U06TD3AUW|jcflinn> uploaded a file: <https:\/\/txstatecs.slack.com\/files\/jcflinn\/F4805CZUK\/code.png|txstatecs QR code> and commented: Made a custom QR code to be added to the slack poster I posted earlier. Once added, I'll print out and post around Derrick.",
        "file": {
            "id": "F4805CZUK",
            "created": 1487637410,
            "timestamp": 1487637410,
            "name": "code.png",
            "title": "txstatecs QR code",
            "mimetype": "image\/png",
            "filetype": "png",
            "pretty_type": "PNG",
            "user": "U06TD3AUW",
            "editable": false,
            "size": 527680,
            "mode": "hosted",
            "is_external": false,
            "external_type": "",
            "is_public": true,
            "public_url_shared": false,
            "display_as_bot": false,
            "username": "",
            "url_private": "https:\/\/files.slack.com\/files-pri\/T06STEZ2L-F4805CZUK\/code.png?t=xoxe-6911509088-177219117537-177786475698-c3d3bb179c",
            "url_private_download": "https:\/\/files.slack.com\/files-pri\/T06STEZ2L-F4805CZUK\/download\/code.png?t=xoxe-6911509088-177219117537-177786475698-c3d3bb179c",
            "thumb_64": "https:\/\/files.slack.com\/files-tmb\/T06STEZ2L-F4805CZUK-2202e92482\/code_64.png?t=xoxe-6911509088-177219117537-177786475698-c3d3bb179c",
            "thumb_80": "https:\/\/files.slack.com\/files-tmb\/T06STEZ2L-F4805CZUK-2202e92482\/code_80.png?t=xoxe-6911509088-177219117537-177786475698-c3d3bb179c",
            "thumb_360": "https:\/\/files.slack.com\/files-tmb\/T06STEZ2L-F4805CZUK-2202e92482\/code_360.png?t=xoxe-6911509088-177219117537-177786475698-c3d3bb179c",
            "thumb_360_w": 360,
            "thumb_360_h": 360,
            "thumb_480": "https:\/\/files.slack.com\/files-tmb\/T06STEZ2L-F4805CZUK-2202e92482\/code_480.png?t=xoxe-6911509088-177219117537-177786475698-c3d3bb179c",
            "thumb_480_w": 480,
            "thumb_480_h": 480,
            "thumb_160": "https:\/\/files.slack.com\/files-tmb\/T06STEZ2L-F4805CZUK-2202e92482\/code_160.png?t=xoxe-6911509088-177219117537-177786475698-c3d3bb179c",
            "thumb_720": "https:\/\/files.slack.com\/files-tmb\/T06STEZ2L-F4805CZUK-2202e92482\/code_720.png?t=xoxe-6911509088-177219117537-177786475698-c3d3bb179c",
            "thumb_720_w": 720,
            "thumb_720_h": 720,
            "thumb_960": "https:\/\/files.slack.com\/files-tmb\/T06STEZ2L-F4805CZUK-2202e92482\/code_960.png?t=xoxe-6911509088-177219117537-177786475698-c3d3bb179c",
            "thumb_960_w": 960,
            "thumb_960_h": 960,
            "thumb_1024": "https:\/\/files.slack.com\/files-tmb\/T06STEZ2L-F4805CZUK-2202e92482\/code_1024.png?t=xoxe-6911509088-177219117537-177786475698-c3d3bb179c",
            "thumb_1024_w": 1024,
            "thumb_1024_h": 1024,
            "image_exif_rotation": 1,
            "original_w": 3000,
            "original_h": 3000,
            "permalink": "https:\/\/txstatecs.slack.com\/files\/jcflinn\/F4805CZUK\/code.png",
            "permalink_public": "https:\/\/slack-files.com\/T06STEZ2L-F4805CZUK-25e4f976c3",
            "channels": [
                "C06STNWGZ"
            ],
            "groups": [],
            "ims": [],
            "comments_count": 4,
            "initial_comment": {
                "id": "Fc48NJ095M",
                "created": 1487637410,
                "timestamp": 1487637410,
                "user": "U06TD3AUW",
                "is_intro": true,
                "comment": "Made a custom QR code to be added to the slack poster I posted earlier. Once added, I'll print out and post around Derrick.",
                "channel": ""
            },
            "reactions": [
                {
                    "name": "party_parrot",
                    "users": [
                        "U410X10MT",
                        "U0Q6DBY7Q",
                        "U0JMBJ5M2"
                    ],
                    "count": 3
                }
            ]
        },
        "user": "U06TD3AUW",
        "upload": true,
        "display_as_bot": false,
        "username": "jcflinn",
        "bot_id": null,
        "ts": "1487637415.000289"
    },
    {
        "type": "message",
        "user": "U0L57KVC2",
        "text": "dank",
        "ts": "1487651985.000292"
    }
]