[
    {
        "type": "message",
        "user": "U06TD3AUW",
        "text": "Anyone on campus near the library? I think I left my keys on the second floor :disappointed: ",
        "thread_ts": "1490659732.189342",
        "reply_count": 2,
        "replies": [
            {
                "user": "U468Q6Q4F",
                "ts": "1490659828.202749"
            },
            {
                "user": "U06TD3AUW",
                "ts": "1490661637.441585"
            }
        ],
        "unread_count": 2,
        "ts": "1490659732.189342"
    },
    {
        "type": "message",
        "user": "U468Q6Q4F",
        "text": "<@U06TD3AUW> I am! Just tried calling you ",
        "thread_ts": "1490659732.189342",
        "parent_user_id": "U06TD3AUW",
        "ts": "1490659828.202749"
    },
    {
        "type": "message",
        "user": "U06TD3AUW",
        "text": "OK I'm here",
        "thread_ts": "1490659732.189342",
        "parent_user_id": "U06TD3AUW",
        "ts": "1490661637.441585"
    }
]