[
    {
        "type": "message",
        "user": "U0K96PWET",
        "text": "Well they already gave it to us really",
        "ts": "1488553723.000334"
    },
    {
        "type": "message",
        "user": "U0K96PWET",
        "text": "Last year it was make something to make people better digital citizens",
        "ts": "1488553745.000335",
        "reactions": [
            {
                "name": "+1",
                "users": [
                    "U2BQ62Z6G",
                    "U3UEJFTAR"
                ],
                "count": 2
            }
        ]
    },
    {
        "type": "message",
        "user": "U0K96PWET",
        "text": "And then it's up to you to meet that goal in whatever way you choose. Make an app a website or whatever your team's heart desires.",
        "ts": "1488553784.000336"
    },
    {
        "type": "message",
        "user": "U2BQ62Z6G",
        "text": "ohhhh sweet",
        "ts": "1488556749.000337"
    },
    {
        "type": "message",
        "user": "U0K96PWET",
        "text": "It's a fun time.",
        "ts": "1488556979.000339"
    },
    {
        "type": "message",
        "user": "U0K96PWET",
        "text": "Sign up if you haven't. I dare you.",
        "ts": "1488556985.000340",
        "reactions": [
            {
                "name": "panda_face",
                "users": [
                    "U2BQ62Z6G",
                    "U0Q6DBY7Q"
                ],
                "count": 2
            }
        ]
    },
    {
        "type": "message",
        "user": "U06TD3AUW",
        "text": "One other requirement they had was to incorporate one hardware feature of the phone (gps, camera, Bluetooth, etc) ",
        "ts": "1488558114.000341",
        "reactions": [
            {
                "name": "+1",
                "users": [
                    "U2BQ62Z6G"
                ],
                "count": 1
            }
        ]
    },
    {
        "type": "message",
        "user": "U2BQ62Z6G",
        "text": "hehe I’m signed up :slightly_smiling_face:  no way, hardware, that sounds interesting",
        "ts": "1488562626.000344",
        "reactions": [
            {
                "name": "ditto",
                "users": [
                    "U3UEJFTAR"
                ],
                "count": 1
            }
        ]
    }
]