[
    {
        "user": "U4A7JAF9S",
        "text": "<@U4A7JAF9S|kevneff> has joined the channel",
        "type": "message",
        "subtype": "channel_join",
        "ts": "1487959953.000321"
    },
    {
        "type": "message",
        "subtype": "file_comment",
        "text": "<@U06TD3AUW|jcflinn> commented on <@U06TD3AUW|jcflinn>’s file <https:\/\/txstatecs.slack.com\/files\/jcflinn\/F4805CZUK\/code.png|txstatecs QR code>: <@U0MEFKFU7> I went to <http:\/\/qr-code-generator.com|qr-code-generator.com> and created a custom qr code with the Texas state colors and a logo found on Google. Pretty simple for what it came out looking like! ",
        "file": {
            "id": "F4805CZUK",
            "created": 1487637410,
            "timestamp": 1487637410,
            "name": "code.png",
            "title": "txstatecs QR code",
            "mimetype": "image\/png",
            "filetype": "png",
            "pretty_type": "PNG",
            "user": "U06TD3AUW",
            "editable": false,
            "size": 527680,
            "mode": "hosted",
            "is_external": false,
            "external_type": "",
            "is_public": true,
            "public_url_shared": false,
            "display_as_bot": false,
            "username": "",
            "url_private": "https:\/\/files.slack.com\/files-pri\/T06STEZ2L-F4805CZUK\/code.png?t=xoxe-6911509088-177219117537-177786475698-c3d3bb179c",
            "url_private_download": "https:\/\/files.slack.com\/files-pri\/T06STEZ2L-F4805CZUK\/download\/code.png?t=xoxe-6911509088-177219117537-177786475698-c3d3bb179c",
            "thumb_64": "https:\/\/files.slack.com\/files-tmb\/T06STEZ2L-F4805CZUK-2202e92482\/code_64.png?t=xoxe-6911509088-177219117537-177786475698-c3d3bb179c",
            "thumb_80": "https:\/\/files.slack.com\/files-tmb\/T06STEZ2L-F4805CZUK-2202e92482\/code_80.png?t=xoxe-6911509088-177219117537-177786475698-c3d3bb179c",
            "thumb_360": "https:\/\/files.slack.com\/files-tmb\/T06STEZ2L-F4805CZUK-2202e92482\/code_360.png?t=xoxe-6911509088-177219117537-177786475698-c3d3bb179c",
            "thumb_360_w": 360,
            "thumb_360_h": 360,
            "thumb_480": "https:\/\/files.slack.com\/files-tmb\/T06STEZ2L-F4805CZUK-2202e92482\/code_480.png?t=xoxe-6911509088-177219117537-177786475698-c3d3bb179c",
            "thumb_480_w": 480,
            "thumb_480_h": 480,
            "thumb_160": "https:\/\/files.slack.com\/files-tmb\/T06STEZ2L-F4805CZUK-2202e92482\/code_160.png?t=xoxe-6911509088-177219117537-177786475698-c3d3bb179c",
            "thumb_720": "https:\/\/files.slack.com\/files-tmb\/T06STEZ2L-F4805CZUK-2202e92482\/code_720.png?t=xoxe-6911509088-177219117537-177786475698-c3d3bb179c",
            "thumb_720_w": 720,
            "thumb_720_h": 720,
            "thumb_960": "https:\/\/files.slack.com\/files-tmb\/T06STEZ2L-F4805CZUK-2202e92482\/code_960.png?t=xoxe-6911509088-177219117537-177786475698-c3d3bb179c",
            "thumb_960_w": 960,
            "thumb_960_h": 960,
            "thumb_1024": "https:\/\/files.slack.com\/files-tmb\/T06STEZ2L-F4805CZUK-2202e92482\/code_1024.png?t=xoxe-6911509088-177219117537-177786475698-c3d3bb179c",
            "thumb_1024_w": 1024,
            "thumb_1024_h": 1024,
            "image_exif_rotation": 1,
            "original_w": 3000,
            "original_h": 3000,
            "permalink": "https:\/\/txstatecs.slack.com\/files\/jcflinn\/F4805CZUK\/code.png",
            "permalink_public": "https:\/\/slack-files.com\/T06STEZ2L-F4805CZUK-25e4f976c3",
            "channels": [
                "C06STNWGZ"
            ],
            "groups": [],
            "ims": [],
            "comments_count": 4,
            "initial_comment": {
                "id": "Fc48NJ095M",
                "created": 1487637410,
                "timestamp": 1487637410,
                "user": "U06TD3AUW",
                "is_intro": true,
                "comment": "Made a custom QR code to be added to the slack poster I posted earlier. Once added, I'll print out and post around Derrick.",
                "channel": ""
            },
            "reactions": [
                {
                    "name": "party_parrot",
                    "users": [
                        "U410X10MT",
                        "U0Q6DBY7Q",
                        "U0JMBJ5M2"
                    ],
                    "count": 3
                }
            ]
        },
        "comment": {
            "id": "Fc4A9A17GV",
            "created": 1487963955,
            "timestamp": 1487963955,
            "user": "U06TD3AUW",
            "is_intro": false,
            "comment": "<@U0MEFKFU7> I went to <http:\/\/qr-code-generator.com|qr-code-generator.com> and created a custom qr code with the Texas state colors and a logo found on Google. Pretty simple for what it came out looking like! ",
            "channel": "",
            "reactions": [
                {
                    "name": "+1",
                    "users": [
                        "U0Q6DBY7Q",
                        "U0MEFKFU7"
                    ],
                    "count": 2
                }
            ]
        },
        "is_intro": false,
        "ts": "1487963955.000322"
    },
    {
        "type": "message",
        "subtype": "file_comment",
        "text": "<@U0MEFKFU7|cgw21> commented on <@U06TD3AUW|jcflinn>’s file <https:\/\/txstatecs.slack.com\/files\/jcflinn\/F4805CZUK\/code.png|txstatecs QR code>: Awesome! thanks for the info.",
        "file": {
            "id": "F4805CZUK",
            "created": 1487637410,
            "timestamp": 1487637410,
            "name": "code.png",
            "title": "txstatecs QR code",
            "mimetype": "image\/png",
            "filetype": "png",
            "pretty_type": "PNG",
            "user": "U06TD3AUW",
            "editable": false,
            "size": 527680,
            "mode": "hosted",
            "is_external": false,
            "external_type": "",
            "is_public": true,
            "public_url_shared": false,
            "display_as_bot": false,
            "username": "",
            "url_private": "https:\/\/files.slack.com\/files-pri\/T06STEZ2L-F4805CZUK\/code.png?t=xoxe-6911509088-177219117537-177786475698-c3d3bb179c",
            "url_private_download": "https:\/\/files.slack.com\/files-pri\/T06STEZ2L-F4805CZUK\/download\/code.png?t=xoxe-6911509088-177219117537-177786475698-c3d3bb179c",
            "thumb_64": "https:\/\/files.slack.com\/files-tmb\/T06STEZ2L-F4805CZUK-2202e92482\/code_64.png?t=xoxe-6911509088-177219117537-177786475698-c3d3bb179c",
            "thumb_80": "https:\/\/files.slack.com\/files-tmb\/T06STEZ2L-F4805CZUK-2202e92482\/code_80.png?t=xoxe-6911509088-177219117537-177786475698-c3d3bb179c",
            "thumb_360": "https:\/\/files.slack.com\/files-tmb\/T06STEZ2L-F4805CZUK-2202e92482\/code_360.png?t=xoxe-6911509088-177219117537-177786475698-c3d3bb179c",
            "thumb_360_w": 360,
            "thumb_360_h": 360,
            "thumb_480": "https:\/\/files.slack.com\/files-tmb\/T06STEZ2L-F4805CZUK-2202e92482\/code_480.png?t=xoxe-6911509088-177219117537-177786475698-c3d3bb179c",
            "thumb_480_w": 480,
            "thumb_480_h": 480,
            "thumb_160": "https:\/\/files.slack.com\/files-tmb\/T06STEZ2L-F4805CZUK-2202e92482\/code_160.png?t=xoxe-6911509088-177219117537-177786475698-c3d3bb179c",
            "thumb_720": "https:\/\/files.slack.com\/files-tmb\/T06STEZ2L-F4805CZUK-2202e92482\/code_720.png?t=xoxe-6911509088-177219117537-177786475698-c3d3bb179c",
            "thumb_720_w": 720,
            "thumb_720_h": 720,
            "thumb_960": "https:\/\/files.slack.com\/files-tmb\/T06STEZ2L-F4805CZUK-2202e92482\/code_960.png?t=xoxe-6911509088-177219117537-177786475698-c3d3bb179c",
            "thumb_960_w": 960,
            "thumb_960_h": 960,
            "thumb_1024": "https:\/\/files.slack.com\/files-tmb\/T06STEZ2L-F4805CZUK-2202e92482\/code_1024.png?t=xoxe-6911509088-177219117537-177786475698-c3d3bb179c",
            "thumb_1024_w": 1024,
            "thumb_1024_h": 1024,
            "image_exif_rotation": 1,
            "original_w": 3000,
            "original_h": 3000,
            "permalink": "https:\/\/txstatecs.slack.com\/files\/jcflinn\/F4805CZUK\/code.png",
            "permalink_public": "https:\/\/slack-files.com\/T06STEZ2L-F4805CZUK-25e4f976c3",
            "channels": [
                "C06STNWGZ"
            ],
            "groups": [],
            "ims": [],
            "comments_count": 4,
            "initial_comment": {
                "id": "Fc48NJ095M",
                "created": 1487637410,
                "timestamp": 1487637410,
                "user": "U06TD3AUW",
                "is_intro": true,
                "comment": "Made a custom QR code to be added to the slack poster I posted earlier. Once added, I'll print out and post around Derrick.",
                "channel": ""
            },
            "reactions": [
                {
                    "name": "party_parrot",
                    "users": [
                        "U410X10MT",
                        "U0Q6DBY7Q",
                        "U0JMBJ5M2"
                    ],
                    "count": 3
                }
            ]
        },
        "comment": {
            "id": "Fc4A8TG0HH",
            "created": 1487984345,
            "timestamp": 1487984345,
            "user": "U0MEFKFU7",
            "is_intro": false,
            "comment": "Awesome! thanks for the info.",
            "channel": "",
            "reactions": [
                {
                    "name": "ok_hand",
                    "users": [
                        "U06TD3AUW"
                    ],
                    "count": 1
                }
            ]
        },
        "is_intro": false,
        "ts": "1487984345.000326"
    }
]