[
    {
        "type": "message",
        "user": "U0K96PWET",
        "text": "<!here|@here>  Does anyone have suggestions on an app that reminds the user to take breaks? I tend to get lost in the zone and need a reminder to come back to reality every so often.",
        "ts": "1483974854.000100"
    },
    {
        "type": "message",
        "user": "U0KTJE2EM",
        "text": "you could just do a slack reminder in your personal dm channel `\/remind me every weekday at 2pm to take a coffee break`",
        "ts": "1483975124.000101",
        "reactions": [
            {
                "name": "+1",
                "users": [
                    "U06TD3AUW",
                    "U0JPHMXGQ"
                ],
                "count": 2
            },
            {
                "name": "slack",
                "users": [
                    "U06TD3AUW"
                ],
                "count": 1
            }
        ]
    },
    {
        "type": "message",
        "user": "U0K96PWET",
        "text": "good idea!",
        "ts": "1483975317.000102"
    }
]