[
    {
        "user": "U3W4CL78V",
        "text": "<@U3W4CL78V|kjo15> has joined the channel",
        "type": "message",
        "subtype": "channel_join",
        "ts": "1485305519.000138",
        "reactions": [
            {
                "name": "raised_hands",
                "users": [
                    "U06TD3AUW"
                ],
                "count": 1
            }
        ]
    },
    {
        "user": "U3WNDQY5V",
        "text": "<@U3WNDQY5V|cav92> has joined the channel",
        "type": "message",
        "subtype": "channel_join",
        "ts": "1485307413.000139"
    }
]