[
    {
        "type": "message",
        "user": "U0LPKCLLS",
        "text": "Would anyone possibly be looking for a roommate? I'm trying to move out of my current situation as soon as possible. ",
        "ts": "1484420346.000119"
    },
    {
        "type": "message",
        "user": "U06TD3AUW",
        "text": "You can sleep with me. ",
        "ts": "1484420372.000120",
        "reactions": [
            {
                "name": "bed",
                "users": [
                    "U0LPKCLLS"
                ],
                "count": 1
            },
            {
                "name": "sleeping_accommodation",
                "users": [
                    "U0Q6DBY7Q"
                ],
                "count": 1
            },
            {
                "name": "sleeping",
                "users": [
                    "U0LPKCLLS"
                ],
                "count": 1
            },
            {
                "name": "joy",
                "users": [
                    "U0LPKBHK2"
                ],
                "count": 1
            },
            {
                "name": "westword_bernard",
                "users": [
                    "U0LPKBHK2",
                    "U15TB17AB"
                ],
                "count": 2
            },
            {
                "name": "heart",
                "users": [
                    "U0LPKBHK2",
                    "U15TB17AB"
                ],
                "count": 2
            },
            {
                "name": "westworld_sylvester",
                "users": [
                    "U0LPKBHK2",
                    "U15TB17AB"
                ],
                "count": 2
            }
        ]
    },
    {
        "user": "U2N4SNDQV",
        "text": "<@U2N4SNDQV|e_t82> has left the channel",
        "type": "message",
        "subtype": "channel_leave",
        "ts": "1484427344.000121"
    }
]