[
    {
        "type": "message",
        "subtype": "file_share",
        "text": "<@U0LPKCLLS|micah.j> uploaded a file: <https:\/\/txstatecs.slack.com\/files\/micah.j\/F4G1EVAGZ\/pasted_image_at_2017_03_10_10_55_am.png|lol>",
        "file": {
            "id": "F4G1EVAGZ",
            "created": 1489164938,
            "timestamp": 1489164938,
            "name": "Pasted image at 2017_03_10 10_55 AM.png",
            "title": "lol",
            "mimetype": "image\/png",
            "filetype": "png",
            "pretty_type": "PNG",
            "user": "U0LPKCLLS",
            "editable": false,
            "size": 1733330,
            "mode": "hosted",
            "is_external": false,
            "external_type": "",
            "is_public": true,
            "public_url_shared": false,
            "display_as_bot": false,
            "username": "",
            "url_private": "https:\/\/files.slack.com\/files-pri\/T06STEZ2L-F4G1EVAGZ\/pasted_image_at_2017_03_10_10_55_am.png?t=xoxe-6911509088-177219117537-177786475698-c3d3bb179c",
            "url_private_download": "https:\/\/files.slack.com\/files-pri\/T06STEZ2L-F4G1EVAGZ\/download\/pasted_image_at_2017_03_10_10_55_am.png?t=xoxe-6911509088-177219117537-177786475698-c3d3bb179c",
            "thumb_64": "https:\/\/files.slack.com\/files-tmb\/T06STEZ2L-F4G1EVAGZ-2f36169e96\/pasted_image_at_2017_03_10_10_55_am_64.png?t=xoxe-6911509088-177219117537-177786475698-c3d3bb179c",
            "thumb_80": "https:\/\/files.slack.com\/files-tmb\/T06STEZ2L-F4G1EVAGZ-2f36169e96\/pasted_image_at_2017_03_10_10_55_am_80.png?t=xoxe-6911509088-177219117537-177786475698-c3d3bb179c",
            "thumb_360": "https:\/\/files.slack.com\/files-tmb\/T06STEZ2L-F4G1EVAGZ-2f36169e96\/pasted_image_at_2017_03_10_10_55_am_360.png?t=xoxe-6911509088-177219117537-177786475698-c3d3bb179c",
            "thumb_360_w": 360,
            "thumb_360_h": 202,
            "thumb_480": "https:\/\/files.slack.com\/files-tmb\/T06STEZ2L-F4G1EVAGZ-2f36169e96\/pasted_image_at_2017_03_10_10_55_am_480.png?t=xoxe-6911509088-177219117537-177786475698-c3d3bb179c",
            "thumb_480_w": 480,
            "thumb_480_h": 269,
            "thumb_160": "https:\/\/files.slack.com\/files-tmb\/T06STEZ2L-F4G1EVAGZ-2f36169e96\/pasted_image_at_2017_03_10_10_55_am_160.png?t=xoxe-6911509088-177219117537-177786475698-c3d3bb179c",
            "thumb_720": "https:\/\/files.slack.com\/files-tmb\/T06STEZ2L-F4G1EVAGZ-2f36169e96\/pasted_image_at_2017_03_10_10_55_am_720.png?t=xoxe-6911509088-177219117537-177786475698-c3d3bb179c",
            "thumb_720_w": 720,
            "thumb_720_h": 404,
            "thumb_960": "https:\/\/files.slack.com\/files-tmb\/T06STEZ2L-F4G1EVAGZ-2f36169e96\/pasted_image_at_2017_03_10_10_55_am_960.png?t=xoxe-6911509088-177219117537-177786475698-c3d3bb179c",
            "thumb_960_w": 960,
            "thumb_960_h": 539,
            "thumb_1024": "https:\/\/files.slack.com\/files-tmb\/T06STEZ2L-F4G1EVAGZ-2f36169e96\/pasted_image_at_2017_03_10_10_55_am_1024.png?t=xoxe-6911509088-177219117537-177786475698-c3d3bb179c",
            "thumb_1024_w": 1024,
            "thumb_1024_h": 575,
            "image_exif_rotation": 1,
            "original_w": 1924,
            "original_h": 1080,
            "permalink": "https:\/\/txstatecs.slack.com\/files\/micah.j\/F4G1EVAGZ\/pasted_image_at_2017_03_10_10_55_am.png",
            "permalink_public": "https:\/\/slack-files.com\/T06STEZ2L-F4G1EVAGZ-e516b10406",
            "channels": [
                "C06STNWGZ"
            ],
            "groups": [],
            "ims": [],
            "comments_count": 0,
            "reactions": [
                {
                    "name": "mr_robot_hackerman",
                    "users": [
                        "U0Q6DBY7Q"
                    ],
                    "count": 1
                },
                {
                    "name": "fb_wow",
                    "users": [
                        "U0Q6DBY7Q"
                    ],
                    "count": 1
                }
            ]
        },
        "user": "U0LPKCLLS",
        "upload": true,
        "display_as_bot": false,
        "username": "micah.j",
        "bot_id": null,
        "ts": "1489164944.142971"
    },
    {
        "type": "message",
        "user": "U06TD3AUW",
        "text": "_cringe_",
        "ts": "1489166383.551445"
    },
    {
        "type": "message",
        "user": "U0NN52QJ0",
        "text": "I mean...\nThey're not wrong.",
        "ts": "1489174218.624259",
        "reactions": [
            {
                "name": "gandalf",
                "users": [
                    "U06STR2NR"
                ],
                "count": 1
            }
        ]
    },
    {
        "type": "message",
        "user": "U0JPHMXGQ",
        "text": "I use biology and chemistry every day to make sure I don't die",
        "ts": "1489200005.501769"
    }
]