[
    {
        "user": "U4LEU54H0",
        "text": "<@U4LEU54H0|gina> has joined the channel",
        "type": "message",
        "subtype": "channel_join",
        "ts": "1489937830.839348"
    },
    {
        "user": "U4LCUN2N7",
        "text": "<@U4LCUN2N7|psyberalyen> has joined the channel",
        "type": "message",
        "subtype": "channel_join",
        "ts": "1489938312.866292"
    },
    {
        "user": "U4LJ996BW",
        "text": "<@U4LJ996BW|natep> has joined the channel",
        "type": "message",
        "subtype": "channel_join",
        "ts": "1489971108.826621"
    }
]