[
    {
        "type": "message",
        "user": "U0LPKCLLS",
        "text": "Hey all, so I ended up getting  this job where I'm teaching high school kids how to code once a week and I was wondering if any of the previous or current 1428 lab instructors still had any of the lab exercises. It would be easier to just have them do something similar, where I could tweak it for them instead of making stuff from scratch. #lazyaf",
        "ts": "1485190484.000132",
        "reactions": [
            {
                "name": "officecat",
                "users": [
                    "U0Q6DBY7Q"
                ],
                "count": 1
            },
            {
                "name": "+1",
                "users": [
                    "U06TD3AUW"
                ],
                "count": 1
            }
        ]
    },
    {
        "type": "message",
        "user": "U06TBPWAW",
        "text": "Here is a link to the practice\/sample code and pre labs",
        "ts": "1485190694.000133"
    },
    {
        "type": "message",
        "user": "U06TBPWAW",
        "text": "<https:\/\/cs.txstate.edu\/resources\/labs\/cs1428\/>",
        "ts": "1485190695.000134",
        "reactions": [
            {
                "name": "+1",
                "users": [
                    "U0LPKCLLS",
                    "U06TD3AUW"
                ],
                "count": 2
            }
        ]
    },
    {
        "type": "message",
        "user": "U06TBPWAW",
        "text": "I don't have my Labs anymore",
        "ts": "1485190706.000135"
    },
    {
        "type": "message",
        "user": "U0LPKCLLS",
        "text": "'preciate it",
        "ts": "1485190901.000136"
    },
    {
        "type": "message",
        "user": "U0LPKBHK2",
        "text": "from what i remember there were the following programs: hello world, coke machine, tsuPod, temperature in given month + find hottest day in a year, and few others.",
        "ts": "1485191932.000137"
    }
]