[
    {
        "user": "U3T9JD9SL",
        "text": "<@U3T9JD9SL|squirrel1369> has joined the channel",
        "type": "message",
        "subtype": "channel_join",
        "ts": "1484867659.000125",
        "reactions": [
            {
                "name": "raised_hands",
                "users": [
                    "U06TD3AUW"
                ],
                "count": 1
            }
        ]
    },
    {
        "type": "message",
        "subtype": "file_share",
        "text": "<@U06TD3AUW|jcflinn> uploaded a file: <https:\/\/txstatecs.slack.com\/files\/jcflinn\/F3TD4JVJM\/o9efris.jpeg|It all makes sense now>",
        "file": {
            "id": "F3TD4JVJM",
            "created": 1484888501,
            "timestamp": 1484888501,
            "name": "o9eFrIs.jpeg",
            "title": "It all makes sense now",
            "mimetype": "image\/jpeg",
            "filetype": "jpg",
            "pretty_type": "JPEG",
            "user": "U06TD3AUW",
            "editable": false,
            "size": 38579,
            "mode": "hosted",
            "is_external": false,
            "external_type": "",
            "is_public": true,
            "public_url_shared": false,
            "display_as_bot": false,
            "username": "",
            "url_private": "https:\/\/files.slack.com\/files-pri\/T06STEZ2L-F3TD4JVJM\/o9efris.jpeg?t=xoxe-6911509088-177219117537-177786475698-c3d3bb179c",
            "url_private_download": "https:\/\/files.slack.com\/files-pri\/T06STEZ2L-F3TD4JVJM\/download\/o9efris.jpeg?t=xoxe-6911509088-177219117537-177786475698-c3d3bb179c",
            "thumb_64": "https:\/\/files.slack.com\/files-tmb\/T06STEZ2L-F3TD4JVJM-d1dcb47dcd\/o9efris_64.jpg?t=xoxe-6911509088-177219117537-177786475698-c3d3bb179c",
            "thumb_80": "https:\/\/files.slack.com\/files-tmb\/T06STEZ2L-F3TD4JVJM-d1dcb47dcd\/o9efris_80.jpg?t=xoxe-6911509088-177219117537-177786475698-c3d3bb179c",
            "thumb_360": "https:\/\/files.slack.com\/files-tmb\/T06STEZ2L-F3TD4JVJM-d1dcb47dcd\/o9efris_360.jpg?t=xoxe-6911509088-177219117537-177786475698-c3d3bb179c",
            "thumb_360_w": 235,
            "thumb_360_h": 360,
            "thumb_480": "https:\/\/files.slack.com\/files-tmb\/T06STEZ2L-F3TD4JVJM-d1dcb47dcd\/o9efris_480.jpg?t=xoxe-6911509088-177219117537-177786475698-c3d3bb179c",
            "thumb_480_w": 313,
            "thumb_480_h": 480,
            "thumb_160": "https:\/\/files.slack.com\/files-tmb\/T06STEZ2L-F3TD4JVJM-d1dcb47dcd\/o9efris_160.jpg?t=xoxe-6911509088-177219117537-177786475698-c3d3bb179c",
            "image_exif_rotation": 1,
            "original_w": 465,
            "original_h": 713,
            "permalink": "https:\/\/txstatecs.slack.com\/files\/jcflinn\/F3TD4JVJM\/o9efris.jpeg",
            "permalink_public": "https:\/\/slack-files.com\/T06STEZ2L-F3TD4JVJM-6f739dfb36",
            "channels": [
                "C06STNWGZ"
            ],
            "groups": [],
            "ims": [],
            "comments_count": 0,
            "reactions": [
                {
                    "name": "raised_hands",
                    "users": [
                        "U0KR8R2P9"
                    ],
                    "count": 1
                },
                {
                    "name": "mr_robot_hackerman",
                    "users": [
                        "U2BQ62Z6G"
                    ],
                    "count": 1
                }
            ]
        },
        "user": "U06TD3AUW",
        "upload": true,
        "display_as_bot": false,
        "username": "jcflinn",
        "bot_id": null,
        "ts": "1484888502.000126"
    },
    {
        "type": "message",
        "user": "U2A8CDHGA",
        "text": "<https:\/\/i.redd.it\/f2rjwzv2hoay.png>",
        "attachments": [
            {
                "fallback": "500x498px image",
                "image_url": "https:\/\/i.redd.it\/f2rjwzv2hoay.png",
                "image_width": 500,
                "image_height": 498,
                "image_bytes": 131766,
                "from_url": "https:\/\/i.redd.it\/f2rjwzv2hoay.png",
                "id": 1
            }
        ],
        "ts": "1484894295.000129",
        "reactions": [
            {
                "name": "fb_laugh",
                "users": [
                    "U2BQ62Z6G",
                    "U06TD3AUW"
                ],
                "count": 2
            },
            {
                "name": "skull",
                "users": [
                    "U06STR2NR"
                ],
                "count": 1
            }
        ]
    }
]