[
    {
        "type": "message",
        "user": "U0LPKBHK2",
        "text": "<@U06TD3AUW> your colors are eye killing",
        "ts": "1483539791.000086"
    },
    {
        "type": "message",
        "user": "U06TD3AUW",
        "text": "<@U0LPKBHK2> might need to turn down your screen brightness then! lol The terminal color scheme are pretty much the colors I stare at all day at work in vim and I still have eyes like an eagle :eyes: :bird:  haha",
        "ts": "1483550104.000087",
        "reactions": [
            {
                "name": "bird-person",
                "users": [
                    "U0Q6DBY7Q"
                ],
                "count": 1
            }
        ]
    },
    {
        "type": "message",
        "user": "U0K96PWET",
        "text": "",
        "bot_id": "B1H8K1E14",
        "attachments": [
            {
                "fallback": "giphy: http:\/\/giphy.com\/gifs\/90s-memories-1999-fobYXyyBb6cuI",
                "image_url": "http:\/\/media2.giphy.com\/media\/fobYXyyBb6cuI\/giphy.gif",
                "image_width": 288,
                "image_height": 288,
                "image_bytes": 11664,
                "is_animated": true,
                "title": "eyes like an eagle",
                "footer": "Posted using \/giphy",
                "id": 1,
                "title_link": "http:\/\/giphy.com\/gifs\/90s-memories-1999-fobYXyyBb6cuI"
            }
        ],
        "ts": "1483550146.000088"
    },
    {
        "type": "message",
        "user": "U06TD3AUW",
        "text": "me_irl",
        "ts": "1483550158.000089"
    },
    {
        "type": "message",
        "user": "U0K96PWET",
        "text": "the most accurate giphy has ever been",
        "ts": "1483550168.000090"
    },
    {
        "type": "message",
        "user": "U0K96PWET",
        "text": "it like transcends the meaning of the words",
        "ts": "1483550189.000091",
        "reactions": [
            {
                "name": "joy",
                "users": [
                    "U06TD3AUW",
                    "U0LPKBHK2",
                    "U0Q6DBY7Q"
                ],
                "count": 3
            }
        ]
    },
    {
        "type": "message",
        "user": "U06TD3AUW",
        "text": "<@U0JMJDERY> HAPPY BIRTHDAY BAE! :gift::confetti_ball::tada::balloon::birthday::crown:",
        "ts": "1483550262.000092"
    },
    {
        "type": "message",
        "user": "U06TD3AUW",
        "text": "\/gif birthday boy",
        "ts": "1483550270.000093"
    },
    {
        "text": "",
        "bot_id": "B2A9URYCQ",
        "attachments": [
            {
                "fallback": "<http:\/\/i.123g.us\/c\/birth_kids\/card\/314086.gif>",
                "image_url": "http:\/\/i.123g.us\/c\/birth_kids\/card\/314086.gif",
                "image_width": 315,
                "image_height": 315,
                "image_bytes": 59868,
                "is_animated": true,
                "id": 1
            }
        ],
        "type": "message",
        "subtype": "bot_message",
        "ts": "1483550271.000094"
    },
    {
        "type": "message",
        "user": "U0Q6DBY7Q",
        "text": "",
        "bot_id": "B1H8K1E14",
        "attachments": [
            {
                "fallback": "giphy: http:\/\/giphy.com\/gifs\/bastille-day-dan-smith-band-anzFtKH8Urmhy",
                "image_url": "http:\/\/media4.giphy.com\/media\/anzFtKH8Urmhy\/giphy.gif",
                "image_width": 500,
                "image_height": 624,
                "image_bytes": 856678,
                "is_animated": true,
                "title": "birthday boy",
                "footer": "Posted using \/giphy",
                "id": 1,
                "title_link": "http:\/\/giphy.com\/gifs\/bastille-day-dan-smith-band-anzFtKH8Urmhy"
            }
        ],
        "ts": "1483552284.000096"
    },
    {
        "type": "message",
        "user": "U06TD3AUW",
        "text": "damn daniel",
        "ts": "1483552304.000097"
    },
    {
        "type": "message",
        "user": "U0Q6DBY7Q",
        "text": "Wow that's complicated",
        "ts": "1483552306.000098"
    },
    {
        "type": "message",
        "user": "U0Q6DBY7Q",
        "text": "Lol",
        "ts": "1483552312.000099"
    }
]