[
    {
        "user": "U06TD3AUW",
        "topic": ":rotating_light: WILL BE PURGING THIS CHANNEL AT 5PM :rotating_light:",
        "text": "<@U06TD3AUW|jcflinn> set the channel topic: :rotating_light: WILL BE PURGING THIS CHANNEL AT 5PM :rotating_light:",
        "type": "message",
        "subtype": "channel_topic",
        "ts": "1493745440.024948"
    },
    {
        "type": "message",
        "user": "U0JMBJ5M2",
        "text": "<@U06TD3AUW> purging the channels to get more messages in your message history doesn't work the way you think it does",
        "ts": "1493746532.409398"
    },
    {
        "type": "message",
        "user": "U0JMBJ5M2",
        "text": "That being said, if there is something _really_ important in the message history, we can still retrieve them by exporting the entire message history of slack and getting it from there ",
        "ts": "1493746676.460561"
    },
    {
        "type": "message",
        "user": "U0JMBJ5M2",
        "text": "Plus you can use stuff like <https:\/\/github.com\/hfaran\/slack-export-viewer> if we want to",
        "attachments": [
            {
                "service_name": "GitHub",
                "title": "hfaran\/slack-export-viewer",
                "title_link": "https:\/\/github.com\/hfaran\/slack-export-viewer",
                "text": "slack-export-viewer - A Slack Export archive viewer that allows you to easily view and share your Slack team's export",
                "fallback": "GitHub: hfaran\/slack-export-viewer",
                "from_url": "https:\/\/github.com\/hfaran\/slack-export-viewer",
                "thumb_url": "https:\/\/avatars0.githubusercontent.com\/u\/2450496?v=3&s=400",
                "thumb_width": 56,
                "thumb_height": 56,
                "service_icon": "https:\/\/a.slack-edge.com\/bfaba\/img\/unfurl_icons\/github.png",
                "id": 1
            }
        ],
        "ts": "1493746874.530727"
    },
    {
        "type": "message",
        "user": "U0JMJDERY",
        "text": "Get rekt",
        "ts": "1493746894.537888"
    },
    {
        "type": "message",
        "user": "U06TD3AUW",
        "text": "SlackHQ on twitter verified that deleting the messages (optionally exporting them first using the method you listed) will remove the 10,000 limit message. Trying to find my source I saw yesterday now.",
        "ts": "1493747439.730682"
    },
    {
        "type": "message",
        "user": "U06TD3AUW",
        "text": "Couldn't find the source so I just asked myself",
        "edited": {
            "user": "U06TD3AUW",
            "ts": "1493751312.000000"
        },
        "ts": "1493751298.111926"
    },
    {
        "type": "message",
        "subtype": "file_share",
        "text": "<@U06TD3AUW|jcflinn> uploaded a file: <https:\/\/txstatecs.slack.com\/files\/jcflinn\/F58E93WB1\/pasted_image_at_2017_05_02_01_55_pm.png|Pasted image at 2017 05 02 01 55 PM>",
        "file": {
            "id": "F58E93WB1",
            "created": 1493751323,
            "timestamp": 1493751323,
            "name": "Pasted image at 2017_05_02 01_55 PM.png",
            "title": "Pasted image at 2017 05 02 01 55 PM",
            "mimetype": "image\/png",
            "filetype": "png",
            "pretty_type": "PNG",
            "user": "U06TD3AUW",
            "editable": false,
            "size": 118483,
            "mode": "hosted",
            "is_external": false,
            "external_type": "",
            "is_public": true,
            "public_url_shared": false,
            "display_as_bot": false,
            "username": "",
            "url_private": "https:\/\/files.slack.com\/files-pri\/T06STEZ2L-F58E93WB1\/pasted_image_at_2017_05_02_01_55_pm.png?t=xoxe-6911509088-177219117537-177786475698-c3d3bb179c",
            "url_private_download": "https:\/\/files.slack.com\/files-pri\/T06STEZ2L-F58E93WB1\/download\/pasted_image_at_2017_05_02_01_55_pm.png?t=xoxe-6911509088-177219117537-177786475698-c3d3bb179c",
            "thumb_64": "https:\/\/files.slack.com\/files-tmb\/T06STEZ2L-F58E93WB1-0c52a91b08\/pasted_image_at_2017_05_02_01_55_pm_64.png?t=xoxe-6911509088-177219117537-177786475698-c3d3bb179c",
            "thumb_80": "https:\/\/files.slack.com\/files-tmb\/T06STEZ2L-F58E93WB1-0c52a91b08\/pasted_image_at_2017_05_02_01_55_pm_80.png?t=xoxe-6911509088-177219117537-177786475698-c3d3bb179c",
            "thumb_360": "https:\/\/files.slack.com\/files-tmb\/T06STEZ2L-F58E93WB1-0c52a91b08\/pasted_image_at_2017_05_02_01_55_pm_360.png?t=xoxe-6911509088-177219117537-177786475698-c3d3bb179c",
            "thumb_360_w": 360,
            "thumb_360_h": 198,
            "thumb_480": "https:\/\/files.slack.com\/files-tmb\/T06STEZ2L-F58E93WB1-0c52a91b08\/pasted_image_at_2017_05_02_01_55_pm_480.png?t=xoxe-6911509088-177219117537-177786475698-c3d3bb179c",
            "thumb_480_w": 480,
            "thumb_480_h": 264,
            "thumb_160": "https:\/\/files.slack.com\/files-tmb\/T06STEZ2L-F58E93WB1-0c52a91b08\/pasted_image_at_2017_05_02_01_55_pm_160.png?t=xoxe-6911509088-177219117537-177786475698-c3d3bb179c",
            "thumb_720": "https:\/\/files.slack.com\/files-tmb\/T06STEZ2L-F58E93WB1-0c52a91b08\/pasted_image_at_2017_05_02_01_55_pm_720.png?t=xoxe-6911509088-177219117537-177786475698-c3d3bb179c",
            "thumb_720_w": 720,
            "thumb_720_h": 395,
            "thumb_800": "https:\/\/files.slack.com\/files-tmb\/T06STEZ2L-F58E93WB1-0c52a91b08\/pasted_image_at_2017_05_02_01_55_pm_800.png?t=xoxe-6911509088-177219117537-177786475698-c3d3bb179c",
            "thumb_800_w": 800,
            "thumb_800_h": 439,
            "thumb_960": "https:\/\/files.slack.com\/files-tmb\/T06STEZ2L-F58E93WB1-0c52a91b08\/pasted_image_at_2017_05_02_01_55_pm_960.png?t=xoxe-6911509088-177219117537-177786475698-c3d3bb179c",
            "thumb_960_w": 960,
            "thumb_960_h": 527,
            "thumb_1024": "https:\/\/files.slack.com\/files-tmb\/T06STEZ2L-F58E93WB1-0c52a91b08\/pasted_image_at_2017_05_02_01_55_pm_1024.png?t=xoxe-6911509088-177219117537-177786475698-c3d3bb179c",
            "thumb_1024_w": 1024,
            "thumb_1024_h": 562,
            "image_exif_rotation": 1,
            "original_w": 1116,
            "original_h": 613,
            "permalink": "https:\/\/txstatecs.slack.com\/files\/jcflinn\/F58E93WB1\/pasted_image_at_2017_05_02_01_55_pm.png",
            "permalink_public": "https:\/\/slack-files.com\/T06STEZ2L-F58E93WB1-e9460d102d",
            "channels": [
                "C06STNWGZ"
            ],
            "groups": [],
            "ims": [],
            "comments_count": 0
        },
        "user": "U06TD3AUW",
        "upload": true,
        "display_as_bot": false,
        "username": "jcflinn",
        "bot_id": null,
        "ts": "1493751329.123478"
    },
    {
        "type": "message",
        "subtype": "file_share",
        "text": "<@U06TD3AUW|jcflinn> uploaded a file: <https:\/\/txstatecs.slack.com\/files\/jcflinn\/F57LWD3MZ\/image.png|Verification from Slack support> and commented: Alright with it now verified, I'll begin the purge.",
        "file": {
            "id": "F57LWD3MZ",
            "created": 1493763346,
            "timestamp": 1493763346,
            "name": "image.png",
            "title": "Verification from Slack support",
            "mimetype": "image\/png",
            "filetype": "png",
            "pretty_type": "PNG",
            "user": "U06TD3AUW",
            "editable": false,
            "size": 35269,
            "mode": "hosted",
            "is_external": false,
            "external_type": "",
            "is_public": true,
            "public_url_shared": false,
            "display_as_bot": false,
            "username": "",
            "url_private": "https:\/\/files.slack.com\/files-pri\/T06STEZ2L-F57LWD3MZ\/image.png?t=xoxe-6911509088-177219117537-177786475698-c3d3bb179c",
            "url_private_download": "https:\/\/files.slack.com\/files-pri\/T06STEZ2L-F57LWD3MZ\/download\/image.png?t=xoxe-6911509088-177219117537-177786475698-c3d3bb179c",
            "thumb_64": "https:\/\/files.slack.com\/files-tmb\/T06STEZ2L-F57LWD3MZ-8053d3ab5a\/image_64.png?t=xoxe-6911509088-177219117537-177786475698-c3d3bb179c",
            "thumb_80": "https:\/\/files.slack.com\/files-tmb\/T06STEZ2L-F57LWD3MZ-8053d3ab5a\/image_80.png?t=xoxe-6911509088-177219117537-177786475698-c3d3bb179c",
            "thumb_360": "https:\/\/files.slack.com\/files-tmb\/T06STEZ2L-F57LWD3MZ-8053d3ab5a\/image_360.png?t=xoxe-6911509088-177219117537-177786475698-c3d3bb179c",
            "thumb_360_w": 360,
            "thumb_360_h": 232,
            "thumb_480": "https:\/\/files.slack.com\/files-tmb\/T06STEZ2L-F57LWD3MZ-8053d3ab5a\/image_480.png?t=xoxe-6911509088-177219117537-177786475698-c3d3bb179c",
            "thumb_480_w": 480,
            "thumb_480_h": 310,
            "thumb_160": "https:\/\/files.slack.com\/files-tmb\/T06STEZ2L-F57LWD3MZ-8053d3ab5a\/image_160.png?t=xoxe-6911509088-177219117537-177786475698-c3d3bb179c",
            "image_exif_rotation": 1,
            "original_w": 499,
            "original_h": 322,
            "permalink": "https:\/\/txstatecs.slack.com\/files\/jcflinn\/F57LWD3MZ\/image.png",
            "permalink_public": "https:\/\/slack-files.com\/T06STEZ2L-F57LWD3MZ-601cd1dc12",
            "channels": [
                "C06STNWGZ"
            ],
            "groups": [],
            "ims": [],
            "comments_count": 1,
            "initial_comment": {
                "id": "Fc573CP8HW",
                "created": 1493763346,
                "timestamp": 1493763346,
                "user": "U06TD3AUW",
                "is_intro": true,
                "comment": "Alright with it now verified, I'll begin the purge.",
                "channel": ""
            }
        },
        "user": "U06TD3AUW",
        "upload": true,
        "display_as_bot": false,
        "username": "jcflinn",
        "bot_id": null,
        "ts": "1493763350.794747"
    },
    {
        "type": "message",
        "user": "U06TD3AUW",
        "text": "I will export the messages first though",
        "ts": "1493763486.823137"
    },
    {
        "type": "message",
        "user": "U0LPKBHK2",
        "text": "Sounds like we all got to clean our DMs... ",
        "ts": "1493763529.831990"
    },
    {
        "type": "message",
        "user": "U0LPKBHK2",
        "text": "Feel no mercy and ditch everyone in your DMs))",
        "ts": "1493763557.837483"
    },
    {
        "type": "message",
        "user": "U0LPKBHK2",
        "text": ":open_mouth: ",
        "ts": "1493763566.839479"
    },
    {
        "type": "message",
        "user": "U06TD3AUW",
        "text": "purging the main channels should be enough to not need a DM purge, but just in case it isn't, I will be requesting volunteers to delete theirs.\n\nSo now would be the time to slide into some DMs if you've been hesitant :stuck_out_tongue_winking_eye:",
        "ts": "1493763657.858160"
    },
    {
        "type": "message",
        "user": "U0LPKBHK2",
        "text": "I'll delete some of private channels when I get home tonight  ",
        "ts": "1493763753.877698",
        "reactions": [
            {
                "name": "+1",
                "users": [
                    "U06TD3AUW"
                ],
                "count": 1
            }
        ]
    },
    {
        "type": "message",
        "user": "U0LPKBHK2",
        "text": ":wink: no problemo Flinn",
        "ts": "1493763777.882583"
    },
    {
        "type": "message",
        "user": "U06TD3AUW",
        "text": "It might tell you that you can only \"archive\" private channels, so just go ahead and do that",
        "ts": "1493763777.882727",
        "reactions": [
            {
                "name": "+1",
                "users": [
                    "U0LPKBHK2"
                ],
                "count": 1
            },
            {
                "name": "upside_down_face",
                "users": [
                    "U0LPKBHK2"
                ],
                "count": 1
            }
        ]
    },
    {
        "type": "message",
        "user": "U06TD3AUW",
        "text": "let me know if it also requires admin approval",
        "ts": "1493763818.890477"
    }
]