[
    {
        "user": "U48P70A8G",
        "text": "<@U48P70A8G|blw71> has joined the channel",
        "type": "message",
        "subtype": "channel_join",
        "ts": "1487862722.000314"
    },
    {
        "type": "message",
        "subtype": "file_share",
        "text": "<@U0JMBJ5M2|pokemonmegaman> uploaded a file: <https:\/\/txstatecs.slack.com\/files\/pokemonmegaman\/F49JZL29J\/qr__1_.png|jason do you even QR bro>",
        "file": {
            "id": "F49JZL29J",
            "created": 1487870047,
            "timestamp": 1487870047,
            "name": "qr (1).png",
            "title": "jason do you even QR bro",
            "mimetype": "image\/png",
            "filetype": "png",
            "pretty_type": "PNG",
            "user": "U0JMBJ5M2",
            "editable": false,
            "size": 7613,
            "mode": "hosted",
            "is_external": false,
            "external_type": "",
            "is_public": true,
            "public_url_shared": false,
            "display_as_bot": false,
            "username": "",
            "url_private": "https:\/\/files.slack.com\/files-pri\/T06STEZ2L-F49JZL29J\/qr__1_.png?t=xoxe-6911509088-177219117537-177786475698-c3d3bb179c",
            "url_private_download": "https:\/\/files.slack.com\/files-pri\/T06STEZ2L-F49JZL29J\/download\/qr__1_.png?t=xoxe-6911509088-177219117537-177786475698-c3d3bb179c",
            "thumb_64": "https:\/\/files.slack.com\/files-tmb\/T06STEZ2L-F49JZL29J-5326a1f65d\/qr__1__64.png?t=xoxe-6911509088-177219117537-177786475698-c3d3bb179c",
            "thumb_80": "https:\/\/files.slack.com\/files-tmb\/T06STEZ2L-F49JZL29J-5326a1f65d\/qr__1__80.png?t=xoxe-6911509088-177219117537-177786475698-c3d3bb179c",
            "thumb_360": "https:\/\/files.slack.com\/files-tmb\/T06STEZ2L-F49JZL29J-5326a1f65d\/qr__1__360.png?t=xoxe-6911509088-177219117537-177786475698-c3d3bb179c",
            "thumb_360_w": 246,
            "thumb_360_h": 246,
            "thumb_160": "https:\/\/files.slack.com\/files-tmb\/T06STEZ2L-F49JZL29J-5326a1f65d\/qr__1__160.png?t=xoxe-6911509088-177219117537-177786475698-c3d3bb179c",
            "image_exif_rotation": 1,
            "original_w": 246,
            "original_h": 246,
            "permalink": "https:\/\/txstatecs.slack.com\/files\/pokemonmegaman\/F49JZL29J\/qr__1_.png",
            "permalink_public": "https:\/\/slack-files.com\/T06STEZ2L-F49JZL29J-f03bbb6b64",
            "channels": [
                "C06STNWGZ"
            ],
            "groups": [],
            "ims": [],
            "comments_count": 0
        },
        "user": "U0JMBJ5M2",
        "upload": true,
        "display_as_bot": false,
        "username": "pokemonmegaman",
        "bot_id": null,
        "ts": "1487870049.000315"
    },
    {
        "type": "message",
        "user": "U0JMBJ5M2",
        "text": "and yeah, you can actually scan it",
        "ts": "1487870220.000316"
    },
    {
        "type": "message",
        "subtype": "file_share",
        "text": "<@U0JMBJ5M2|pokemonmegaman> uploaded a file: <https:\/\/txstatecs.slack.com\/files\/pokemonmegaman\/F49KRE1DK\/qr__2_.png|or maybe this one works too>",
        "file": {
            "id": "F49KRE1DK",
            "created": 1487870526,
            "timestamp": 1487870526,
            "name": "qr (2).png",
            "title": "or maybe this one works too",
            "mimetype": "image\/png",
            "filetype": "png",
            "pretty_type": "PNG",
            "user": "U0JMBJ5M2",
            "editable": false,
            "size": 11969,
            "mode": "hosted",
            "is_external": false,
            "external_type": "",
            "is_public": true,
            "public_url_shared": false,
            "display_as_bot": false,
            "username": "",
            "url_private": "https:\/\/files.slack.com\/files-pri\/T06STEZ2L-F49KRE1DK\/qr__2_.png?t=xoxe-6911509088-177219117537-177786475698-c3d3bb179c",
            "url_private_download": "https:\/\/files.slack.com\/files-pri\/T06STEZ2L-F49KRE1DK\/download\/qr__2_.png?t=xoxe-6911509088-177219117537-177786475698-c3d3bb179c",
            "thumb_64": "https:\/\/files.slack.com\/files-tmb\/T06STEZ2L-F49KRE1DK-8a182d28d3\/qr__2__64.png?t=xoxe-6911509088-177219117537-177786475698-c3d3bb179c",
            "thumb_80": "https:\/\/files.slack.com\/files-tmb\/T06STEZ2L-F49KRE1DK-8a182d28d3\/qr__2__80.png?t=xoxe-6911509088-177219117537-177786475698-c3d3bb179c",
            "thumb_360": "https:\/\/files.slack.com\/files-tmb\/T06STEZ2L-F49KRE1DK-8a182d28d3\/qr__2__360.png?t=xoxe-6911509088-177219117537-177786475698-c3d3bb179c",
            "thumb_360_w": 246,
            "thumb_360_h": 246,
            "thumb_160": "https:\/\/files.slack.com\/files-tmb\/T06STEZ2L-F49KRE1DK-8a182d28d3\/qr__2__160.png?t=xoxe-6911509088-177219117537-177786475698-c3d3bb179c",
            "image_exif_rotation": 1,
            "original_w": 246,
            "original_h": 246,
            "permalink": "https:\/\/txstatecs.slack.com\/files\/pokemonmegaman\/F49KRE1DK\/qr__2_.png",
            "permalink_public": "https:\/\/slack-files.com\/T06STEZ2L-F49KRE1DK-cbe1613841",
            "channels": [
                "C06STNWGZ"
            ],
            "groups": [],
            "ims": [],
            "comments_count": 0,
            "reactions": [
                {
                    "name": "100",
                    "users": [
                        "U06TD3AUW"
                    ],
                    "count": 1
                }
            ]
        },
        "user": "U0JMBJ5M2",
        "upload": true,
        "display_as_bot": false,
        "username": "pokemonmegaman",
        "bot_id": null,
        "ts": "1487870527.000317"
    },
    {
        "type": "message",
        "user": "U0LPKBHK2",
        "text": "He will kiss your bum for that ",
        "ts": "1487886930.000319"
    },
    {
        "type": "message",
        "subtype": "file_comment",
        "text": "<@U0MEFKFU7|cgw21> commented on <@U06TD3AUW|jcflinn>’s file <https:\/\/txstatecs.slack.com\/files\/jcflinn\/F4805CZUK\/code.png|txstatecs QR code>: howd you go about making this?",
        "file": {
            "id": "F4805CZUK",
            "created": 1487637410,
            "timestamp": 1487637410,
            "name": "code.png",
            "title": "txstatecs QR code",
            "mimetype": "image\/png",
            "filetype": "png",
            "pretty_type": "PNG",
            "user": "U06TD3AUW",
            "editable": false,
            "size": 527680,
            "mode": "hosted",
            "is_external": false,
            "external_type": "",
            "is_public": true,
            "public_url_shared": false,
            "display_as_bot": false,
            "username": "",
            "url_private": "https:\/\/files.slack.com\/files-pri\/T06STEZ2L-F4805CZUK\/code.png?t=xoxe-6911509088-177219117537-177786475698-c3d3bb179c",
            "url_private_download": "https:\/\/files.slack.com\/files-pri\/T06STEZ2L-F4805CZUK\/download\/code.png?t=xoxe-6911509088-177219117537-177786475698-c3d3bb179c",
            "thumb_64": "https:\/\/files.slack.com\/files-tmb\/T06STEZ2L-F4805CZUK-2202e92482\/code_64.png?t=xoxe-6911509088-177219117537-177786475698-c3d3bb179c",
            "thumb_80": "https:\/\/files.slack.com\/files-tmb\/T06STEZ2L-F4805CZUK-2202e92482\/code_80.png?t=xoxe-6911509088-177219117537-177786475698-c3d3bb179c",
            "thumb_360": "https:\/\/files.slack.com\/files-tmb\/T06STEZ2L-F4805CZUK-2202e92482\/code_360.png?t=xoxe-6911509088-177219117537-177786475698-c3d3bb179c",
            "thumb_360_w": 360,
            "thumb_360_h": 360,
            "thumb_480": "https:\/\/files.slack.com\/files-tmb\/T06STEZ2L-F4805CZUK-2202e92482\/code_480.png?t=xoxe-6911509088-177219117537-177786475698-c3d3bb179c",
            "thumb_480_w": 480,
            "thumb_480_h": 480,
            "thumb_160": "https:\/\/files.slack.com\/files-tmb\/T06STEZ2L-F4805CZUK-2202e92482\/code_160.png?t=xoxe-6911509088-177219117537-177786475698-c3d3bb179c",
            "thumb_720": "https:\/\/files.slack.com\/files-tmb\/T06STEZ2L-F4805CZUK-2202e92482\/code_720.png?t=xoxe-6911509088-177219117537-177786475698-c3d3bb179c",
            "thumb_720_w": 720,
            "thumb_720_h": 720,
            "thumb_960": "https:\/\/files.slack.com\/files-tmb\/T06STEZ2L-F4805CZUK-2202e92482\/code_960.png?t=xoxe-6911509088-177219117537-177786475698-c3d3bb179c",
            "thumb_960_w": 960,
            "thumb_960_h": 960,
            "thumb_1024": "https:\/\/files.slack.com\/files-tmb\/T06STEZ2L-F4805CZUK-2202e92482\/code_1024.png?t=xoxe-6911509088-177219117537-177786475698-c3d3bb179c",
            "thumb_1024_w": 1024,
            "thumb_1024_h": 1024,
            "image_exif_rotation": 1,
            "original_w": 3000,
            "original_h": 3000,
            "permalink": "https:\/\/txstatecs.slack.com\/files\/jcflinn\/F4805CZUK\/code.png",
            "permalink_public": "https:\/\/slack-files.com\/T06STEZ2L-F4805CZUK-25e4f976c3",
            "channels": [
                "C06STNWGZ"
            ],
            "groups": [],
            "ims": [],
            "comments_count": 4,
            "initial_comment": {
                "id": "Fc48NJ095M",
                "created": 1487637410,
                "timestamp": 1487637410,
                "user": "U06TD3AUW",
                "is_intro": true,
                "comment": "Made a custom QR code to be added to the slack poster I posted earlier. Once added, I'll print out and post around Derrick.",
                "channel": ""
            },
            "reactions": [
                {
                    "name": "party_parrot",
                    "users": [
                        "U410X10MT",
                        "U0Q6DBY7Q",
                        "U0JMBJ5M2"
                    ],
                    "count": 3
                }
            ]
        },
        "comment": {
            "id": "Fc4AEAQ8F8",
            "created": 1487894858,
            "timestamp": 1487894858,
            "user": "U0MEFKFU7",
            "is_intro": false,
            "comment": "howd you go about making this?",
            "channel": ""
        },
        "is_intro": false,
        "ts": "1487894858.000320"
    }
]