[
    {
        "user": "U48AANVJ7",
        "text": "<@U48AANVJ7|akp> has joined the channel",
        "type": "message",
        "subtype": "channel_join",
        "ts": "1487697023.000294"
    },
    {
        "type": "message",
        "user": "U0K96PWET",
        "text": "But am I? <http:\/\/amiarealdeveloper.com\/>",
        "attachments": [
            {
                "title": "Am I a Real Developer",
                "title_link": "http:\/\/amiarealdeveloper.com\/",
                "text": "Find out if you're a 'REAL' Developer",
                "fallback": "Am I a Real Developer",
                "image_url": "http:\/\/elifitch.github.io\/am-i-a-real-developer\/social.png",
                "from_url": "http:\/\/amiarealdeveloper.com\/",
                "image_width": 500,
                "image_height": 250,
                "image_bytes": 58061,
                "service_icon": "http:\/\/amiarealdeveloper.com\/favicon.ico",
                "service_name": "amiarealdeveloper.com",
                "id": 1
            }
        ],
        "ts": "1487710791.000295",
        "reactions": [
            {
                "name": "joy",
                "users": [
                    "U0KTJE2EM",
                    "U0Q6DBY7Q",
                    "U0LPKBHK2",
                    "U06TD3AUW"
                ],
                "count": 4
            },
            {
                "name": "fire",
                "users": [
                    "U2BQ62Z6G"
                ],
                "count": 1
            },
            {
                "name": "hankey",
                "users": [
                    "U06STR2NR"
                ],
                "count": 1
            }
        ]
    },
    {
        "type": "message",
        "user": "U3ZR6FA2G",
        "text": "that website turned my computer into a jet engine",
        "ts": "1487711662.000298",
        "reactions": [
            {
                "name": "aw_yeah",
                "users": [
                    "U0K96PWET"
                ],
                "count": 1
            }
        ]
    },
    {
        "type": "message",
        "user": "U2BQ62Z6G",
        "text": "wow love that dudes designs",
        "ts": "1487712464.000302"
    },
    {
        "type": "message",
        "user": "U0K96PWET",
        "text": "For real",
        "ts": "1487712682.000303"
    },
    {
        "user": "U49AL4F2B",
        "text": "<@U49AL4F2B|bredmon1998> has joined the channel",
        "type": "message",
        "subtype": "channel_join",
        "ts": "1487725345.000307"
    },
    {
        "user": "U48KNPNKC",
        "text": "<@U48KNPNKC|m_w258> has joined the channel",
        "type": "message",
        "subtype": "channel_join",
        "ts": "1487725357.000308"
    },
    {
        "user": "U47V4EFAM",
        "text": "<@U47V4EFAM|simonbeymer> has joined the channel",
        "type": "message",
        "subtype": "channel_join",
        "ts": "1487725414.000309"
    }
]