[
    {
        "type": "message",
        "user": "U0KN45G2W",
        "text": "I have one extra pass to Pax South for this Saturday in San Antonio if anyone is interested.  These are all sold out and I’m selling it for face value $35.",
        "edited": {
            "user": "U0KN45G2W",
            "ts": "1485538934.000000"
        },
        "ts": "1485538906.000150",
        "reactions": [
            {
                "name": "video_game",
                "users": [
                    "U0K96PWET",
                    "U06TD3AUW"
                ],
                "count": 2
            }
        ]
    },
    {
        "type": "message",
        "user": "U0K96PWET",
        "text": "If I wasn't going to Bacon and Beer Fest I'd grab it.",
        "ts": "1485555211.000152"
    }
]