[
    {
        "type": "message",
        "user": "U0Q6DBY7Q",
        "text": "<http:\/\/www.theonion.com\/video\/apple-introduces-revolutionary-new-laptop-with-no--14299>",
        "attachments": [
            {
                "title": "Apple Introduces Revolutionary New Laptop With No Keyboard",
                "title_link": "http:\/\/www.theonion.com\/video\/apple-introduces-revolutionary-new-laptop-with-no--14299",
                "fallback": "Apple Introduces Revolutionary New Laptop With No Keyboard",
                "image_url": "http:\/\/images2.onionstatic.com\/onion\/1021\/1\/16x9\/600.jpg",
                "from_url": "http:\/\/www.theonion.com\/video\/apple-introduces-revolutionary-new-laptop-with-no--14299",
                "image_width": 444,
                "image_height": 250,
                "image_bytes": 26695,
                "service_icon": "http:\/\/www.theonion.com\/apple-touch-icon.png",
                "service_name": "theonion.com",
                "id": 1
            }
        ],
        "ts": "1490716950.200039"
    },
    {
        "type": "message",
        "user": "U0Q6DBY7Q",
        "text": "We watched this yesterday in class and it was hilarious ^^^",
        "ts": "1490716981.212306"
    },
    {
        "user": "U4QC46R6C",
        "text": "<@U4QC46R6C|blr76> has joined the channel",
        "type": "message",
        "subtype": "channel_join",
        "ts": "1490738349.345521"
    }
]