[
    {
        "type": "message",
        "user": "U0JMBJ5M2",
        "text": "Is it just me, or is &lt;div&gt; an absolutely terrible name for a diversity related hackathon?  (Seeing that &lt;div&gt; is short for division)",
        "ts": "1488826686.000350",
        "reactions": [
            {
                "name": "joy",
                "users": [
                    "U0JM8P3F0"
                ],
                "count": 1
            }
        ]
    },
    {
        "type": "message",
        "user": "U0JMBJ5M2",
        "text": "They should have called it the `*` hackathon :)",
        "ts": "1488826723.000351"
    },
    {
        "type": "message",
        "user": "U06TD3AUW",
        "text": "The cat butt hackathon?",
        "ts": "1488826735.000352",
        "reactions": [
            {
                "name": "cat2",
                "users": [
                    "U0Q6DBY7Q"
                ],
                "count": 1
            },
            {
                "name": "omglol",
                "users": [
                    "U0Q6DBY7Q",
                    "U2BQ62Z6G"
                ],
                "count": 2
            },
            {
                "name": "joy",
                "users": [
                    "U0Q6DBY7Q"
                ],
                "count": 1
            }
        ]
    },
    {
        "type": "message",
        "user": "U0Q6DBY7Q",
        "text": "When I saw the email it took me a second to realize that was the name and not just random broken &lt;div&gt; tags. ",
        "ts": "1488827223.000353"
    },
    {
        "type": "message",
        "user": "U0L57KVC2",
        "text": "Or the '''void*'''hackathon",
        "edited": {
            "user": "U0L57KVC2",
            "ts": "1488834094.000000"
        },
        "ts": "1488834067.000358"
    }
]